Datetime,Close
2021-11-02 09:30:00-04:00,15628.1025390625
2021-11-02 10:30:00-04:00,15637.3193359375
2021-11-02 11:30:00-04:00,15623.451171875
2021-11-02 12:30:00-04:00,15610.77734375
2021-11-02 13:30:00-04:00,15605.1015625
2021-11-02 14:30:00-04:00,15635.92578125
2021-11-02 15:30:00-04:00,15649.98046875
2021-11-03 09:30:00-04:00,15654.505859375
2021-11-03 10:30:00-04:00,15665.76953125
2021-11-03 11:30:00-04:00,15670.4560546875
2021-11-03 12:30:00-04:00,15665.2705078125
2021-11-03 13:30:00-04:00,15706.9951171875
2021-11-03 14:30:00-04:00,15784.9306640625
2021-11-03 15:30:00-04:00,15809.6484375
2021-11-04 09:30:00-04:00,15937.4658203125
2021-11-04 10:30:00-04:00,15868.55859375
2021-11-04 11:30:00-04:00,15911.5419921875
2021-11-04 12:30:00-04:00,15923.634765625
2021-11-04 13:30:00-04:00,15951.5791015625
2021-11-04 14:30:00-04:00,15933.9228515625
2021-11-04 15:30:00-04:00,15941.05078125
2021-11-05 09:30:00-04:00,16024.787109375
2021-11-05 10:30:00-04:00,16017.66015625
2021-11-05 11:30:00-04:00,16020.4697265625
2021-11-05 12:30:00-04:00,15903.53125
2021-11-05 13:30:00-04:00,15967.3759765625
2021-11-05 14:30:00-04:00,15956.4130859375
2021-11-05 15:30:00-04:00,15967.0224609375
2021-11-08 09:30:00-05:00,16002.4228515625
2021-11-08 10:30:00-05:00,16017.0283203125
2021-11-08 11:30:00-05:00,15984.7900390625
2021-11-08 12:30:00-05:00,16009.4580078125
2021-11-08 13:30:00-05:00,15990.7724609375
2021-11-08 14:30:00-05:00,16001.2431640625
2021-11-08 15:30:00-05:00,15981.328125
2021-11-09 09:30:00-05:00,15899.568359375
2021-11-09 10:30:00-05:00,15899.568359375
2021-11-09 11:30:00-05:00,15871.47265625
2021-11-09 12:30:00-05:00,15865.8369140625
2021-11-09 13:30:00-05:00,15880.1171875
2021-11-09 14:30:00-05:00,15867.3994140625
2021-11-09 15:30:00-05:00,15887.4130859375
2021-11-10 09:30:00-05:00,15835.98828125
2021-11-10 10:30:00-05:00,15807.8662109375
2021-11-10 11:30:00-05:00,15780.9814453125
2021-11-10 12:30:00-05:00,15705.85546875
2021-11-10 13:30:00-05:00,15582.98046875
2021-11-10 14:30:00-05:00,15627.9345703125
2021-11-10 15:30:00-05:00,15622.2158203125
2021-11-11 09:30:00-05:00,15719.0673828125
2021-11-11 10:30:00-05:00,15737.5107421875
2021-11-11 11:30:00-05:00,15725.8017578125
2021-11-11 12:30:00-05:00,15727.060546875
2021-11-11 13:30:00-05:00,15735.279296875
2021-11-11 14:30:00-05:00,15711.546875
2021-11-11 15:30:00-05:00,15703.419921875
2021-11-12 09:30:00-05:00,15744.3173828125
2021-11-12 10:30:00-05:00,15836.1328125
2021-11-12 11:30:00-05:00,15843.8369140625
2021-11-12 12:30:00-05:00,15837.232421875
2021-11-12 13:30:00-05:00,15832.2470703125
2021-11-12 14:30:00-05:00,15858.7392578125
2021-11-12 15:30:00-05:00,15862.6982421875
2021-11-15 09:30:00-05:00,15844.0791015625
2021-11-15 10:30:00-05:00,15848.029296875
2021-11-15 11:30:00-05:00,15788.974609375
2021-11-15 12:30:00-05:00,15826.1669921875
2021-11-15 13:30:00-05:00,15811.1396484375
2021-11-15 14:30:00-05:00,15863.767578125
2021-11-15 15:30:00-05:00,15856.9638671875
2021-11-16 09:30:00-05:00,15858.4013671875
2021-11-16 10:30:00-05:00,15944.9990234375
2021-11-16 11:30:00-05:00,15957.5869140625
2021-11-16 12:30:00-05:00,15961.517578125
2021-11-16 13:30:00-05:00,15978.9345703125
2021-11-16 14:30:00-05:00,15974.0185546875
2021-11-16 15:30:00-05:00,15972.5244140625
2021-11-17 09:30:00-05:00,15935.08984375
2021-11-17 10:30:00-05:00,15963.58984375
2021-11-17 11:30:00-05:00,15919.021484375
2021-11-17 12:30:00-05:00,15941.3701171875
2021-11-17 13:30:00-05:00,15940.8125
2021-11-17 14:30:00-05:00,15929.044921875
2021-11-17 15:30:00-05:00,15923.0439453125
2021-11-18 09:30:00-05:00,15866.8935546875
2021-11-18 10:30:00-05:00,15930.341796875
2021-11-18 11:30:00-05:00,16006.9765625
2021-11-18 12:30:00-05:00,15962.7353515625
2021-11-18 13:30:00-05:00,15940.4072265625
2021-11-18 14:30:00-05:00,15986.421875
2021-11-18 15:30:00-05:00,15994.4384765625
2021-11-19 09:30:00-05:00,16053.611328125
2021-11-19 10:30:00-05:00,16102.5224609375
2021-11-19 11:30:00-05:00,16105.67578125
2021-11-19 12:30:00-05:00,16055.8974609375
2021-11-19 13:30:00-05:00,16072.59765625
2021-11-19 14:30:00-05:00,16069.1630859375
2021-11-19 15:30:00-05:00,16058.7529296875
2021-11-22 09:30:00-05:00,16182.2861328125
2021-11-22 10:30:00-05:00,16057.4443359375
2021-11-22 11:30:00-05:00,15948.029296875
2021-11-22 12:30:00-05:00,15989.869140625
2021-11-22 13:30:00-05:00,15990.2099609375
2021-11-22 14:30:00-05:00,16009.3896484375
2021-11-22 15:30:00-05:00,15852.8994140625
2021-11-23 09:30:00-05:00,15719.5283203125
2021-11-23 10:30:00-05:00,15705.259765625
2021-11-23 11:30:00-05:00,15693.83984375
2021-11-23 12:30:00-05:00,15628.013671875
2021-11-23 13:30:00-05:00,15639.5048828125
2021-11-23 14:30:00-05:00,15718.5234375
2021-11-23 15:30:00-05:00,15781.4013671875
2021-11-24 09:30:00-05:00,15739.091796875
2021-11-24 10:30:00-05:00,15797.8154296875
2021-11-24 11:30:00-05:00,15764.294921875
2021-11-24 12:30:00-05:00,15812.267578125
2021-11-24 13:30:00-05:00,15767.6201171875
2021-11-24 14:30:00-05:00,15839.7392578125
2021-11-24 15:30:00-05:00,15846.765625
2021-11-26 09:30:00-05:00,15608.8720703125
2021-11-26 10:30:00-05:00,15504.9091796875
2021-11-26 11:30:00-05:00,15568.138671875
2021-11-29 09:30:00-05:00,15690.4052734375
2021-11-29 10:30:00-05:00,15701.0380859375
2021-11-29 11:30:00-05:00,15794.216796875
2021-11-29 12:30:00-05:00,15810.869140625
2021-11-29 13:30:00-05:00,15798.587890625
2021-11-29 14:30:00-05:00,15810.1826171875
2021-11-29 15:30:00-05:00,15775.6962890625
2021-11-30 09:30:00-05:00,15785.853515625
2021-11-30 10:30:00-05:00,15565.8994140625
2021-11-30 11:30:00-05:00,15520.4404296875
2021-11-30 12:30:00-05:00,15512.28125
2021-11-30 13:30:00-05:00,15581.8330078125
2021-11-30 14:30:00-05:00,15527.625
2021-11-30 15:30:00-05:00,15545.0009765625
2021-12-01 09:30:00-05:00,15724.5478515625
2021-12-01 10:30:00-05:00,15799.97265625
2021-12-01 11:30:00-05:00,15712.01171875
2021-12-01 12:30:00-05:00,15617.66015625
2021-12-01 13:30:00-05:00,15548.890625
2021-12-01 14:30:00-05:00,15351.55078125
2021-12-01 15:30:00-05:00,15245.93359375
2021-12-02 09:30:00-05:00,15287.0888671875
2021-12-02 10:30:00-05:00,15337.84765625
2021-12-02 11:30:00-05:00,15414.2705078125
2021-12-02 12:30:00-05:00,15315.2041015625
2021-12-02 13:30:00-05:00,15398.2822265625
2021-12-02 14:30:00-05:00,15377.6455078125
2021-12-02 15:30:00-05:00,15373.873046875
2021-12-03 09:30:00-05:00,15200.03125
2021-12-03 10:30:00-05:00,15089.1982421875
2021-12-03 11:30:00-05:00,15027.9775390625
2021-12-03 12:30:00-05:00,15042.44140625
2021-12-03 13:30:00-05:00,15006.013671875
2021-12-03 14:30:00-05:00,14999.7548828125
2021-12-03 15:30:00-05:00,15091.2724609375
2021-12-06 09:30:00-05:00,15154.7783203125
2021-12-06 10:30:00-05:00,15103.7451171875
2021-12-06 11:30:00-05:00,15169.513671875
2021-12-06 12:30:00-05:00,15254.345703125
2021-12-06 13:30:00-05:00,15269.7421875
2021-12-06 14:30:00-05:00,15235.7490234375
2021-12-06 15:30:00-05:00,15222.59375
2021-12-07 09:30:00-05:00,15631.8291015625
2021-12-07 10:30:00-05:00,15655.4052734375
2021-12-07 11:30:00-05:00,15688.1572265625
2021-12-07 12:30:00-05:00,15692.8681640625
2021-12-07 13:30:00-05:00,15701.2666015625
2021-12-07 14:30:00-05:00,15647.2978515625
2021-12-07 15:30:00-05:00,15686.7529296875
2021-12-08 09:30:00-05:00,15681.734375
2021-12-08 10:30:00-05:00,15722.4501953125
2021-12-08 11:30:00-05:00,15718.478515625
2021-12-08 12:30:00-05:00,15753.0166015625
2021-12-08 13:30:00-05:00,15754.2939453125
2021-12-08 14:30:00-05:00,15771.9599609375
2021-12-08 15:30:00-05:00,15787.8671875
2021-12-09 09:30:00-05:00,15659.1650390625
2021-12-09 10:30:00-05:00,15705.2958984375
2021-12-09 11:30:00-05:00,15652.9169921875
2021-12-09 12:30:00-05:00,15638.166015625
2021-12-09 13:30:00-05:00,15604.123046875
2021-12-09 14:30:00-05:00,15535.2607421875
2021-12-09 15:30:00-05:00,15517.513671875
2021-12-10 09:30:00-05:00,15624.2880859375
2021-12-10 10:30:00-05:00,15533.8017578125
2021-12-10 11:30:00-05:00,15562.0771484375
2021-12-10 12:30:00-05:00,15584.1376953125
2021-12-10 13:30:00-05:00,15570.7509765625
2021-12-10 14:30:00-05:00,15575.10546875
2021-12-10 15:30:00-05:00,15629.7177734375
2021-12-13 09:30:00-05:00,15528.3173828125
2021-12-13 10:30:00-05:00,15459.400390625
2021-12-13 11:30:00-05:00,15476.8427734375
2021-12-13 12:30:00-05:00,15456.3642578125
2021-12-13 13:30:00-05:00,15487.5595703125
2021-12-13 14:30:00-05:00,15481.3564453125
2021-12-13 15:30:00-05:00,15409.7197265625
2021-12-14 09:30:00-05:00,15269.9423828125
2021-12-14 10:30:00-05:00,15158.7060546875
2021-12-14 11:30:00-05:00,15122.16796875
2021-12-14 12:30:00-05:00,15139.689453125
2021-12-14 13:30:00-05:00,15171.90625
2021-12-14 14:30:00-05:00,15273.3154296875
2021-12-14 15:30:00-05:00,15241.7421875
2021-12-15 09:30:00-05:00,15159.5673828125
2021-12-15 10:30:00-05:00,15122.3876953125
2021-12-15 11:30:00-05:00,15097.1650390625
2021-12-15 12:30:00-05:00,15117.5986328125
2021-12-15 13:30:00-05:00,15230.708984375
2021-12-15 14:30:00-05:00,15498.9423828125
2021-12-15 15:30:00-05:00,15562.400390625
2021-12-16 09:30:00-05:00,15508.1357421875
2021-12-16 10:30:00-05:00,15398.892578125
2021-12-16 11:30:00-05:00,15280.0791015625
2021-12-16 12:30:00-05:00,15289.265625
2021-12-16 13:30:00-05:00,15176.9169921875
2021-12-16 14:30:00-05:00,15203.2705078125
2021-12-16 15:30:00-05:00,15180.517578125
2021-12-17 09:30:00-05:00,15053.5947265625
2021-12-17 10:30:00-05:00,15261.470703125
2021-12-17 11:30:00-05:00,15164.4287109375
2021-12-17 12:30:00-05:00,15230.640625
2021-12-17 13:30:00-05:00,15213.693359375
2021-12-17 14:30:00-05:00,15201.0078125
2021-12-17 15:30:00-05:00,15165.6337890625
2021-12-20 09:30:00-05:00,14946.7294921875
2021-12-20 10:30:00-05:00,14879.2978515625
2021-12-20 11:30:00-05:00,14918.611328125
2021-12-20 12:30:00-05:00,14900.7919921875
2021-12-20 13:30:00-05:00,14936.296875
2021-12-20 14:30:00-05:00,14985.380859375
2021-12-20 15:30:00-05:00,14983.21484375
2021-12-21 09:30:00-05:00,15033.0400390625
2021-12-21 10:30:00-05:00,15115.8515625
2021-12-21 11:30:00-05:00,15215.525390625
2021-12-21 12:30:00-05:00,15255.212890625
2021-12-21 13:30:00-05:00,15302.26171875
2021-12-21 14:30:00-05:00,15302.8544921875
2021-12-21 15:30:00-05:00,15341.1923828125
2021-12-22 09:30:00-05:00,15372.1572265625
2021-12-22 10:30:00-05:00,15467.892578125
2021-12-22 11:30:00-05:00,15461.3017578125
2021-12-22 12:30:00-05:00,15438.6357421875
2021-12-22 13:30:00-05:00,15404.9384765625
2021-12-22 14:30:00-05:00,15470.16796875
2021-12-22 15:30:00-05:00,15521.6806640625
2021-12-23 09:30:00-05:00,15598.6708984375
2021-12-23 10:30:00-05:00,15635.669921875
2021-12-23 11:30:00-05:00,15646.6396484375
2021-12-23 12:30:00-05:00,15676.21875
2021-12-23 13:30:00-05:00,15675.75390625
2021-12-23 14:30:00-05:00,15663.8759765625
2021-12-23 15:30:00-05:00,15650.4072265625
2021-12-27 09:30:00-05:00,15809.2490234375
2021-12-27 10:30:00-05:00,15827.6552734375
2021-12-27 11:30:00-05:00,15837.32421875
2021-12-27 12:30:00-05:00,15847.3974609375
2021-12-27 13:30:00-05:00,15855.9658203125
2021-12-27 14:30:00-05:00,15843.9169921875
2021-12-27 15:30:00-05:00,15870.494140625
2021-12-28 09:30:00-05:00,15863.4296875
2021-12-28 10:30:00-05:00,15822.2099609375
2021-12-28 11:30:00-05:00,15809.7900390625
2021-12-28 12:30:00-05:00,15794.6484375
2021-12-28 13:30:00-05:00,15788.6923828125
2021-12-28 14:30:00-05:00,15801.3037109375
2021-12-28 15:30:00-05:00,15783.5234375
2021-12-29 09:30:00-05:00,15723.7822265625
2021-12-29 10:30:00-05:00,15743.1689453125
2021-12-29 11:30:00-05:00,15713.6865234375
2021-12-29 12:30:00-05:00,15730.6416015625
2021-12-29 13:30:00-05:00,15766.3017578125
2021-12-29 14:30:00-05:00,15758.275390625
2021-12-29 15:30:00-05:00,15766.46875
2021-12-30 09:30:00-05:00,15854.4267578125
2021-12-30 10:30:00-05:00,15851.8173828125
2021-12-30 11:30:00-05:00,15850.3505859375
2021-12-30 12:30:00-05:00,15854.828125
2021-12-30 13:30:00-05:00,15841.435546875
2021-12-30 14:30:00-05:00,15811.3427734375
2021-12-30 15:30:00-05:00,15747.822265625
2021-12-31 09:30:00-05:00,15727.8193359375
2021-12-31 10:30:00-05:00,15728.7197265625
2021-12-31 11:30:00-05:00,15691.8564453125
2021-12-31 12:30:00-05:00,15708.6044921875
2021-12-31 13:30:00-05:00,15693.8427734375
2021-12-31 14:30:00-05:00,15704.625
2021-12-31 15:30:00-05:00,15645.9609375
2022-01-03 09:30:00-05:00,15769.8125
2022-01-03 10:30:00-05:00,15750.416015625
2022-01-03 11:30:00-05:00,15749.2763671875
2022-01-03 12:30:00-05:00,15765.515625
2022-01-03 13:30:00-05:00,15797.7744140625
2022-01-03 14:30:00-05:00,15819.3779296875
2022-01-03 15:30:00-05:00,15831.1611328125
2022-01-04 09:30:00-05:00,15740.4287109375
2022-01-04 10:30:00-05:00,15553.1875
2022-01-04 11:30:00-05:00,15585.318359375
2022-01-04 12:30:00-05:00,15564.9990234375
2022-01-04 13:30:00-05:00,15532.8203125
2022-01-04 14:30:00-05:00,15640.3623046875
2022-01-04 15:30:00-05:00,15622.1171875
2022-01-05 09:30:00-05:00,15543.384765625
2022-01-05 10:30:00-05:00,15503.8994140625
2022-01-05 11:30:00-05:00,15472.935546875
2022-01-05 12:30:00-05:00,15414.7314453125
2022-01-05 13:30:00-05:00,15307.939453125
2022-01-05 14:30:00-05:00,15165.443359375
2022-01-05 15:30:00-05:00,15099.9833984375
2022-01-06 09:30:00-05:00,15069.201171875
2022-01-06 10:30:00-05:00,15132.234375
2022-01-06 11:30:00-05:00,15149.638671875
2022-01-06 12:30:00-05:00,15101.4072265625
2022-01-06 13:30:00-05:00,15122.70703125
2022-01-06 14:30:00-05:00,15128.9599609375
2022-01-06 15:30:00-05:00,15082.2578125
2022-01-07 09:30:00-05:00,15016.232421875
2022-01-07 10:30:00-05:00,14961.4501953125
2022-01-07 11:30:00-05:00,14976.38671875
2022-01-07 12:30:00-05:00,14972.8212890625
2022-01-07 13:30:00-05:00,14934.4228515625
2022-01-07 14:30:00-05:00,14961.115234375
2022-01-07 15:30:00-05:00,14934.2421875
2022-01-10 09:30:00-05:00,14599.6767578125
2022-01-10 10:30:00-05:00,14690.36328125
2022-01-10 11:30:00-05:00,14592.943359375
2022-01-10 12:30:00-05:00,14711.611328125
2022-01-10 13:30:00-05:00,14825.6826171875
2022-01-10 14:30:00-05:00,14824.8828125
2022-01-10 15:30:00-05:00,14942.7890625
2022-01-11 09:30:00-05:00,14954.5771484375
2022-01-11 10:30:00-05:00,15074.3193359375
2022-01-11 11:30:00-05:00,15075.34375
2022-01-11 12:30:00-05:00,15112.5703125
2022-01-11 13:30:00-05:00,15117.3779296875
2022-01-11 14:30:00-05:00,15143.623046875
2022-01-11 15:30:00-05:00,15151.681640625
2022-01-12 09:30:00-05:00,15288.12109375
2022-01-12 10:30:00-05:00,15170.6044921875
2022-01-12 11:30:00-05:00,15206.568359375
2022-01-12 12:30:00-05:00,15206.9013671875
2022-01-12 13:30:00-05:00,15218.005859375
2022-01-12 14:30:00-05:00,15178.04296875
2022-01-12 15:30:00-05:00,15187.7158203125
2022-01-13 09:30:00-05:00,15153.810546875
2022-01-13 10:30:00-05:00,15107.4501953125
2022-01-13 11:30:00-05:00,14951.931640625
2022-01-13 12:30:00-05:00,14981.1064453125
2022-01-13 13:30:00-05:00,14952.412109375
2022-01-13 14:30:00-05:00,14892.166015625
2022-01-13 15:30:00-05:00,14811.078125
2022-01-14 09:30:00-05:00,14818.7119140625
2022-01-14 10:30:00-05:00,14755.7890625
2022-01-14 11:30:00-05:00,14790.7978515625
2022-01-14 12:30:00-05:00,14703.6123046875
2022-01-14 13:30:00-05:00,14763.5546875
2022-01-14 14:30:00-05:00,14854.970703125
2022-01-14 15:30:00-05:00,14888.7900390625
2022-01-18 09:30:00-05:00,14723.732421875
2022-01-18 10:30:00-05:00,14594.896484375
2022-01-18 11:30:00-05:00,14596.8857421875
2022-01-18 12:30:00-05:00,14540.2177734375
2022-01-18 13:30:00-05:00,14567.599609375
2022-01-18 14:30:00-05:00,14557.5625
2022-01-18 15:30:00-05:00,14514.5859375
2022-01-19 09:30:00-05:00,14571.966796875
2022-01-19 10:30:00-05:00,14440.4296875
2022-01-19 11:30:00-05:00,14586.89453125
2022-01-19 12:30:00-05:00,14551.7705078125
2022-01-19 13:30:00-05:00,14453.4931640625
2022-01-19 14:30:00-05:00,14434.166015625
2022-01-19 15:30:00-05:00,14339.3515625
2022-01-20 09:30:00-05:00,14569.4736328125
2022-01-20 10:30:00-05:00,14603.681640625
2022-01-20 11:30:00-05:00,14589.048828125
2022-01-20 12:30:00-05:00,14514.69921875
2022-01-20 13:30:00-05:00,14447.71484375
2022-01-20 14:30:00-05:00,14285.7958984375
2022-01-20 15:30:00-05:00,14154.9404296875
2022-01-21 09:30:00-05:00,13953.0712890625
2022-01-21 10:30:00-05:00,14157.01953125
2022-01-21 11:30:00-05:00,13981.9619140625
2022-01-21 12:30:00-05:00,13932.4609375
2022-01-21 13:30:00-05:00,13902.1982421875
2022-01-21 14:30:00-05:00,13803.92578125
2022-01-21 15:30:00-05:00,13764.865234375
2022-01-24 09:30:00-05:00,13411.1201171875
2022-01-24 10:30:00-05:00,13356.8857421875
2022-01-24 11:30:00-05:00,13162.091796875
2022-01-24 12:30:00-05:00,13355.6044921875
2022-01-24 13:30:00-05:00,13463.1787109375
2022-01-24 14:30:00-05:00,13638.5673828125
2022-01-24 15:30:00-05:00,13861.9609375
2022-01-25 09:30:00-05:00,13576.7275390625
2022-01-25 10:30:00-05:00,13512.255859375
2022-01-25 11:30:00-05:00,13501.6708984375
2022-01-25 12:30:00-05:00,13555.0380859375
2022-01-25 13:30:00-05:00,13701.8408203125
2022-01-25 14:30:00-05:00,13609.72265625
2022-01-25 15:30:00-05:00,13543.7822265625
2022-01-26 09:30:00-05:00,13774.1025390625
2022-01-26 10:30:00-05:00,13822.6640625
2022-01-26 11:30:00-05:00,13875.05078125
2022-01-26 12:30:00-05:00,13876.462890625
2022-01-26 13:30:00-05:00,13889.8955078125
2022-01-26 14:30:00-05:00,13552.2744140625
2022-01-26 15:30:00-05:00,13544.2587890625
2022-01-27 09:30:00-05:00,13632.1025390625
2022-01-27 10:30:00-05:00,13610.484375
2022-01-27 11:30:00-05:00,13518.306640625
2022-01-27 12:30:00-05:00,13360.9951171875
2022-01-27 13:30:00-05:00,13379.515625
2022-01-27 14:30:00-05:00,13363.6044921875
2022-01-27 15:30:00-05:00,13350.2763671875
2022-01-28 09:30:00-05:00,13325.5146484375
2022-01-28 10:30:00-05:00,13555.3388671875
2022-01-28 11:30:00-05:00,13570.9921875
2022-01-28 12:30:00-05:00,13549.0166015625
2022-01-28 13:30:00-05:00,13431.4375
2022-01-28 14:30:00-05:00,13593.787109375
2022-01-28 15:30:00-05:00,13770.5224609375
2022-01-31 09:30:00-05:00,13994.1865234375
2022-01-31 10:30:00-05:00,14012.0771484375
2022-01-31 11:30:00-05:00,14078.4013671875
2022-01-31 12:30:00-05:00,14087.029296875
2022-01-31 13:30:00-05:00,14150.24609375
2022-01-31 14:30:00-05:00,14104.4111328125
2022-01-31 15:30:00-05:00,14242.0390625
2022-02-01 09:30:00-05:00,14168.546875
2022-02-01 10:30:00-05:00,14251.7529296875
2022-02-01 11:30:00-05:00,14248.7646484375
2022-02-01 12:30:00-05:00,14257.6396484375
2022-02-01 13:30:00-05:00,14205.322265625
2022-02-01 14:30:00-05:00,14296.1123046875
2022-02-01 15:30:00-05:00,14339.2412109375
2022-02-02 09:30:00-05:00,14379.2626953125
2022-02-02 10:30:00-05:00,14318.572265625
2022-02-02 11:30:00-05:00,14352.642578125
2022-02-02 12:30:00-05:00,14367.044921875
2022-02-02 13:30:00-05:00,14362.623046875
2022-02-02 14:30:00-05:00,14406.0185546875
2022-02-02 15:30:00-05:00,14411.3544921875
2022-02-03 09:30:00-05:00,14191.2275390625
2022-02-03 10:30:00-05:00,14104.0224609375
2022-02-03 11:30:00-05:00,14052.5830078125
2022-02-03 12:30:00-05:00,14060.287109375
2022-02-03 13:30:00-05:00,14018.9111328125
2022-02-03 14:30:00-05:00,13979.9140625
2022-02-03 15:30:00-05:00,13889.0615234375
2022-02-04 09:30:00-05:00,13999.2998046875
2022-02-04 10:30:00-05:00,13949.9990234375
2022-02-04 11:30:00-05:00,14004.564453125
2022-02-04 12:30:00-05:00,14117.908203125
2022-02-04 13:30:00-05:00,14133.2197265625
2022-02-04 14:30:00-05:00,14189.2431640625
2022-02-04 15:30:00-05:00,14095.37109375
2022-02-07 09:30:00-05:00,14171.6015625
2022-02-07 10:30:00-05:00,14113.3505859375
2022-02-07 11:30:00-05:00,14041.369140625
2022-02-07 12:30:00-05:00,14102.0205078125
2022-02-07 13:30:00-05:00,14127.8369140625
2022-02-07 14:30:00-05:00,14090.419921875
2022-02-07 15:30:00-05:00,14015.751953125
2022-02-08 09:30:00-05:00,13969.89453125
2022-02-08 10:30:00-05:00,14117.787109375
2022-02-08 11:30:00-05:00,14154.0234375
2022-02-08 12:30:00-05:00,14142.873046875
2022-02-08 13:30:00-05:00,14098.7666015625
2022-02-08 14:30:00-05:00,14153.9423828125
2022-02-08 15:30:00-05:00,14192.0927734375
2022-02-09 09:30:00-05:00,14371.931640625
2022-02-09 10:30:00-05:00,14405.5068359375
2022-02-09 11:30:00-05:00,14409.306640625
2022-02-09 12:30:00-05:00,14432.3505859375
2022-02-09 13:30:00-05:00,14460.6533203125
2022-02-09 14:30:00-05:00,14451.0908203125
2022-02-09 15:30:00-05:00,14488.5732421875
2022-02-10 09:30:00-05:00,14438.8291015625
2022-02-10 10:30:00-05:00,14410.9384765625
2022-02-10 11:30:00-05:00,14463.6806640625
2022-02-10 12:30:00-05:00,14290.1171875
2022-02-10 13:30:00-05:00,14265.6591796875
2022-02-10 14:30:00-05:00,14215.546875
2022-02-10 15:30:00-05:00,14185.572265625
2022-02-11 09:30:00-05:00,14164.87890625
2022-02-11 10:30:00-05:00,14104.43359375
2022-02-11 11:30:00-05:00,14096.625
2022-02-11 12:30:00-05:00,14013.201171875
2022-02-11 13:30:00-05:00,13816.90234375
2022-02-11 14:30:00-05:00,13801.9638671875
2022-02-11 15:30:00-05:00,13784.125
2022-02-14 09:30:00-05:00,13817.208984375
2022-02-14 10:30:00-05:00,13909.0986328125
2022-02-14 11:30:00-05:00,13896.9736328125
2022-02-14 12:30:00-05:00,13838.6416015625
2022-02-14 13:30:00-05:00,13759.5390625
2022-02-14 14:30:00-05:00,13791.8388671875
2022-02-14 15:30:00-05:00,13787.634765625
2022-02-15 09:30:00-05:00,14021.130859375
2022-02-15 10:30:00-05:00,14046.7333984375
2022-02-15 11:30:00-05:00,14019.05859375
2022-02-15 12:30:00-05:00,14068.3203125
2022-02-15 13:30:00-05:00,14080.271484375
2022-02-15 14:30:00-05:00,14110.09375
2022-02-15 15:30:00-05:00,14139.861328125
2022-02-16 09:30:00-05:00,13972.134765625
2022-02-16 10:30:00-05:00,13999.0498046875
2022-02-16 11:30:00-05:00,13988.4638671875
2022-02-16 12:30:00-05:00,13978.775390625
2022-02-16 13:30:00-05:00,14098.1259765625
2022-02-16 14:30:00-05:00,14156.2099609375
2022-02-16 15:30:00-05:00,14124.724609375
2022-02-17 09:30:00-05:00,13888.3408203125
2022-02-17 10:30:00-05:00,13933.7783203125
2022-02-17 11:30:00-05:00,13887.7724609375
2022-02-17 12:30:00-05:00,13843.1728515625
2022-02-17 13:30:00-05:00,13810.361328125
2022-02-17 14:30:00-05:00,13744.876953125
2022-02-17 15:30:00-05:00,13717.140625
2022-02-18 09:30:00-05:00,13649.4140625
2022-02-18 10:30:00-05:00,13577.6181640625
2022-02-18 11:30:00-05:00,13565.369140625
2022-02-18 12:30:00-05:00,13484.740234375
2022-02-18 13:30:00-05:00,13629.6318359375
2022-02-18 14:30:00-05:00,13562.234375
2022-02-18 15:30:00-05:00,13541.78125
2022-02-22 09:30:00-05:00,13617.296875
2022-02-22 10:30:00-05:00,13423.353515625
2022-02-22 11:30:00-05:00,13385.51953125
2022-02-22 12:30:00-05:00,13342.8330078125
2022-02-22 13:30:00-05:00,13329.4951171875
2022-02-22 14:30:00-05:00,13481.09375
2022-02-22 15:30:00-05:00,13383.5048828125
2022-02-23 09:30:00-05:00,13326.880859375
2022-02-23 10:30:00-05:00,13256.2568359375
2022-02-23 11:30:00-05:00,13369.6884765625
2022-02-23 12:30:00-05:00,13201.1376953125
2022-02-23 13:30:00-05:00,13146.2958984375
2022-02-23 14:30:00-05:00,13116.2451171875
2022-02-23 15:30:00-05:00,13040.986328125
2022-02-24 09:30:00-05:00,12907.330078125
2022-02-24 10:30:00-05:00,13025.427734375
2022-02-24 11:30:00-05:00,12980.7451171875
2022-02-24 12:30:00-05:00,13017.212890625
2022-02-24 13:30:00-05:00,13180.4228515625
2022-02-24 14:30:00-05:00,13329.5
2022-02-24 15:30:00-05:00,13467.8515625
2022-02-25 09:30:00-05:00,13498.5673828125
2022-02-25 10:30:00-05:00,13614.0712890625
2022-02-25 11:30:00-05:00,13646.5009765625
2022-02-25 12:30:00-05:00,13617.5419921875
2022-02-25 13:30:00-05:00,13644.0595703125
2022-02-25 14:30:00-05:00,13652.1396484375
2022-02-25 15:30:00-05:00,13696.4248046875
2022-02-28 09:30:00-05:00,13630.7177734375
2022-02-28 10:30:00-05:00,13788.7177734375
2022-02-28 11:30:00-05:00,13680.1962890625
2022-02-28 12:30:00-05:00,13652.3984375
2022-02-28 13:30:00-05:00,13563.2607421875
2022-02-28 14:30:00-05:00,13647.26953125
2022-02-28 15:30:00-05:00,13752.24609375
2022-03-01 09:30:00-05:00,13756.1884765625
2022-03-01 10:30:00-05:00,13655.8740234375
2022-03-01 11:30:00-05:00,13578.95703125
2022-03-01 12:30:00-05:00,13512.646484375
2022-03-01 13:30:00-05:00,13572.466796875
2022-03-01 14:30:00-05:00,13524.00390625
2022-03-01 15:30:00-05:00,13533.7080078125
2022-03-02 09:30:00-05:00,13606.8564453125
2022-03-02 10:30:00-05:00,13685.751953125
2022-03-02 11:30:00-05:00,13692.0234375
2022-03-02 12:30:00-05:00,13754.5283203125
2022-03-02 13:30:00-05:00,13750.8310546875
2022-03-02 14:30:00-05:00,13775.61328125
2022-03-02 15:30:00-05:00,13748.77734375
2022-03-03 09:30:00-05:00,13643.349609375
2022-03-03 10:30:00-05:00,13605.8525390625
2022-03-03 11:30:00-05:00,13562.5927734375
2022-03-03 12:30:00-05:00,13675.1572265625
2022-03-03 13:30:00-05:00,13641.634765625
2022-03-03 14:30:00-05:00,13543.8427734375
2022-03-03 15:30:00-05:00,13538.7265625
2022-03-04 09:30:00-05:00,13320.693359375
2022-03-04 10:30:00-05:00,13266.0078125
2022-03-04 11:30:00-05:00,13337.41796875
2022-03-04 12:30:00-05:00,13343.0107421875
2022-03-04 13:30:00-05:00,13293.93359375
2022-03-04 14:30:00-05:00,13272.291015625
2022-03-04 15:30:00-05:00,13316.072265625
2022-03-07 09:30:00-05:00,13077.85546875
2022-03-07 10:30:00-05:00,13114.0810546875
2022-03-07 11:30:00-05:00,13018.70703125
2022-03-07 12:30:00-05:00,12980.0537109375
2022-03-07 13:30:00-05:00,12981.5712890625
2022-03-07 14:30:00-05:00,12920.3388671875
2022-03-07 15:30:00-05:00,12828.83984375
2022-03-08 09:30:00-05:00,12724.1552734375
2022-03-08 10:30:00-05:00,12738.4716796875
2022-03-08 11:30:00-05:00,13023.2041015625
2022-03-08 12:30:00-05:00,13031.58203125
2022-03-08 13:30:00-05:00,12928.7880859375
2022-03-08 14:30:00-05:00,12877.1484375
2022-03-08 15:30:00-05:00,12798.6845703125
2022-03-09 09:30:00-05:00,13164.3232421875
2022-03-09 10:30:00-05:00,13138.6298828125
2022-03-09 11:30:00-05:00,13198.3974609375
2022-03-09 12:30:00-05:00,13254.232421875
2022-03-09 13:30:00-05:00,13226.3828125
2022-03-09 14:30:00-05:00,13281.353515625
2022-03-09 15:30:00-05:00,13253.962890625
2022-03-10 09:30:00-05:00,13070.6748046875
2022-03-10 10:30:00-05:00,12955.7412109375
2022-03-10 11:30:00-05:00,13032.6591796875
2022-03-10 12:30:00-05:00,13013.6884765625
2022-03-10 13:30:00-05:00,13121.0673828125
2022-03-10 14:30:00-05:00,13118.3759765625
2022-03-10 15:30:00-05:00,13128.7314453125
2022-03-11 09:30:00-05:00,13082.087890625
2022-03-11 10:30:00-05:00,13014.2080078125
2022-03-11 11:30:00-05:00,12962.33984375
2022-03-11 12:30:00-05:00,13021.4970703125
2022-03-11 13:30:00-05:00,13009.583984375
2022-03-11 14:30:00-05:00,12909.81640625
2022-03-11 15:30:00-05:00,12835.5263671875
2022-03-14 09:30:00-04:00,12878.7060546875
2022-03-14 10:30:00-04:00,12789.978515625
2022-03-14 11:30:00-04:00,12693.65234375
2022-03-14 12:30:00-04:00,12585.298828125
2022-03-14 13:30:00-04:00,12572.8076171875
2022-03-14 14:30:00-04:00,12606.017578125
2022-03-14 15:30:00-04:00,12577.9365234375
2022-03-15 09:30:00-04:00,12773.10546875
2022-03-15 10:30:00-04:00,12849.9580078125
2022-03-15 11:30:00-04:00,12862.2861328125
2022-03-15 12:30:00-04:00,12796.7763671875
2022-03-15 13:30:00-04:00,12796.794921875
2022-03-15 14:30:00-04:00,12928.1337890625
2022-03-15 15:30:00-04:00,12945.6474609375
2022-03-16 09:30:00-04:00,13313.2705078125
2022-03-16 10:30:00-04:00,13306.18359375
2022-03-16 11:30:00-04:00,13287.1728515625
2022-03-16 12:30:00-04:00,13194.8759765625
2022-03-16 13:30:00-04:00,13051.357421875
2022-03-16 14:30:00-04:00,13335.6982421875
2022-03-16 15:30:00-04:00,13438.4501953125
2022-03-17 09:30:00-04:00,13455.607421875
2022-03-17 10:30:00-04:00,13420.5986328125
2022-03-17 11:30:00-04:00,13474.3466796875
2022-03-17 12:30:00-04:00,13535.3681640625
2022-03-17 13:30:00-04:00,13526.880859375
2022-03-17 14:30:00-04:00,13558.70703125
2022-03-17 15:30:00-04:00,13608.72265625
2022-03-18 09:30:00-04:00,13714.5869140625
2022-03-18 10:30:00-04:00,13717.56640625
2022-03-18 11:30:00-04:00,13767.935546875
2022-03-18 12:30:00-04:00,13808.2939453125
2022-03-18 13:30:00-04:00,13802.650390625
2022-03-18 14:30:00-04:00,13871.3115234375
2022-03-18 15:30:00-04:00,13889.7841796875
2022-03-21 09:30:00-04:00,13726.2763671875
2022-03-21 10:30:00-04:00,13904.8505859375
2022-03-21 11:30:00-04:00,13889.4443359375
2022-03-21 12:30:00-04:00,13705.2041015625
2022-03-21 13:30:00-04:00,13804.580078125
2022-03-21 14:30:00-04:00,13791.72265625
2022-03-21 15:30:00-04:00,13839.5419921875
2022-03-22 09:30:00-04:00,14049.19921875
2022-03-22 10:30:00-04:00,14118.662109375
2022-03-22 11:30:00-04:00,14040.875
2022-03-22 12:30:00-04:00,14065.4228515625
2022-03-22 13:30:00-04:00,14082.6416015625
2022-03-22 14:30:00-04:00,14102.611328125
2022-03-22 15:30:00-04:00,14111.9638671875
2022-03-23 09:30:00-04:00,14040.72265625
2022-03-23 10:30:00-04:00,14104.78125
2022-03-23 11:30:00-04:00,14104.3955078125
2022-03-23 12:30:00-04:00,13982.953125
2022-03-23 13:30:00-04:00,13990.8798828125
2022-03-23 14:30:00-04:00,13973.5048828125
2022-03-23 15:30:00-04:00,13923.125
2022-03-24 09:30:00-04:00,13914.7998046875
2022-03-24 10:30:00-04:00,14060.8740234375
2022-03-24 11:30:00-04:00,14048.724609375
2022-03-24 12:30:00-04:00,14086.1357421875
2022-03-24 13:30:00-04:00,14089.1943359375
2022-03-24 14:30:00-04:00,14153.6845703125
2022-03-24 15:30:00-04:00,14193.044921875
2022-03-25 09:30:00-04:00,14159.130859375
2022-03-25 10:30:00-04:00,14030.185546875
2022-03-25 11:30:00-04:00,14081.2587890625
2022-03-25 12:30:00-04:00,14080.6572265625
2022-03-25 13:30:00-04:00,14145.806640625
2022-03-25 14:30:00-04:00,14075.4931640625
2022-03-25 15:30:00-04:00,14169.9765625
2022-03-28 09:30:00-04:00,14212.8271484375
2022-03-28 10:30:00-04:00,14218.072265625
2022-03-28 11:30:00-04:00,14124.853515625
2022-03-28 12:30:00-04:00,14224.716796875
2022-03-28 13:30:00-04:00,14244.0859375
2022-03-28 14:30:00-04:00,14317.3564453125
2022-03-28 15:30:00-04:00,14355.205078125
2022-03-29 09:30:00-04:00,14479.43359375
2022-03-29 10:30:00-04:00,14532.376953125
2022-03-29 11:30:00-04:00,14513.0126953125
2022-03-29 12:30:00-04:00,14510.171875
2022-03-29 13:30:00-04:00,14573.138671875
2022-03-29 14:30:00-04:00,14634.146484375
2022-03-29 15:30:00-04:00,14620.0595703125
2022-03-30 09:30:00-04:00,14596.3203125
2022-03-30 10:30:00-04:00,14504.61328125
2022-03-30 11:30:00-04:00,14542.974609375
2022-03-30 12:30:00-04:00,14529.9384765625
2022-03-30 13:30:00-04:00,14476.634765625
2022-03-30 14:30:00-04:00,14403.6845703125
2022-03-30 15:30:00-04:00,14439.1279296875
2022-03-31 09:30:00-04:00,14383.0869140625
2022-03-31 10:30:00-04:00,14396.7900390625
2022-03-31 11:30:00-04:00,14373.216796875
2022-03-31 12:30:00-04:00,14374.3251953125
2022-03-31 13:30:00-04:00,14358.46875
2022-03-31 14:30:00-04:00,14349.232421875
2022-03-31 15:30:00-04:00,14219.5
2022-04-01 09:30:00-04:00,14226.4111328125
2022-04-01 10:30:00-04:00,14235.5234375
2022-04-01 11:30:00-04:00,14182.95703125
2022-04-01 12:30:00-04:00,14145.9755859375
2022-04-01 13:30:00-04:00,14219.4892578125
2022-04-01 14:30:00-04:00,14185.7802734375
2022-04-01 15:30:00-04:00,14259.48828125
2022-04-04 09:30:00-04:00,14420.2734375
2022-04-04 10:30:00-04:00,14468.1064453125
2022-04-04 11:30:00-04:00,14495.27734375
2022-04-04 12:30:00-04:00,14480.6396484375
2022-04-04 13:30:00-04:00,14490.6611328125
2022-04-04 14:30:00-04:00,14514.892578125
2022-04-04 15:30:00-04:00,14533.990234375
2022-04-05 09:30:00-04:00,14342.630859375
2022-04-05 10:30:00-04:00,14320.0556640625
2022-04-05 11:30:00-04:00,14236.2744140625
2022-04-05 12:30:00-04:00,14297.572265625
2022-04-05 13:30:00-04:00,14264.2958984375
2022-04-05 14:30:00-04:00,14207.375
2022-04-05 15:30:00-04:00,14206.5654296875
2022-04-06 09:30:00-04:00,13850.888671875
2022-04-06 10:30:00-04:00,13862.7021484375
2022-04-06 11:30:00-04:00,13822.4267578125
2022-04-06 12:30:00-04:00,13863.8369140625
2022-04-06 13:30:00-04:00,13824.1484375
2022-04-06 14:30:00-04:00,13875.4130859375
2022-04-06 15:30:00-04:00,13887.75390625
2022-04-07 09:30:00-04:00,13887.8857421875
2022-04-07 10:30:00-04:00,13790.2509765625
2022-04-07 11:30:00-04:00,13748.4580078125
2022-04-07 12:30:00-04:00,13823.8955078125
2022-04-07 13:30:00-04:00,13849.462890625
2022-04-07 14:30:00-04:00,13931.8369140625
2022-04-07 15:30:00-04:00,13894.5986328125
2022-04-08 09:30:00-04:00,13784.0107421875
2022-04-08 10:30:00-04:00,13807.615234375
2022-04-08 11:30:00-04:00,13863.197265625
2022-04-08 12:30:00-04:00,13795.62890625
2022-04-08 13:30:00-04:00,13743.404296875
2022-04-08 14:30:00-04:00,13764.2421875
2022-04-08 15:30:00-04:00,13713.6357421875
2022-04-11 09:30:00-04:00,13496.7978515625
2022-04-11 10:30:00-04:00,13465.501953125
2022-04-11 11:30:00-04:00,13455.2900390625
2022-04-11 12:30:00-04:00,13493.9140625
2022-04-11 13:30:00-04:00,13470.71484375
2022-04-11 14:30:00-04:00,13459.2607421875
2022-04-11 15:30:00-04:00,13413.748046875
2022-04-12 09:30:00-04:00,13611.48828125
2022-04-12 10:30:00-04:00,13594.3310546875
2022-04-12 11:30:00-04:00,13502.5
2022-04-12 12:30:00-04:00,13505.5341796875
2022-04-12 13:30:00-04:00,13362.6904296875
2022-04-12 14:30:00-04:00,13328.22265625
2022-04-12 15:30:00-04:00,13373.7294921875
2022-04-13 09:30:00-04:00,13484.765625
2022-04-13 10:30:00-04:00,13574.0302734375
2022-04-13 11:30:00-04:00,13585.861328125
2022-04-13 12:30:00-04:00,13608.666015625
2022-04-13 13:30:00-04:00,13603.2275390625
2022-04-13 14:30:00-04:00,13661.7197265625
2022-04-13 15:30:00-04:00,13643.27734375
2022-04-14 09:30:00-04:00,13511.8935546875
2022-04-14 10:30:00-04:00,13512.029296875
2022-04-14 11:30:00-04:00,13430.818359375
2022-04-14 12:30:00-04:00,13421.3955078125
2022-04-14 13:30:00-04:00,13454.6875
2022-04-14 14:30:00-04:00,13386.2734375
2022-04-14 15:30:00-04:00,13349.6552734375
2022-04-18 09:30:00-04:00,13394.5908203125
2022-04-18 10:30:00-04:00,13304.94140625
2022-04-18 11:30:00-04:00,13227.85546875
2022-04-18 12:30:00-04:00,13285.443359375
2022-04-18 13:30:00-04:00,13383.15625
2022-04-18 14:30:00-04:00,13315.6826171875
2022-04-18 15:30:00-04:00,13333.376953125
2022-04-19 09:30:00-04:00,13492.8837890625
2022-04-19 10:30:00-04:00,13578.0908203125
2022-04-19 11:30:00-04:00,13571.6455078125
2022-04-19 12:30:00-04:00,13549.3681640625
2022-04-19 13:30:00-04:00,13545.67578125
2022-04-19 14:30:00-04:00,13623.4794921875
2022-04-19 15:30:00-04:00,13623.056640625
2022-04-20 09:30:00-04:00,13531.9619140625
2022-04-20 10:30:00-04:00,13492.8564453125
2022-04-20 11:30:00-04:00,13454.044921875
2022-04-20 12:30:00-04:00,13525.7490234375
2022-04-20 13:30:00-04:00,13485.0595703125
2022-04-20 14:30:00-04:00,13483.2412109375
2022-04-20 15:30:00-04:00,13451.1943359375
2022-04-21 09:30:00-04:00,13601.404296875
2022-04-21 10:30:00-04:00,13515.810546875
2022-04-21 11:30:00-04:00,13378.28125
2022-04-21 12:30:00-04:00,13374.5703125
2022-04-21 13:30:00-04:00,13248.26171875
2022-04-21 14:30:00-04:00,13212.27734375
2022-04-21 15:30:00-04:00,13179.5771484375
2022-04-22 09:30:00-04:00,13057.4638671875
2022-04-22 10:30:00-04:00,13074.0947265625
2022-04-22 11:30:00-04:00,12976.3662109375
2022-04-22 12:30:00-04:00,12939.2685546875
2022-04-22 13:30:00-04:00,12914.4599609375
2022-04-22 14:30:00-04:00,12906.3212890625
2022-04-22 15:30:00-04:00,12838.7861328125
2022-04-25 09:30:00-04:00,12859.9052734375
2022-04-25 10:30:00-04:00,12785.8271484375
2022-04-25 11:30:00-04:00,12822.1357421875
2022-04-25 12:30:00-04:00,12857.81640625
2022-04-25 13:30:00-04:00,12921.859375
2022-04-25 14:30:00-04:00,12951.8349609375
2022-04-25 15:30:00-04:00,13006.27734375
2022-04-26 09:30:00-04:00,12685.607421875
2022-04-26 10:30:00-04:00,12630.18359375
2022-04-26 11:30:00-04:00,12682.560546875
2022-04-26 12:30:00-04:00,12585.583984375
2022-04-26 13:30:00-04:00,12646.36328125
2022-04-26 14:30:00-04:00,12554.892578125
2022-04-26 15:30:00-04:00,12491.8232421875
2022-04-27 09:30:00-04:00,12464.962890625
2022-04-27 10:30:00-04:00,12581.5625
2022-04-27 11:30:00-04:00,12673.0146484375
2022-04-27 12:30:00-04:00,12625.4169921875
2022-04-27 13:30:00-04:00,12594.2138671875
2022-04-27 14:30:00-04:00,12509.953125
2022-04-27 15:30:00-04:00,12487.1787109375
2022-04-28 09:30:00-04:00,12519.4619140625
2022-04-28 10:30:00-04:00,12605.8076171875
2022-04-28 11:30:00-04:00,12669.8125
2022-04-28 12:30:00-04:00,12827.1689453125
2022-04-28 13:30:00-04:00,12871.71875
2022-04-28 14:30:00-04:00,12917.677734375
2022-04-28 15:30:00-04:00,12880.896484375
2022-04-29 09:30:00-04:00,12689.2119140625
2022-04-29 10:30:00-04:00,12657.931640625
2022-04-29 11:30:00-04:00,12587.3857421875
2022-04-29 12:30:00-04:00,12574.3095703125
2022-04-29 13:30:00-04:00,12487.814453125
2022-04-29 14:30:00-04:00,12410.615234375
2022-04-29 15:30:00-04:00,12338.1298828125
2022-05-02 09:30:00-04:00,12449.376953125
2022-05-02 10:30:00-04:00,12344.763671875
2022-05-02 11:30:00-04:00,12392.7431640625
2022-05-02 12:30:00-04:00,12275.4765625
2022-05-02 13:30:00-04:00,12230.521484375
2022-05-02 14:30:00-04:00,12431.896484375
2022-05-02 15:30:00-04:00,12535.60546875
2022-05-03 09:30:00-04:00,12545.150390625
2022-05-03 10:30:00-04:00,12587.0205078125
2022-05-03 11:30:00-04:00,12539.4677734375
2022-05-03 12:30:00-04:00,12600.8173828125
2022-05-03 13:30:00-04:00,12513.5888671875
2022-05-03 14:30:00-04:00,12566.986328125
2022-05-03 15:30:00-04:00,12560.1064453125
2022-05-04 09:30:00-04:00,12427.8154296875
2022-05-04 10:30:00-04:00,12388.0009765625
2022-05-04 11:30:00-04:00,12524.421875
2022-05-04 12:30:00-04:00,12555.4345703125
2022-05-04 13:30:00-04:00,12579.1337890625
2022-05-04 14:30:00-04:00,12896.72265625
2022-05-04 15:30:00-04:00,12961.4677734375
2022-05-05 09:30:00-04:00,12482.591796875
2022-05-05 10:30:00-04:00,12377.666015625
2022-05-05 11:30:00-04:00,12366.119140625
2022-05-05 12:30:00-04:00,12364.966796875
2022-05-05 13:30:00-04:00,12268.50390625
2022-05-05 14:30:00-04:00,12199.0556640625
2022-05-05 15:30:00-04:00,12325.71484375
2022-05-06 09:30:00-04:00,12177.0625
2022-05-06 10:30:00-04:00,12321.833984375
2022-05-06 11:30:00-04:00,12242.1337890625
2022-05-06 12:30:00-04:00,12228.4853515625
2022-05-06 13:30:00-04:00,12109.7724609375
2022-05-06 14:30:00-04:00,12071.0390625
2022-05-06 15:30:00-04:00,12143.7509765625
2022-05-09 09:30:00-04:00,11797.298828125
2022-05-09 10:30:00-04:00,11712.2587890625
2022-05-09 11:30:00-04:00,11813.89453125
2022-05-09 12:30:00-04:00,11747.462890625
2022-05-09 13:30:00-04:00,11668.16796875
2022-05-09 14:30:00-04:00,11662.6630859375
2022-05-09 15:30:00-04:00,11630.9599609375
2022-05-10 09:30:00-04:00,11817.42578125
2022-05-10 10:30:00-04:00,11608.34765625
2022-05-10 11:30:00-04:00,11623.1376953125
2022-05-10 12:30:00-04:00,11712.8193359375
2022-05-10 13:30:00-04:00,11800.8017578125
2022-05-10 14:30:00-04:00,11774.3408203125
2022-05-10 15:30:00-04:00,11737.3525390625
2022-05-11 09:30:00-04:00,11786.86328125
2022-05-11 10:30:00-04:00,11710.5732421875
2022-05-11 11:30:00-04:00,11612.576171875
2022-05-11 12:30:00-04:00,11488.5751953125
2022-05-11 13:30:00-04:00,11478.4755859375
2022-05-11 14:30:00-04:00,11408.3271484375
2022-05-11 15:30:00-04:00,11366.51171875
2022-05-12 09:30:00-04:00,11396.140625
2022-05-12 10:30:00-04:00,11465.0068359375
2022-05-12 11:30:00-04:00,11330.97265625
2022-05-12 12:30:00-04:00,11281.18359375
2022-05-12 13:30:00-04:00,11192.6611328125
2022-05-12 14:30:00-04:00,11254.7978515625
2022-05-12 15:30:00-04:00,11375.5107421875
2022-05-13 09:30:00-04:00,11747.0546875
2022-05-13 10:30:00-04:00,11776.7490234375
2022-05-13 11:30:00-04:00,11826.6572265625
2022-05-13 12:30:00-04:00,11793.1787109375
2022-05-13 13:30:00-04:00,11677.91796875
2022-05-13 14:30:00-04:00,11836.763671875
2022-05-13 15:30:00-04:00,11804.3984375
2022-05-16 09:30:00-04:00,11789.7373046875
2022-05-16 10:30:00-04:00,11658.91015625
2022-05-16 11:30:00-04:00,11696.6640625
2022-05-16 12:30:00-04:00,11736.494140625
2022-05-16 13:30:00-04:00,11786.8359375
2022-05-16 14:30:00-04:00,11694.3125
2022-05-16 15:30:00-04:00,11664.763671875
2022-05-17 09:30:00-04:00,11821.7431640625
2022-05-17 10:30:00-04:00,11855.4853515625
2022-05-17 11:30:00-04:00,11896.1298828125
2022-05-17 12:30:00-04:00,11911.029296875
2022-05-17 13:30:00-04:00,11855.580078125
2022-05-17 14:30:00-04:00,11975.458984375
2022-05-17 15:30:00-04:00,11986.068359375
2022-05-18 09:30:00-04:00,11763.1298828125
2022-05-18 10:30:00-04:00,11617.3876953125
2022-05-18 11:30:00-04:00,11545.0009765625
2022-05-18 12:30:00-04:00,11494.9462890625
2022-05-18 13:30:00-04:00,11467.099609375
2022-05-18 14:30:00-04:00,11398.2890625
2022-05-18 15:30:00-04:00,11420.8017578125
2022-05-19 09:30:00-04:00,11416.6396484375
2022-05-19 10:30:00-04:00,11442.455078125
2022-05-19 11:30:00-04:00,11515.583984375
2022-05-19 12:30:00-04:00,11409.615234375
2022-05-19 13:30:00-04:00,11451.3779296875
2022-05-19 14:30:00-04:00,11401.7041015625
2022-05-19 15:30:00-04:00,11389.9560546875
2022-05-20 09:30:00-04:00,11455.1044921875
2022-05-20 10:30:00-04:00,11280.6162109375
2022-05-20 11:30:00-04:00,11173.2958984375
2022-05-20 12:30:00-04:00,11040.6533203125
2022-05-20 13:30:00-04:00,11099.185546875
2022-05-20 14:30:00-04:00,11200.830078125
2022-05-20 15:30:00-04:00,11359.1806640625
2022-05-23 09:30:00-04:00,11388.73828125
2022-05-23 10:30:00-04:00,11457.708984375
2022-05-23 11:30:00-04:00,11519.4130859375
2022-05-23 12:30:00-04:00,11463.8193359375
2022-05-23 13:30:00-04:00,11517.919921875
2022-05-23 14:30:00-04:00,11491.6396484375
2022-05-23 15:30:00-04:00,11531.91015625
2022-05-24 09:30:00-04:00,11157.044921875
2022-05-24 10:30:00-04:00,11159.6259765625
2022-05-24 11:30:00-04:00,11231.5966796875
2022-05-24 12:30:00-04:00,11177.474609375
2022-05-24 13:30:00-04:00,11234.63671875
2022-05-24 14:30:00-04:00,11224.609375
2022-05-24 15:30:00-04:00,11266.994140625
2022-05-25 09:30:00-04:00,11382.345703125
2022-05-25 10:30:00-04:00,11365.537109375
2022-05-25 11:30:00-04:00,11305.23046875
2022-05-25 12:30:00-04:00,11330.15234375
2022-05-25 13:30:00-04:00,11420.36328125
2022-05-25 14:30:00-04:00,11478.45703125
2022-05-25 15:30:00-04:00,11432.4296875
2022-05-26 09:30:00-04:00,11635.904296875
2022-05-26 10:30:00-04:00,11680.146484375
2022-05-26 11:30:00-04:00,11766.65625
2022-05-26 12:30:00-04:00,11749.599609375
2022-05-26 13:30:00-04:00,11775.068359375
2022-05-26 14:30:00-04:00,11725.3779296875
2022-05-26 15:30:00-04:00,11740.4580078125
2022-05-27 09:30:00-04:00,12011.2421875
2022-05-27 10:30:00-04:00,12008.9970703125
2022-05-27 11:30:00-04:00,12028.6923828125
2022-05-27 12:30:00-04:00,12038.9765625
2022-05-27 13:30:00-04:00,12049.0146484375
2022-05-27 14:30:00-04:00,12102.3994140625
2022-05-27 15:30:00-04:00,12130.4267578125
2022-05-31 09:30:00-04:00,12021.8935546875
2022-05-31 10:30:00-04:00,12041.27734375
2022-05-31 11:30:00-04:00,12136.546875
2022-05-31 12:30:00-04:00,12111.50390625
2022-05-31 13:30:00-04:00,12158.470703125
2022-05-31 14:30:00-04:00,12132.9609375
2022-05-31 15:30:00-04:00,12082.509765625
2022-06-01 09:30:00-04:00,12047.8408203125
2022-06-01 10:30:00-04:00,11984.912109375
2022-06-01 11:30:00-04:00,11928.6328125
2022-06-01 12:30:00-04:00,11967.111328125
2022-06-01 13:30:00-04:00,12069.2099609375
2022-06-01 14:30:00-04:00,12066.9921875
2022-06-01 15:30:00-04:00,11993.02734375
2022-06-02 09:30:00-04:00,11977.515625
2022-06-02 10:30:00-04:00,12125.3916015625
2022-06-02 11:30:00-04:00,12213.7919921875
2022-06-02 12:30:00-04:00,12239.4716796875
2022-06-02 13:30:00-04:00,12276.236328125
2022-06-02 14:30:00-04:00,12248.7568359375
2022-06-02 15:30:00-04:00,12317.0966796875
2022-06-03 09:30:00-04:00,12090.916015625
2022-06-03 10:30:00-04:00,11977.298828125
2022-06-03 11:30:00-04:00,12021.880859375
2022-06-03 12:30:00-04:00,12030.201171875
2022-06-03 13:30:00-04:00,12046.35546875
2022-06-03 14:30:00-04:00,12007.376953125
2022-06-03 15:30:00-04:00,12011.712890625
2022-06-06 09:30:00-04:00,12225.341796875
2022-06-06 10:30:00-04:00,12113.962890625
2022-06-06 11:30:00-04:00,12024.11328125
2022-06-06 12:30:00-04:00,12048.974609375
2022-06-06 13:30:00-04:00,12059.1552734375
2022-06-06 14:30:00-04:00,12029.896484375
2022-06-06 15:30:00-04:00,12059.822265625
2022-06-07 09:30:00-04:00,12056.0078125
2022-06-07 10:30:00-04:00,12063.38671875
2022-06-07 11:30:00-04:00,12045.1796875
2022-06-07 12:30:00-04:00,12105.65625
2022-06-07 13:30:00-04:00,12143.2763671875
2022-06-07 14:30:00-04:00,12151.447265625
2022-06-07 15:30:00-04:00,12172.251953125
2022-06-08 09:30:00-04:00,12187.2265625
2022-06-08 10:30:00-04:00,12222.6455078125
2022-06-08 11:30:00-04:00,12154.087890625
2022-06-08 12:30:00-04:00,12098.0732421875
2022-06-08 13:30:00-04:00,12074.423828125
2022-06-08 14:30:00-04:00,12102.8857421875
2022-06-08 15:30:00-04:00,12085.861328125
2022-06-09 09:30:00-04:00,12093.111328125
2022-06-09 10:30:00-04:00,12011.07421875
2022-06-09 11:30:00-04:00,12017.5771484375
2022-06-09 12:30:00-04:00,12004.8359375
2022-06-09 13:30:00-04:00,11964.3271484375
2022-06-09 14:30:00-04:00,11840.935546875
2022-06-09 15:30:00-04:00,11753.78125
2022-06-10 09:30:00-04:00,11372.990234375
2022-06-10 10:30:00-04:00,11340.775390625
2022-06-10 11:30:00-04:00,11351.759765625
2022-06-10 12:30:00-04:00,11374.134765625
2022-06-10 13:30:00-04:00,11387.6337890625
2022-06-10 14:30:00-04:00,11441.4013671875
2022-06-10 15:30:00-04:00,11340.5146484375
2022-06-13 09:30:00-04:00,10895.5849609375
2022-06-13 10:30:00-04:00,10892.3251953125
2022-06-13 11:30:00-04:00,10943.96484375
2022-06-13 12:30:00-04:00,10896.72265625
2022-06-13 13:30:00-04:00,10905.125
2022-06-13 14:30:00-04:00,10815.9189453125
2022-06-13 15:30:00-04:00,10813.203125
2022-06-14 09:30:00-04:00,10784.44140625
2022-06-14 10:30:00-04:00,10817.0126953125
2022-06-14 11:30:00-04:00,10825.5478515625
2022-06-14 12:30:00-04:00,10882.869140625
2022-06-14 13:30:00-04:00,10841.416015625
2022-06-14 14:30:00-04:00,10789.1982421875
2022-06-14 15:30:00-04:00,10827.8173828125
2022-06-15 09:30:00-04:00,11005.03125
2022-06-15 10:30:00-04:00,10991.373046875
2022-06-15 11:30:00-04:00,11045.041015625
2022-06-15 12:30:00-04:00,11020.91796875
2022-06-15 13:30:00-04:00,10958.2529296875
2022-06-15 14:30:00-04:00,11193.0048828125
2022-06-15 15:30:00-04:00,11097.7412109375
2022-06-16 09:30:00-04:00,10724.2705078125
2022-06-16 10:30:00-04:00,10704.2744140625
2022-06-16 11:30:00-04:00,10677.033203125
2022-06-16 12:30:00-04:00,10698.349609375
2022-06-16 13:30:00-04:00,10591.005859375
2022-06-16 14:30:00-04:00,10650.16015625
2022-06-16 15:30:00-04:00,10650.8759765625
2022-06-17 09:30:00-04:00,10701.9306640625
2022-06-17 10:30:00-04:00,10788.33984375
2022-06-17 11:30:00-04:00,10768.9677734375
2022-06-17 12:30:00-04:00,10845.4013671875
2022-06-17 13:30:00-04:00,10852.8232421875
2022-06-17 14:30:00-04:00,10845.6484375
2022-06-17 15:30:00-04:00,10794.2548828125
2022-06-21 09:30:00-04:00,11120.23828125
2022-06-21 10:30:00-04:00,11135.4970703125
2022-06-21 11:30:00-04:00,11095.302734375
2022-06-21 12:30:00-04:00,11108.9287109375
2022-06-21 13:30:00-04:00,11089.5263671875
2022-06-21 14:30:00-04:00,11101.6943359375
2022-06-21 15:30:00-04:00,11068.5986328125
2022-06-22 09:30:00-04:00,11179.1494140625
2022-06-22 10:30:00-04:00,11153.216796875
2022-06-22 11:30:00-04:00,11098.1953125
2022-06-22 12:30:00-04:00,11143.134765625
2022-06-22 13:30:00-04:00,11147.8310546875
2022-06-22 14:30:00-04:00,11088.099609375
2022-06-22 15:30:00-04:00,11052.40625
2022-06-23 09:30:00-04:00,11139.755859375
2022-06-23 10:30:00-04:00,11198.1826171875
2022-06-23 11:30:00-04:00,11131.5556640625
2022-06-23 12:30:00-04:00,11076.4833984375
2022-06-23 13:30:00-04:00,11139.068359375
2022-06-23 14:30:00-04:00,11195.2138671875
2022-06-23 15:30:00-04:00,11233.103515625
2022-06-24 09:30:00-04:00,11524.2080078125
2022-06-24 10:30:00-04:00,11480.2529296875
2022-06-24 11:30:00-04:00,11495.1513671875
2022-06-24 12:30:00-04:00,11504.7001953125
2022-06-24 13:30:00-04:00,11514.61328125
2022-06-24 14:30:00-04:00,11537.5234375
2022-06-24 15:30:00-04:00,11610.1357421875
2022-06-27 09:30:00-04:00,11513.888671875
2022-06-27 10:30:00-04:00,11608.5859375
2022-06-27 11:30:00-04:00,11533.5400390625
2022-06-27 12:30:00-04:00,11555.681640625
2022-06-27 13:30:00-04:00,11530.1708984375
2022-06-27 14:30:00-04:00,11530.7802734375
2022-06-27 15:30:00-04:00,11501.91796875
2022-06-28 09:30:00-04:00,11504.4912109375
2022-06-28 10:30:00-04:00,11363.830078125
2022-06-28 11:30:00-04:00,11307.341796875
2022-06-28 12:30:00-04:00,11274.3125
2022-06-28 13:30:00-04:00,11229.2705078125
2022-06-28 14:30:00-04:00,11218.7119140625
2022-06-28 15:30:00-04:00,11183.8154296875
2022-06-29 09:30:00-04:00,11175.884765625
2022-06-29 10:30:00-04:00,11153.44140625
2022-06-29 11:30:00-04:00,11101.037109375
2022-06-29 12:30:00-04:00,11135.8388671875
2022-06-29 13:30:00-04:00,11187.1591796875
2022-06-29 14:30:00-04:00,11198.328125
2022-06-29 15:30:00-04:00,11176.923828125
2022-06-30 09:30:00-04:00,10883.9599609375
2022-06-30 10:30:00-04:00,11060.4921875
2022-06-30 11:30:00-04:00,11131.662109375
2022-06-30 12:30:00-04:00,11095.361328125
2022-06-30 13:30:00-04:00,11091.1572265625
2022-06-30 14:30:00-04:00,11038.2431640625
2022-06-30 15:30:00-04:00,11031.939453125
2022-07-01 09:30:00-04:00,10966.8935546875
2022-07-01 10:30:00-04:00,10998.8466796875
2022-07-01 11:30:00-04:00,11004.048828125
2022-07-01 12:30:00-04:00,10991.7646484375
2022-07-01 13:30:00-04:00,11057.71875
2022-07-01 14:30:00-04:00,11088.7705078125
2022-07-01 15:30:00-04:00,11124.7705078125
2022-07-05 09:30:00-04:00,11015.927734375
2022-07-05 10:30:00-04:00,11017.0478515625
2022-07-05 11:30:00-04:00,11143.8662109375
2022-07-05 12:30:00-04:00,11176.623046875
2022-07-05 13:30:00-04:00,11224.65234375
2022-07-05 14:30:00-04:00,11298.6318359375
2022-07-05 15:30:00-04:00,11323.490234375
2022-07-06 09:30:00-04:00,11317.544921875
2022-07-06 10:30:00-04:00,11283.619140625
2022-07-06 11:30:00-04:00,11295.72265625
2022-07-06 12:30:00-04:00,11322.560546875
2022-07-06 13:30:00-04:00,11352.44921875
2022-07-06 14:30:00-04:00,11426.958984375
2022-07-06 15:30:00-04:00,11362.19921875
2022-07-07 09:30:00-04:00,11526.1640625
2022-07-07 10:30:00-04:00,11533.0810546875
2022-07-07 11:30:00-04:00,11577.716796875
2022-07-07 12:30:00-04:00,11577.591796875
2022-07-07 13:30:00-04:00,11626.31640625
2022-07-07 14:30:00-04:00,11622.3046875
2022-07-07 15:30:00-04:00,11619.4423828125
2022-07-08 09:30:00-04:00,11607.1337890625
2022-07-08 10:30:00-04:00,11685.1982421875
2022-07-08 11:30:00-04:00,11576.392578125
2022-07-08 12:30:00-04:00,11597.353515625
2022-07-08 13:30:00-04:00,11642.099609375
2022-07-08 14:30:00-04:00,11634.5087890625
2022-07-08 15:30:00-04:00,11635.251953125
2022-07-11 09:30:00-04:00,11404.2158203125
2022-07-11 10:30:00-04:00,11422.7978515625
2022-07-11 11:30:00-04:00,11409.62109375
2022-07-11 12:30:00-04:00,11456.8037109375
2022-07-11 13:30:00-04:00,11428.796875
2022-07-11 14:30:00-04:00,11385.828125
2022-07-11 15:30:00-04:00,11374.484375
2022-07-12 09:30:00-04:00,11311.515625
2022-07-12 10:30:00-04:00,11389.7568359375
2022-07-12 11:30:00-04:00,11384.30859375
2022-07-12 12:30:00-04:00,11362.6279296875
2022-07-12 13:30:00-04:00,11360.0185546875
2022-07-12 14:30:00-04:00,11242.0654296875
2022-07-12 15:30:00-04:00,11266.28125
2022-07-13 09:30:00-04:00,11161.533203125
2022-07-13 10:30:00-04:00,11241.21484375
2022-07-13 11:30:00-04:00,11257.7939453125
2022-07-13 12:30:00-04:00,11295.9404296875
2022-07-13 13:30:00-04:00,11288.2041015625
2022-07-13 14:30:00-04:00,11276.1162109375
2022-07-13 15:30:00-04:00,11245.8623046875
2022-07-14 09:30:00-04:00,11041.7236328125
2022-07-14 10:30:00-04:00,11125.2919921875
2022-07-14 11:30:00-04:00,11123.740234375
2022-07-14 12:30:00-04:00,11166.3974609375
2022-07-14 13:30:00-04:00,11251.1181640625
2022-07-14 14:30:00-04:00,11271.7216796875
2022-07-14 15:30:00-04:00,11251.5
2022-07-15 09:30:00-04:00,11401.833984375
2022-07-15 10:30:00-04:00,11412.8369140625
2022-07-15 11:30:00-04:00,11401.546875
2022-07-15 12:30:00-04:00,11424.744140625
2022-07-15 13:30:00-04:00,11420.7177734375
2022-07-15 14:30:00-04:00,11422.6357421875
2022-07-15 15:30:00-04:00,11448.0341796875
2022-07-18 09:30:00-04:00,11572.33984375
2022-07-18 10:30:00-04:00,11585.447265625
2022-07-18 11:30:00-04:00,11607.5791015625
2022-07-18 12:30:00-04:00,11566.08203125
2022-07-18 13:30:00-04:00,11432.396484375
2022-07-18 14:30:00-04:00,11379.328125
2022-07-18 15:30:00-04:00,11357.9189453125
2022-07-19 09:30:00-04:00,11535.2841796875
2022-07-19 10:30:00-04:00,11609.2265625
2022-07-19 11:30:00-04:00,11628.0869140625
2022-07-19 12:30:00-04:00,11639.4150390625
2022-07-19 13:30:00-04:00,11673.673828125
2022-07-19 14:30:00-04:00,11696.6240234375
2022-07-19 15:30:00-04:00,11709.30078125
2022-07-20 09:30:00-04:00,11830.0361328125
2022-07-20 10:30:00-04:00,11900.24609375
2022-07-20 11:30:00-04:00,11911.41796875
2022-07-20 12:30:00-04:00,11841.2490234375
2022-07-20 13:30:00-04:00,11875.666015625
2022-07-20 14:30:00-04:00,11924.126953125
2022-07-20 15:30:00-04:00,11896.341796875
2022-07-21 09:30:00-04:00,11832.056640625
2022-07-21 10:30:00-04:00,11929.060546875
2022-07-21 11:30:00-04:00,12014.9462890625
2022-07-21 12:30:00-04:00,11996.68359375
2022-07-21 13:30:00-04:00,12023.4287109375
2022-07-21 14:30:00-04:00,12023.3193359375
2022-07-21 15:30:00-04:00,12058.6982421875
2022-07-22 09:30:00-04:00,11990.4287109375
2022-07-22 10:30:00-04:00,11908.103515625
2022-07-22 11:30:00-04:00,11849.1376953125
2022-07-22 12:30:00-04:00,11808.79296875
2022-07-22 13:30:00-04:00,11783.0888671875
2022-07-22 14:30:00-04:00,11838.15234375
2022-07-22 15:30:00-04:00,11835.662109375
2022-07-25 09:30:00-04:00,11760.484375
2022-07-25 10:30:00-04:00,11782.505859375
2022-07-25 11:30:00-04:00,11783.9150390625
2022-07-25 12:30:00-04:00,11789.4189453125
2022-07-25 13:30:00-04:00,11747.4111328125
2022-07-25 14:30:00-04:00,11721.044921875
2022-07-25 15:30:00-04:00,11780.302734375
2022-07-26 09:30:00-04:00,11615.638671875
2022-07-26 10:30:00-04:00,11591.5830078125
2022-07-26 11:30:00-04:00,11577.6162109375
2022-07-26 12:30:00-04:00,11598.74609375
2022-07-26 13:30:00-04:00,11549.0078125
2022-07-26 14:30:00-04:00,11550.912109375
2022-07-26 15:30:00-04:00,11559.474609375
2022-07-27 09:30:00-04:00,11824.9619140625
2022-07-27 10:30:00-04:00,11843.240234375
2022-07-27 11:30:00-04:00,11880.373046875
2022-07-27 12:30:00-04:00,11852.798828125
2022-07-27 13:30:00-04:00,11873.369140625
2022-07-27 14:30:00-04:00,12077.7412109375
2022-07-27 15:30:00-04:00,12025.51953125
2022-07-28 09:30:00-04:00,11904.5908203125
2022-07-28 10:30:00-04:00,12084.8359375
2022-07-28 11:30:00-04:00,12093.7294921875
2022-07-28 12:30:00-04:00,12109.8916015625
2022-07-28 13:30:00-04:00,12129.9541015625
2022-07-28 14:30:00-04:00,12168.4658203125
2022-07-28 15:30:00-04:00,12159.1435546875
2022-07-29 09:30:00-04:00,12346.5771484375
2022-07-29 10:30:00-04:00,12239.6669921875
2022-07-29 11:30:00-04:00,12290.2568359375
2022-07-29 12:30:00-04:00,12316.70703125
2022-07-29 13:30:00-04:00,12374.5029296875
2022-07-29 14:30:00-04:00,12410.5634765625
2022-07-29 15:30:00-04:00,12389.6572265625
2022-08-01 09:30:00-04:00,12380.09375
2022-08-01 10:30:00-04:00,12469.0810546875
2022-08-01 11:30:00-04:00,12435.892578125
2022-08-01 12:30:00-04:00,12353.70703125
2022-08-01 13:30:00-04:00,12360.1083984375
2022-08-01 14:30:00-04:00,12360.48046875
2022-08-01 15:30:00-04:00,12367.9384765625
2022-08-02 09:30:00-04:00,12327.328125
2022-08-02 10:30:00-04:00,12388.3330078125
2022-08-02 11:30:00-04:00,12483.4970703125
2022-08-02 12:30:00-04:00,12415.70703125
2022-08-02 13:30:00-04:00,12403.4521484375
2022-08-02 14:30:00-04:00,12384.373046875
2022-08-02 15:30:00-04:00,12347.61328125
2022-08-03 09:30:00-04:00,12538.0712890625
2022-08-03 10:30:00-04:00,12579.228515625
2022-08-03 11:30:00-04:00,12607.16015625
2022-08-03 12:30:00-04:00,12663.2763671875
2022-08-03 13:30:00-04:00,12677.3701171875
2022-08-03 14:30:00-04:00,12666.63671875
2022-08-03 15:30:00-04:00,12667.6572265625
2022-08-04 09:30:00-04:00,12653.966796875
2022-08-04 10:30:00-04:00,12628.4912109375
2022-08-04 11:30:00-04:00,12709.7958984375
2022-08-04 12:30:00-04:00,12704.09375
2022-08-04 13:30:00-04:00,12699.552734375
2022-08-04 14:30:00-04:00,12723.7744140625
2022-08-04 15:30:00-04:00,12720.3798828125
2022-08-05 09:30:00-04:00,12690.9345703125
2022-08-05 10:30:00-04:00,12529.40625
2022-08-05 11:30:00-04:00,12602.80859375
2022-08-05 12:30:00-04:00,12642.9130859375
2022-08-05 13:30:00-04:00,12593.93359375
2022-08-05 14:30:00-04:00,12619.4033203125
2022-08-05 15:30:00-04:00,12656.8662109375
2022-08-08 09:30:00-04:00,12804.181640625
2022-08-08 10:30:00-04:00,12747.939453125
2022-08-08 11:30:00-04:00,12639.4345703125
2022-08-08 12:30:00-04:00,12655.1318359375
2022-08-08 13:30:00-04:00,12628.978515625
2022-08-08 14:30:00-04:00,12633.9541015625
2022-08-08 15:30:00-04:00,12645.43359375
2022-08-09 09:30:00-04:00,12497.9501953125
2022-08-09 10:30:00-04:00,12513.2509765625
2022-08-09 11:30:00-04:00,12440.755859375
2022-08-09 12:30:00-04:00,12472.3466796875
2022-08-09 13:30:00-04:00,12460.9248046875
2022-08-09 14:30:00-04:00,12505.40625
2022-08-09 15:30:00-04:00,12494.5390625
2022-08-10 09:30:00-04:00,12739.2119140625
2022-08-10 10:30:00-04:00,12810.388671875
2022-08-10 11:30:00-04:00,12796.458984375
2022-08-10 12:30:00-04:00,12809.8466796875
2022-08-10 13:30:00-04:00,12821.25390625
2022-08-10 14:30:00-04:00,12837.8935546875
2022-08-10 15:30:00-04:00,12849.0478515625
2022-08-11 09:30:00-04:00,12983.0576171875
2022-08-11 10:30:00-04:00,12882.5859375
2022-08-11 11:30:00-04:00,12862.421875
2022-08-11 12:30:00-04:00,12875.693359375
2022-08-11 13:30:00-04:00,12825.16796875
2022-08-11 14:30:00-04:00,12786.5185546875
2022-08-11 15:30:00-04:00,12780.078125
2022-08-12 09:30:00-04:00,12893.978515625
2022-08-12 10:30:00-04:00,12934.0419921875
2022-08-12 11:30:00-04:00,12958.330078125
2022-08-12 12:30:00-04:00,12964.818359375
2022-08-12 13:30:00-04:00,12984.330078125
2022-08-12 14:30:00-04:00,13024.18359375
2022-08-12 15:30:00-04:00,13044.349609375
2022-08-15 09:30:00-04:00,13015.4296875
2022-08-15 10:30:00-04:00,13037.19921875
2022-08-15 11:30:00-04:00,13102.4580078125
2022-08-15 12:30:00-04:00,13113.13671875
2022-08-15 13:30:00-04:00,13099.3408203125
2022-08-15 14:30:00-04:00,13143.244140625
2022-08-15 15:30:00-04:00,13126.9873046875
2022-08-16 09:30:00-04:00,13016.228515625
2022-08-16 10:30:00-04:00,13076.95703125
2022-08-16 11:30:00-04:00,13104.0146484375
2022-08-16 12:30:00-04:00,13116.5625
2022-08-16 13:30:00-04:00,13157.3447265625
2022-08-16 14:30:00-04:00,13094.3623046875
2022-08-16 15:30:00-04:00,13103.142578125
2022-08-17 09:30:00-04:00,12939.576171875
2022-08-17 10:30:00-04:00,12910.9091796875
2022-08-17 11:30:00-04:00,12914.27734375
2022-08-17 12:30:00-04:00,12943.935546875
2022-08-17 13:30:00-04:00,13016.634765625
2022-08-17 14:30:00-04:00,12960.57421875
2022-08-17 15:30:00-04:00,12934.0224609375
2022-08-18 09:30:00-04:00,12909.916015625
2022-08-18 10:30:00-04:00,12979.2744140625
2022-08-18 11:30:00-04:00,12946.47265625
2022-08-18 12:30:00-04:00,12966.841796875
2022-08-18 13:30:00-04:00,12968.58203125
2022-08-18 14:30:00-04:00,12995.9453125
2022-08-18 15:30:00-04:00,12965.009765625
2022-08-19 09:30:00-04:00,12737.615234375
2022-08-19 10:30:00-04:00,12705.6953125
2022-08-19 11:30:00-04:00,12712.5048828125
2022-08-19 12:30:00-04:00,12707.494140625
2022-08-19 13:30:00-04:00,12705.044921875
2022-08-19 14:30:00-04:00,12709.62890625
2022-08-19 15:30:00-04:00,12706.455078125
2022-08-22 09:30:00-04:00,12441.4365234375
2022-08-22 10:30:00-04:00,12430.4814453125
2022-08-22 11:30:00-04:00,12446.595703125
2022-08-22 12:30:00-04:00,12415.8427734375
2022-08-22 13:30:00-04:00,12392.064453125
2022-08-22 14:30:00-04:00,12379.4658203125
2022-08-22 15:30:00-04:00,12383.7265625
2022-08-23 09:30:00-04:00,12434.767578125
2022-08-23 10:30:00-04:00,12395.2412109375
2022-08-23 11:30:00-04:00,12366.123046875
2022-08-23 12:30:00-04:00,12422.2392578125
2022-08-23 13:30:00-04:00,12422.2744140625
2022-08-23 14:30:00-04:00,12409.4375
2022-08-23 15:30:00-04:00,12378.4560546875
2022-08-24 09:30:00-04:00,12435.61328125
2022-08-24 10:30:00-04:00,12485.25
2022-08-24 11:30:00-04:00,12480.373046875
2022-08-24 12:30:00-04:00,12419.4736328125
2022-08-24 13:30:00-04:00,12441.9443359375
2022-08-24 14:30:00-04:00,12451.0478515625
2022-08-24 15:30:00-04:00,12427.66015625
2022-08-25 09:30:00-04:00,12586.9912109375
2022-08-25 10:30:00-04:00,12519.330078125
2022-08-25 11:30:00-04:00,12531.68359375
2022-08-25 12:30:00-04:00,12548.2099609375
2022-08-25 13:30:00-04:00,12574.31640625
2022-08-25 14:30:00-04:00,12577.1318359375
2022-08-25 15:30:00-04:00,12641.259765625
2022-08-26 09:30:00-04:00,12479.2373046875
2022-08-26 10:30:00-04:00,12328.255859375
2022-08-26 11:30:00-04:00,12284.8359375
2022-08-26 12:30:00-04:00,12293.0927734375
2022-08-26 13:30:00-04:00,12236.197265625
2022-08-26 14:30:00-04:00,12197.91015625
2022-08-26 15:30:00-04:00,12143.9716796875
2022-08-29 09:30:00-04:00,12094.091796875
2022-08-29 10:30:00-04:00,11997.33984375
2022-08-29 11:30:00-04:00,12053.3916015625
2022-08-29 12:30:00-04:00,12077.2607421875
2022-08-29 13:30:00-04:00,12064.1328125
2022-08-29 14:30:00-04:00,12071.1845703125
2022-08-29 15:30:00-04:00,12017.7255859375
2022-08-30 09:30:00-04:00,11942.1455078125
2022-08-30 10:30:00-04:00,11879.7744140625
2022-08-30 11:30:00-04:00,11877.34375
2022-08-30 12:30:00-04:00,11811.42578125
2022-08-30 13:30:00-04:00,11824.69921875
2022-08-30 14:30:00-04:00,11882.228515625
2022-08-30 15:30:00-04:00,11884.091796875
2022-08-31 09:30:00-04:00,11909.3349609375
2022-08-31 10:30:00-04:00,11865.513671875
2022-08-31 11:30:00-04:00,11893.298828125
2022-08-31 12:30:00-04:00,11856.080078125
2022-08-31 13:30:00-04:00,11860.208984375
2022-08-31 14:30:00-04:00,11868.185546875
2022-08-31 15:30:00-04:00,11815.8740234375
2022-09-01 09:30:00-04:00,11679.400390625
2022-09-01 10:30:00-04:00,11557.28515625
2022-09-01 11:30:00-04:00,11586.3583984375
2022-09-01 12:30:00-04:00,11635.1923828125
2022-09-01 13:30:00-04:00,11683.6923828125
2022-09-01 14:30:00-04:00,11703.55078125
2022-09-01 15:30:00-04:00,11792.115234375
2022-09-02 09:30:00-04:00,11893.9609375
2022-09-02 10:30:00-04:00,11913.412109375
2022-09-02 11:30:00-04:00,11822.2265625
2022-09-02 12:30:00-04:00,11663.0751953125
2022-09-02 13:30:00-04:00,11665.2109375
2022-09-02 14:30:00-04:00,11637.0400390625
2022-09-02 15:30:00-04:00,11635.6015625
2022-09-06 09:30:00-04:00,11525.3232421875
2022-09-06 10:30:00-04:00,11594.439453125
2022-09-06 11:30:00-04:00,11574.228515625
2022-09-06 12:30:00-04:00,11514.84375
2022-09-06 13:30:00-04:00,11568.06640625
2022-09-06 14:30:00-04:00,11558.626953125
2022-09-06 15:30:00-04:00,11545.919921875
2022-09-07 09:30:00-04:00,11597.7431640625
2022-09-07 10:30:00-04:00,11648.3408203125
2022-09-07 11:30:00-04:00,11641.611328125
2022-09-07 12:30:00-04:00,11677.0888671875
2022-09-07 13:30:00-04:00,11761.83203125
2022-09-07 14:30:00-04:00,11817.4326171875
2022-09-07 15:30:00-04:00,11789.62890625
2022-09-08 09:30:00-04:00,11786.41796875
2022-09-08 10:30:00-04:00,11881.2626953125
2022-09-08 11:30:00-04:00,11716.6298828125
2022-09-08 12:30:00-04:00,11809.60546875
2022-09-08 13:30:00-04:00,11805.5595703125
2022-09-08 14:30:00-04:00,11822.0556640625
2022-09-08 15:30:00-04:00,11861.103515625
2022-09-09 09:30:00-04:00,12047.634765625
2022-09-09 10:30:00-04:00,12076.388671875
2022-09-09 11:30:00-04:00,12052.728515625
2022-09-09 12:30:00-04:00,12108.306640625
2022-09-09 13:30:00-04:00,12117.9580078125
2022-09-09 14:30:00-04:00,12116.7685546875
2022-09-09 15:30:00-04:00,12112.0654296875
2022-09-12 09:30:00-04:00,12257.109375
2022-09-12 10:30:00-04:00,12245.3466796875
2022-09-12 11:30:00-04:00,12208.6015625
2022-09-12 12:30:00-04:00,12254.560546875
2022-09-12 13:30:00-04:00,12223.2509765625
2022-09-12 14:30:00-04:00,12245.8642578125
2022-09-12 15:30:00-04:00,12266.0029296875
2022-09-13 09:30:00-04:00,11865.8681640625
2022-09-13 10:30:00-04:00,11765.34375
2022-09-13 11:30:00-04:00,11780.28515625
2022-09-13 12:30:00-04:00,11824.1533203125
2022-09-13 13:30:00-04:00,11755.7880859375
2022-09-13 14:30:00-04:00,11666.59375
2022-09-13 15:30:00-04:00,11629.9384765625
2022-09-14 09:30:00-04:00,11611.7978515625
2022-09-14 10:30:00-04:00,11700.470703125
2022-09-14 11:30:00-04:00,11707.96875
2022-09-14 12:30:00-04:00,11719.9970703125
2022-09-14 13:30:00-04:00,11660.8525390625
2022-09-14 14:30:00-04:00,11634.3291015625
2022-09-14 15:30:00-04:00,11725.306640625
2022-09-15 09:30:00-04:00,11660.212890625
2022-09-15 10:30:00-04:00,11592.9755859375
2022-09-15 11:30:00-04:00,11565.6982421875
2022-09-15 12:30:00-04:00,11677.3896484375
2022-09-15 13:30:00-04:00,11605.7705078125
2022-09-15 14:30:00-04:00,11502.6337890625
2022-09-15 15:30:00-04:00,11553.037109375
2022-09-16 09:30:00-04:00,11375.712890625
2022-09-16 10:30:00-04:00,11361.2822265625
2022-09-16 11:30:00-04:00,11328.078125
2022-09-16 12:30:00-04:00,11347.076171875
2022-09-16 13:30:00-04:00,11392.5068359375
2022-09-16 14:30:00-04:00,11413.486328125
2022-09-16 15:30:00-04:00,11445.20703125
2022-09-19 09:30:00-04:00,11425.3193359375
2022-09-19 10:30:00-04:00,11425.052734375
2022-09-19 11:30:00-04:00,11401.48046875
2022-09-19 12:30:00-04:00,11458.3876953125
2022-09-19 13:30:00-04:00,11439.8515625
2022-09-19 14:30:00-04:00,11521.86328125
2022-09-19 15:30:00-04:00,11535.3515625
2022-09-20 09:30:00-04:00,11437.3984375
2022-09-20 10:30:00-04:00,11480.591796875
2022-09-20 11:30:00-04:00,11471.58203125
2022-09-20 12:30:00-04:00,11394.7109375
2022-09-20 13:30:00-04:00,11389.189453125
2022-09-20 14:30:00-04:00,11435.2724609375
2022-09-20 15:30:00-04:00,11427.146484375
2022-09-21 09:30:00-04:00,11495.9951171875
2022-09-21 10:30:00-04:00,11464.2470703125
2022-09-21 11:30:00-04:00,11486.2783203125
2022-09-21 12:30:00-04:00,11474.23046875
2022-09-21 13:30:00-04:00,11355.158203125
2022-09-21 14:30:00-04:00,11365.2294921875
2022-09-21 15:30:00-04:00,11219.8857421875
2022-09-22 09:30:00-04:00,11107.966796875
2022-09-22 10:30:00-04:00,11050.306640625
2022-09-22 11:30:00-04:00,11075.9873046875
2022-09-22 12:30:00-04:00,11064.2451171875
2022-09-22 13:30:00-04:00,11040.2373046875
2022-09-22 14:30:00-04:00,11116.9375
2022-09-22 15:30:00-04:00,11064.322265625
2022-09-23 09:30:00-04:00,10881.2763671875
2022-09-23 10:30:00-04:00,10866.775390625
2022-09-23 11:30:00-04:00,10794.677734375
2022-09-23 12:30:00-04:00,10811.7158203125
2022-09-23 13:30:00-04:00,10780.095703125
2022-09-23 14:30:00-04:00,10817.9833984375
2022-09-23 15:30:00-04:00,10873.63671875
2022-09-26 09:30:00-04:00,11012.9453125
2022-09-26 10:30:00-04:00,10872.9619140625
2022-09-26 11:30:00-04:00,10821.7392578125
2022-09-26 12:30:00-04:00,10810.544921875
2022-09-26 13:30:00-04:00,10818.41796875
2022-09-26 14:30:00-04:00,10859.857421875
2022-09-26 15:30:00-04:00,10805.3408203125
2022-09-27 09:30:00-04:00,10930.8056640625
2022-09-27 10:30:00-04:00,10880.1484375
2022-09-27 11:30:00-04:00,10778.1025390625
2022-09-27 12:30:00-04:00,10775.140625
2022-09-27 13:30:00-04:00,10774.1220703125
2022-09-27 14:30:00-04:00,10807.5595703125
2022-09-27 15:30:00-04:00,10834.2744140625
2022-09-28 09:30:00-04:00,10896.8818359375
2022-09-28 10:30:00-04:00,10927.8486328125
2022-09-28 11:30:00-04:00,10962.5751953125
2022-09-28 12:30:00-04:00,10989.5205078125
2022-09-28 13:30:00-04:00,10991.9072265625
2022-09-28 14:30:00-04:00,11057.0390625
2022-09-28 15:30:00-04:00,11049.056640625
2022-09-29 09:30:00-04:00,10709.66015625
2022-09-29 10:30:00-04:00,10725.810546875
2022-09-29 11:30:00-04:00,10722.603515625
2022-09-29 12:30:00-04:00,10695.634765625
2022-09-29 13:30:00-04:00,10655.83984375
2022-09-29 14:30:00-04:00,10679.9541015625
2022-09-29 15:30:00-04:00,10741.15234375
2022-09-30 09:30:00-04:00,10789.0
2022-09-30 10:30:00-04:00,10870.8154296875
2022-09-30 11:30:00-04:00,10766.1962890625
2022-09-30 12:30:00-04:00,10770.2705078125
2022-09-30 13:30:00-04:00,10704.2294921875
2022-09-30 14:30:00-04:00,10665.0869140625
2022-09-30 15:30:00-04:00,10578.775390625
2022-10-03 09:30:00-04:00,10740.431640625
2022-10-03 10:30:00-04:00,10757.390625
2022-10-03 11:30:00-04:00,10720.9736328125
2022-10-03 12:30:00-04:00,10775.77734375
2022-10-03 13:30:00-04:00,10844.1064453125
2022-10-03 14:30:00-04:00,10865.0478515625
2022-10-03 15:30:00-04:00,10813.544921875
2022-10-04 09:30:00-04:00,11144.8330078125
2022-10-04 10:30:00-04:00,11178.5302734375
2022-10-04 11:30:00-04:00,11168.4638671875
2022-10-04 12:30:00-04:00,11093.3076171875
2022-10-04 13:30:00-04:00,11117.904296875
2022-10-04 14:30:00-04:00,11141.638671875
2022-10-04 15:30:00-04:00,11176.1630859375
2022-10-05 09:30:00-04:00,10932.060546875
2022-10-05 10:30:00-04:00,10959.75
2022-10-05 11:30:00-04:00,11035.41015625
2022-10-05 12:30:00-04:00,11113.845703125
2022-10-05 13:30:00-04:00,11119.8974609375
2022-10-05 14:30:00-04:00,11179.21484375
2022-10-05 15:30:00-04:00,11148.033203125
2022-10-06 09:30:00-04:00,11054.890625
2022-10-06 10:30:00-04:00,11154.16796875
2022-10-06 11:30:00-04:00,11117.18359375
2022-10-06 12:30:00-04:00,11145.708984375
2022-10-06 13:30:00-04:00,11108.71484375
2022-10-06 14:30:00-04:00,11100.435546875
2022-10-06 15:30:00-04:00,11074.9296875
2022-10-07 09:30:00-04:00,10788.6259765625
2022-10-07 10:30:00-04:00,10758.8779296875
2022-10-07 11:30:00-04:00,10699.2734375
2022-10-07 12:30:00-04:00,10685.0048828125
2022-10-07 13:30:00-04:00,10653.765625
2022-10-07 14:30:00-04:00,10630.5126953125
2022-10-07 15:30:00-04:00,10654.82421875
2022-10-10 09:30:00-04:00,10600.5849609375
2022-10-10 10:30:00-04:00,10535.84765625
2022-10-10 11:30:00-04:00,10489.890625
2022-10-10 12:30:00-04:00,10497.0234375
2022-10-10 13:30:00-04:00,10558.4365234375
2022-10-10 14:30:00-04:00,10564.2275390625
2022-10-10 15:30:00-04:00,10539.26171875
2022-10-11 09:30:00-04:00,10401.2744140625
2022-10-11 10:30:00-04:00,10483.5078125
2022-10-11 11:30:00-04:00,10548.30078125
2022-10-11 12:30:00-04:00,10535.9765625
2022-10-11 13:30:00-04:00,10522.388671875
2022-10-11 14:30:00-04:00,10388.4658203125
2022-10-11 15:30:00-04:00,10424.01953125
2022-10-12 09:30:00-04:00,10423.0546875
2022-10-12 10:30:00-04:00,10444.3642578125
2022-10-12 11:30:00-04:00,10427.8955078125
2022-10-12 12:30:00-04:00,10443.7822265625
2022-10-12 13:30:00-04:00,10478.2646484375
2022-10-12 14:30:00-04:00,10440.4541015625
2022-10-12 15:30:00-04:00,10414.7666015625
2022-10-13 09:30:00-04:00,10209.0849609375
2022-10-13 10:30:00-04:00,10491.830078125
2022-10-13 11:30:00-04:00,10499.337890625
2022-10-13 12:30:00-04:00,10632.169921875
2022-10-13 13:30:00-04:00,10581.6181640625
2022-10-13 14:30:00-04:00,10655.7060546875
2022-10-13 15:30:00-04:00,10646.736328125
2022-10-14 09:30:00-04:00,10502.037109375
2022-10-14 10:30:00-04:00,10495.494140625
2022-10-14 11:30:00-04:00,10415.1787109375
2022-10-14 12:30:00-04:00,10404.470703125
2022-10-14 13:30:00-04:00,10370.638671875
2022-10-14 14:30:00-04:00,10366.1240234375
2022-10-14 15:30:00-04:00,10323.3291015625
2022-10-17 09:30:00-04:00,10654.10546875
2022-10-17 10:30:00-04:00,10652.2607421875
2022-10-17 11:30:00-04:00,10667.28515625
2022-10-17 12:30:00-04:00,10666.23046875
2022-10-17 13:30:00-04:00,10670.6474609375
2022-10-17 14:30:00-04:00,10676.7412109375
2022-10-17 15:30:00-04:00,10676.8056640625
2022-10-18 09:30:00-04:00,10832.8125
2022-10-18 10:30:00-04:00,10711.6640625
2022-10-18 11:30:00-04:00,10764.369140625
2022-10-18 12:30:00-04:00,10781.2578125
2022-10-18 13:30:00-04:00,10808.703125
2022-10-18 14:30:00-04:00,10727.720703125
2022-10-18 15:30:00-04:00,10773.1591796875
2022-10-19 09:30:00-04:00,10801.4287109375
2022-10-19 10:30:00-04:00,10719.08203125
2022-10-19 11:30:00-04:00,10680.8193359375
2022-10-19 12:30:00-04:00,10621.9970703125
2022-10-19 13:30:00-04:00,10670.2900390625
2022-10-19 14:30:00-04:00,10647.06640625
2022-10-19 15:30:00-04:00,10683.6123046875
2022-10-20 09:30:00-04:00,10822.310546875
2022-10-20 10:30:00-04:00,10783.6474609375
2022-10-20 11:30:00-04:00,10711.4169921875
2022-10-20 12:30:00-04:00,10669.5693359375
2022-10-20 13:30:00-04:00,10584.650390625
2022-10-20 14:30:00-04:00,10606.5556640625
2022-10-20 15:30:00-04:00,10614.484375
2022-10-21 09:30:00-04:00,10630.30078125
2022-10-21 10:30:00-04:00,10637.935546875
2022-10-21 11:30:00-04:00,10703.712890625
2022-10-21 12:30:00-04:00,10756.7177734375
2022-10-21 13:30:00-04:00,10799.7685546875
2022-10-21 14:30:00-04:00,10864.0927734375
2022-10-21 15:30:00-04:00,10859.9599609375
2022-10-24 09:30:00-04:00,10747.9072265625
2022-10-24 10:30:00-04:00,10859.23828125
2022-10-24 11:30:00-04:00,10913.7939453125
2022-10-24 12:30:00-04:00,10876.95703125
2022-10-24 13:30:00-04:00,10910.1279296875
2022-10-24 14:30:00-04:00,10975.0556640625
2022-10-24 15:30:00-04:00,10952.712890625
2022-10-25 09:30:00-04:00,11127.9365234375
2022-10-25 10:30:00-04:00,11156.9111328125
2022-10-25 11:30:00-04:00,11175.7724609375
2022-10-25 12:30:00-04:00,11129.4599609375
2022-10-25 13:30:00-04:00,11168.5390625
2022-10-25 14:30:00-04:00,11199.0068359375
2022-10-25 15:30:00-04:00,11200.1611328125
2022-10-26 09:30:00-04:00,11085.896484375
2022-10-26 10:30:00-04:00,11187.26953125
2022-10-26 11:30:00-04:00,11152.748046875
2022-10-26 12:30:00-04:00,11009.4931640625
2022-10-26 13:30:00-04:00,11004.29296875
2022-10-26 14:30:00-04:00,10987.2734375
2022-10-26 15:30:00-04:00,10967.5361328125
2022-10-27 09:30:00-04:00,10971.3798828125
2022-10-27 10:30:00-04:00,10891.7890625
2022-10-27 11:30:00-04:00,10817.28125
2022-10-27 12:30:00-04:00,10856.375
2022-10-27 13:30:00-04:00,10815.2373046875
2022-10-27 14:30:00-04:00,10820.6015625
2022-10-27 15:30:00-04:00,10792.3671875
2022-10-28 09:30:00-04:00,10899.6259765625
2022-10-28 10:30:00-04:00,10962.8974609375
2022-10-28 11:30:00-04:00,11020.78515625
2022-10-28 12:30:00-04:00,11045.1259765625
2022-10-28 13:30:00-04:00,11054.12890625
2022-10-28 14:30:00-04:00,11097.2470703125
2022-10-28 15:30:00-04:00,11099.7744140625
2022-10-31 09:30:00-04:00,10941.05859375
2022-10-31 10:30:00-04:00,11001.486328125
2022-10-31 11:30:00-04:00,11018.0537109375
2022-10-31 12:30:00-04:00,11030.029296875
2022-10-31 13:30:00-04:00,11014.3515625
2022-10-31 14:30:00-04:00,10996.654296875
2022-10-31 15:30:00-04:00,10988.8984375
2022-11-01 09:30:00-04:00,10986.6484375
2022-11-01 10:30:00-04:00,10933.951171875
2022-11-01 11:30:00-04:00,10903.7451171875
2022-11-01 12:30:00-04:00,10918.1875
2022-11-01 13:30:00-04:00,10922.1767578125
2022-11-01 14:30:00-04:00,10896.6181640625
2022-11-01 15:30:00-04:00,10889.994140625
2022-11-02 09:30:00-04:00,10814.900390625
2022-11-02 10:30:00-04:00,10783.4091796875
2022-11-02 11:30:00-04:00,10753.427734375
2022-11-02 12:30:00-04:00,10769.119140625
2022-11-02 13:30:00-04:00,10976.2607421875
2022-11-02 14:30:00-04:00,10594.013671875
2022-11-02 15:30:00-04:00,10523.255859375
2022-11-03 09:30:00-04:00,10442.654296875
2022-11-03 10:30:00-04:00,10392.310546875
2022-11-03 11:30:00-04:00,10419.96875
2022-11-03 12:30:00-04:00,10413.1298828125
2022-11-03 13:30:00-04:00,10417.6923828125
2022-11-03 14:30:00-04:00,10406.4453125
2022-11-03 15:30:00-04:00,10343.193359375
2022-11-04 09:30:00-04:00,10514.7353515625
2022-11-04 10:30:00-04:00,10407.482421875
2022-11-04 11:30:00-04:00,10372.2998046875
2022-11-04 12:30:00-04:00,10294.6826171875
2022-11-04 13:30:00-04:00,10334.66015625
2022-11-04 14:30:00-04:00,10420.099609375
2022-11-04 15:30:00-04:00,10476.9033203125
2022-11-07 09:30:00-05:00,10458.625
2022-11-07 10:30:00-05:00,10505.8251953125
2022-11-07 11:30:00-05:00,10469.0224609375
2022-11-07 12:30:00-05:00,10486.4033203125
2022-11-07 13:30:00-05:00,10556.931640625
2022-11-07 14:30:00-05:00,10576.3037109375
2022-11-07 15:30:00-05:00,10564.771484375
2022-11-08 09:30:00-05:00,10608.9921875
2022-11-08 10:30:00-05:00,10711.251953125
2022-11-08 11:30:00-05:00,10716.990234375
2022-11-08 12:30:00-05:00,10623.296875
2022-11-08 13:30:00-05:00,10487.1904296875
2022-11-08 14:30:00-05:00,10630.7548828125
2022-11-08 15:30:00-05:00,10616.37109375
2022-11-09 09:30:00-05:00,10517.822265625
2022-11-09 10:30:00-05:00,10503.919921875
2022-11-09 11:30:00-05:00,10476.1083984375
2022-11-09 12:30:00-05:00,10439.23046875
2022-11-09 13:30:00-05:00,10421.169921875
2022-11-09 14:30:00-05:00,10390.8037109375
2022-11-09 15:30:00-05:00,10353.80859375
2022-11-10 09:30:00-05:00,10932.7958984375
2022-11-10 10:30:00-05:00,10961.5517578125
2022-11-10 11:30:00-05:00,10975.4404296875
2022-11-10 12:30:00-05:00,10969.2587890625
2022-11-10 13:30:00-05:00,10998.984375
2022-11-10 14:30:00-05:00,11059.33984375
2022-11-10 15:30:00-05:00,11107.6591796875
2022-11-11 09:30:00-05:00,11257.822265625
2022-11-11 10:30:00-05:00,11159.7216796875
2022-11-11 11:30:00-05:00,11232.58203125
2022-11-11 12:30:00-05:00,11303.1318359375
2022-11-11 13:30:00-05:00,11334.9052734375
2022-11-11 14:30:00-05:00,11311.7294921875
2022-11-11 15:30:00-05:00,11319.443359375
2022-11-14 09:30:00-05:00,11245.28515625
2022-11-14 10:30:00-05:00,11210.287109375
2022-11-14 11:30:00-05:00,11274.6015625
2022-11-14 12:30:00-05:00,11334.9501953125
2022-11-14 13:30:00-05:00,11334.0849609375
2022-11-14 14:30:00-05:00,11280.9404296875
2022-11-14 15:30:00-05:00,11195.0029296875
2022-11-15 09:30:00-05:00,11483.84375
2022-11-15 10:30:00-05:00,11437.4921875
2022-11-15 11:30:00-05:00,11446.2041015625
2022-11-15 12:30:00-05:00,11316.5615234375
2022-11-15 13:30:00-05:00,11369.845703125
2022-11-15 14:30:00-05:00,11382.83984375
2022-11-15 15:30:00-05:00,11359.5849609375
2022-11-16 09:30:00-05:00,11201.013671875
2022-11-16 10:30:00-05:00,11216.896484375
2022-11-16 11:30:00-05:00,11218.0498046875
2022-11-16 12:30:00-05:00,11239.2158203125
2022-11-16 13:30:00-05:00,11206.708984375
2022-11-16 14:30:00-05:00,11176.4755859375
2022-11-16 15:30:00-05:00,11185.609375
2022-11-17 09:30:00-05:00,11096.7490234375
2022-11-17 10:30:00-05:00,11076.2880859375
2022-11-17 11:30:00-05:00,11126.5078125
2022-11-17 12:30:00-05:00,11179.8154296875
2022-11-17 13:30:00-05:00,11119.6728515625
2022-11-17 14:30:00-05:00,11078.4609375
2022-11-17 15:30:00-05:00,11145.4287109375
2022-11-18 09:30:00-05:00,11149.814453125
2022-11-18 10:30:00-05:00,11141.2724609375
2022-11-18 11:30:00-05:00,11081.7919921875
2022-11-18 12:30:00-05:00,11111.4228515625
2022-11-18 13:30:00-05:00,11094.46484375
2022-11-18 14:30:00-05:00,11144.8310546875
2022-11-18 15:30:00-05:00,11146.86328125
2022-11-21 09:30:00-05:00,11049.232421875
2022-11-21 10:30:00-05:00,11041.75390625
2022-11-21 11:30:00-05:00,11004.9931640625
2022-11-21 12:30:00-05:00,11042.51953125
2022-11-21 13:30:00-05:00,11028.2099609375
2022-11-21 14:30:00-05:00,11021.43359375
2022-11-21 15:30:00-05:00,11024.55078125
2022-11-22 09:30:00-05:00,11053.685546875
2022-11-22 10:30:00-05:00,11076.8115234375
2022-11-22 11:30:00-05:00,11082.1748046875
2022-11-22 12:30:00-05:00,11116.439453125
2022-11-22 13:30:00-05:00,11114.48046875
2022-11-22 14:30:00-05:00,11152.98046875
2022-11-22 15:30:00-05:00,11174.33984375
2022-11-23 09:30:00-05:00,11272.47265625
2022-11-23 10:30:00-05:00,11282.05859375
2022-11-23 11:30:00-05:00,11231.13671875
2022-11-23 12:30:00-05:00,11225.4619140625
2022-11-23 13:30:00-05:00,11292.5703125
2022-11-23 14:30:00-05:00,11296.767578125
2022-11-23 15:30:00-05:00,11287.1748046875
2022-11-25 09:30:00-05:00,11244.625
2022-11-25 10:30:00-05:00,11232.072265625
2022-11-25 11:30:00-05:00,11245.3232421875
2022-11-28 09:30:00-05:00,11141.0283203125
2022-11-28 10:30:00-05:00,11132.064453125
2022-11-28 11:30:00-05:00,11136.529296875
2022-11-28 12:30:00-05:00,11117.7822265625
2022-11-28 13:30:00-05:00,11045.72265625
2022-11-28 14:30:00-05:00,11024.0224609375
2022-11-28 15:30:00-05:00,11052.8857421875
2022-11-29 09:30:00-05:00,11078.1220703125
2022-11-29 10:30:00-05:00,10961.8837890625
2022-11-29 11:30:00-05:00,10982.4150390625
2022-11-29 12:30:00-05:00,10950.4365234375
2022-11-29 13:30:00-05:00,10976.40625
2022-11-29 14:30:00-05:00,10976.7529296875
2022-11-29 15:30:00-05:00,10984.6904296875
2022-11-30 09:30:00-05:00,11012.5234375
2022-11-30 10:30:00-05:00,11010.419921875
2022-11-30 11:30:00-05:00,10981.599609375
2022-11-30 12:30:00-05:00,11016.7958984375
2022-11-30 13:30:00-05:00,11336.53125
2022-11-30 14:30:00-05:00,11387.146484375
2022-11-30 15:30:00-05:00,11465.1953125
2022-12-01 09:30:00-05:00,11394.11328125
2022-12-01 10:30:00-05:00,11456.525390625
2022-12-01 11:30:00-05:00,11461.1650390625
2022-12-01 12:30:00-05:00,11459.7099609375
2022-12-01 13:30:00-05:00,11482.537109375
2022-12-01 14:30:00-05:00,11482.7470703125
2022-12-01 15:30:00-05:00,11483.2138671875
2022-12-02 09:30:00-05:00,11360.0546875
2022-12-02 10:30:00-05:00,11382.705078125
2022-12-02 11:30:00-05:00,11401.4443359375
2022-12-02 12:30:00-05:00,11386.1689453125
2022-12-02 13:30:00-05:00,11396.5849609375
2022-12-02 14:30:00-05:00,11461.9716796875
2022-12-02 15:30:00-05:00,11461.6884765625
2022-12-05 09:30:00-05:00,11332.9033203125
2022-12-05 10:30:00-05:00,11327.373046875
2022-12-05 11:30:00-05:00,11297.6826171875
2022-12-05 12:30:00-05:00,11264.4765625
2022-12-05 13:30:00-05:00,11219.587890625
2022-12-05 14:30:00-05:00,11199.1201171875
2022-12-05 15:30:00-05:00,11242.072265625
2022-12-06 09:30:00-05:00,11084.8125
2022-12-06 10:30:00-05:00,11082.5322265625
2022-12-06 11:30:00-05:00,11051.759765625
2022-12-06 12:30:00-05:00,11008.005859375
2022-12-06 13:30:00-05:00,10971.55078125
2022-12-06 14:30:00-05:00,10966.1279296875
2022-12-06 15:30:00-05:00,11015.9384765625
2022-12-07 09:30:00-05:00,10969.61328125
2022-12-07 10:30:00-05:00,10934.6064453125
2022-12-07 11:30:00-05:00,10943.4990234375
2022-12-07 12:30:00-05:00,10995.90625
2022-12-07 13:30:00-05:00,10961.8828125
2022-12-07 14:30:00-05:00,10948.1796875
2022-12-07 15:30:00-05:00,10957.5791015625
2022-12-08 09:30:00-05:00,11098.29296875
2022-12-08 10:30:00-05:00,11064.7578125
2022-12-08 11:30:00-05:00,11050.7275390625
2022-12-08 12:30:00-05:00,11090.482421875
2022-12-08 13:30:00-05:00,11050.5283203125
2022-12-08 14:30:00-05:00,11091.830078125
2022-12-08 15:30:00-05:00,11080.791015625
2022-12-09 09:30:00-05:00,11062.6923828125
2022-12-09 10:30:00-05:00,11114.3349609375
2022-12-09 11:30:00-05:00,11115.740234375
2022-12-09 12:30:00-05:00,11078.4619140625
2022-12-09 13:30:00-05:00,11089.2158203125
2022-12-09 14:30:00-05:00,11073.251953125
2022-12-09 15:30:00-05:00,11004.91015625
2022-12-12 09:30:00-05:00,11025.4931640625
2022-12-12 10:30:00-05:00,11037.78515625
2022-12-12 11:30:00-05:00,11036.505859375
2022-12-12 12:30:00-05:00,11038.525390625
2022-12-12 13:30:00-05:00,11050.3046875
2022-12-12 14:30:00-05:00,11118.40234375
2022-12-12 15:30:00-05:00,11143.3115234375
2022-12-13 09:30:00-05:00,11400.62890625
2022-12-13 10:30:00-05:00,11374.12109375
2022-12-13 11:30:00-05:00,11194.7548828125
2022-12-13 12:30:00-05:00,11252.986328125
2022-12-13 13:30:00-05:00,11249.5087890625
2022-12-13 14:30:00-05:00,11250.720703125
2022-12-13 15:30:00-05:00,11255.29296875
2022-12-14 09:30:00-05:00,11318.9951171875
2022-12-14 10:30:00-05:00,11335.8876953125
2022-12-14 11:30:00-05:00,11297.7587890625
2022-12-14 12:30:00-05:00,11304.1513671875
2022-12-14 13:30:00-05:00,11188.337890625
2022-12-14 14:30:00-05:00,11153.091796875
2022-12-14 15:30:00-05:00,11171.470703125
2022-12-15 09:30:00-05:00,10906.3203125
2022-12-15 10:30:00-05:00,10848.314453125
2022-12-15 11:30:00-05:00,10844.345703125
2022-12-15 12:30:00-05:00,10794.705078125
2022-12-15 13:30:00-05:00,10787.5009765625
2022-12-15 14:30:00-05:00,10845.220703125
2022-12-15 15:30:00-05:00,10814.6767578125
2022-12-16 09:30:00-05:00,10700.5927734375
2022-12-16 10:30:00-05:00,10674.2802734375
2022-12-16 11:30:00-05:00,10675.076171875
2022-12-16 12:30:00-05:00,10650.5263671875
2022-12-16 13:30:00-05:00,10660.060546875
2022-12-16 14:30:00-05:00,10718.8896484375
2022-12-16 15:30:00-05:00,10700.396484375
2022-12-19 09:30:00-05:00,10651.892578125
2022-12-19 10:30:00-05:00,10584.7978515625
2022-12-19 11:30:00-05:00,10569.361328125
2022-12-19 12:30:00-05:00,10587.0966796875
2022-12-19 13:30:00-05:00,10520.798828125
2022-12-19 14:30:00-05:00,10511.7197265625
2022-12-19 15:30:00-05:00,10548.220703125
2022-12-20 09:30:00-05:00,10579.6376953125
2022-12-20 10:30:00-05:00,10496.259765625
2022-12-20 11:30:00-05:00,10558.1357421875
2022-12-20 12:30:00-05:00,10566.9599609375
2022-12-20 13:30:00-05:00,10564.0966796875
2022-12-20 14:30:00-05:00,10560.2490234375
2022-12-20 15:30:00-05:00,10547.9443359375
2022-12-21 09:30:00-05:00,10666.158203125
2022-12-21 10:30:00-05:00,10720.6376953125
2022-12-21 11:30:00-05:00,10692.1103515625
2022-12-21 12:30:00-05:00,10703.25
2022-12-21 13:30:00-05:00,10730.01953125
2022-12-21 14:30:00-05:00,10695.9404296875
2022-12-21 15:30:00-05:00,10706.7607421875
2022-12-22 09:30:00-05:00,10448.1376953125
2022-12-22 10:30:00-05:00,10429.103515625
2022-12-22 11:30:00-05:00,10357.5283203125
2022-12-22 12:30:00-05:00,10328.375
2022-12-22 13:30:00-05:00,10383.822265625
2022-12-22 14:30:00-05:00,10465.2373046875
2022-12-22 15:30:00-05:00,10479.056640625
2022-12-23 09:30:00-05:00,10458.45703125
2022-12-23 10:30:00-05:00,10440.423828125
2022-12-23 11:30:00-05:00,10479.7265625
2022-12-23 12:30:00-05:00,10468.1015625
2022-12-23 13:30:00-05:00,10467.9736328125
2022-12-23 14:30:00-05:00,10476.7890625
2022-12-23 15:30:00-05:00,10495.9267578125
2022-12-27 09:30:00-05:00,10418.0546875
2022-12-27 10:30:00-05:00,10410.951171875
2022-12-27 11:30:00-05:00,10396.3017578125
2022-12-27 12:30:00-05:00,10383.005859375
2022-12-27 13:30:00-05:00,10350.6455078125
2022-12-27 14:30:00-05:00,10375.3828125
2022-12-27 15:30:00-05:00,10354.431640625
2022-12-28 09:30:00-05:00,10335.642578125
2022-12-28 10:30:00-05:00,10269.0302734375
2022-12-28 11:30:00-05:00,10237.5224609375
2022-12-28 12:30:00-05:00,10284.0244140625
2022-12-28 13:30:00-05:00,10250.0732421875
2022-12-28 14:30:00-05:00,10218.2431640625
2022-12-28 15:30:00-05:00,10214.8935546875
2022-12-29 09:30:00-05:00,10426.7587890625
2022-12-29 10:30:00-05:00,10459.75390625
2022-12-29 11:30:00-05:00,10482.9267578125
2022-12-29 12:30:00-05:00,10472.8291015625
2022-12-29 13:30:00-05:00,10478.2392578125
2022-12-29 14:30:00-05:00,10482.9287109375
2022-12-29 15:30:00-05:00,10475.4541015625
2022-12-30 09:30:00-05:00,10383.447265625
2022-12-30 10:30:00-05:00,10369.794921875
2022-12-30 11:30:00-05:00,10393.072265625
2022-12-30 12:30:00-05:00,10353.55078125
2022-12-30 13:30:00-05:00,10356.2060546875
2022-12-30 14:30:00-05:00,10394.9736328125
2022-12-30 15:30:00-05:00,10467.76953125
2023-01-03 09:30:00-05:00,10395.6376953125
2023-01-03 10:30:00-05:00,10373.123046875
2023-01-03 11:30:00-05:00,10331.28125
2023-01-03 12:30:00-05:00,10354.056640625
2023-01-03 13:30:00-05:00,10348.087890625
2023-01-03 14:30:00-05:00,10383.369140625
2023-01-03 15:30:00-05:00,10386.74609375
2023-01-04 09:30:00-05:00,10375.3271484375
2023-01-04 10:30:00-05:00,10450.916015625
2023-01-04 11:30:00-05:00,10493.4462890625
2023-01-04 12:30:00-05:00,10484.44921875
2023-01-04 13:30:00-05:00,10386.2509765625
2023-01-04 14:30:00-05:00,10428.1552734375
2023-01-04 15:30:00-05:00,10460.8984375
2023-01-05 09:30:00-05:00,10355.693359375
2023-01-05 10:30:00-05:00,10327.8173828125
2023-01-05 11:30:00-05:00,10335.7578125
2023-01-05 12:30:00-05:00,10361.2939453125
2023-01-05 13:30:00-05:00,10339.673828125
2023-01-05 14:30:00-05:00,10319.0712890625
2023-01-05 15:30:00-05:00,10306.5869140625
2023-01-06 09:30:00-05:00,10369.134765625
2023-01-06 10:30:00-05:00,10453.9326171875
2023-01-06 11:30:00-05:00,10483.6689453125
2023-01-06 12:30:00-05:00,10500.53125
2023-01-06 13:30:00-05:00,10555.9736328125
2023-01-06 14:30:00-05:00,10578.845703125
2023-01-06 15:30:00-05:00,10566.556640625
2023-01-09 09:30:00-05:00,10739.5263671875
2023-01-09 10:30:00-05:00,10799.7568359375
2023-01-09 11:30:00-05:00,10795.1806640625
2023-01-09 12:30:00-05:00,10787.4228515625
2023-01-09 13:30:00-05:00,10736.13671875
2023-01-09 14:30:00-05:00,10661.96875
2023-01-09 15:30:00-05:00,10635.8310546875
2023-01-10 09:30:00-05:00,10661.7333984375
2023-01-10 10:30:00-05:00,10655.4873046875
2023-01-10 11:30:00-05:00,10656.474609375
2023-01-10 12:30:00-05:00,10687.3369140625
2023-01-10 13:30:00-05:00,10723.251953125
2023-01-10 14:30:00-05:00,10703.3896484375
2023-01-10 15:30:00-05:00,10741.919921875
2023-01-11 09:30:00-05:00,10852.978515625
2023-01-11 10:30:00-05:00,10835.8388671875
2023-01-11 11:30:00-05:00,10869.263671875
2023-01-11 12:30:00-05:00,10876.95703125
2023-01-11 13:30:00-05:00,10869.58203125
2023-01-11 14:30:00-05:00,10896.55859375
2023-01-11 15:30:00-05:00,10929.73828125
2023-01-12 09:30:00-05:00,10936.0224609375
2023-01-12 10:30:00-05:00,10916.8466796875
2023-01-12 11:30:00-05:00,10997.3984375
2023-01-12 12:30:00-05:00,10949.41796875
2023-01-12 13:30:00-05:00,10997.576171875
2023-01-12 14:30:00-05:00,10985.1513671875
2023-01-12 15:30:00-05:00,11002.314453125
2023-01-13 09:30:00-05:00,10997.5810546875
2023-01-13 10:30:00-05:00,10973.787109375
2023-01-13 11:30:00-05:00,11000.1015625
2023-01-13 12:30:00-05:00,11006.408203125
2023-01-13 13:30:00-05:00,11041.5693359375
2023-01-13 14:30:00-05:00,11065.2841796875
2023-01-13 15:30:00-05:00,11077.5966796875
2023-01-17 09:30:00-05:00,11122.4716796875
2023-01-17 10:30:00-05:00,11056.4365234375
2023-01-17 11:30:00-05:00,11069.13671875
2023-01-17 12:30:00-05:00,11096.2294921875
2023-01-17 13:30:00-05:00,11091.2568359375
2023-01-17 14:30:00-05:00,11099.7353515625
2023-01-17 15:30:00-05:00,11094.5546875
2023-01-18 09:30:00-05:00,11193.576171875
2023-01-18 10:30:00-05:00,11049.89453125
2023-01-18 11:30:00-05:00,11005.7998046875
2023-01-18 12:30:00-05:00,10995.5576171875
2023-01-18 13:30:00-05:00,11018.8447265625
2023-01-18 14:30:00-05:00,10995.330078125
2023-01-18 15:30:00-05:00,10957.1953125
2023-01-19 09:30:00-05:00,10861.04296875
2023-01-19 10:30:00-05:00,10821.193359375
2023-01-19 11:30:00-05:00,10835.771484375
2023-01-19 12:30:00-05:00,10855.9384765625
2023-01-19 13:30:00-05:00,10917.373046875
2023-01-19 14:30:00-05:00,10903.2041015625
2023-01-19 15:30:00-05:00,10849.76953125
2023-01-20 09:30:00-05:00,10973.0185546875
2023-01-20 10:30:00-05:00,11013.6630859375
2023-01-20 11:30:00-05:00,11016.72265625
2023-01-20 12:30:00-05:00,11002.1552734375
2023-01-20 13:30:00-05:00,11079.43359375
2023-01-20 14:30:00-05:00,11117.087890625
2023-01-20 15:30:00-05:00,11138.4140625
2023-01-23 09:30:00-05:00,11288.2138671875
2023-01-23 10:30:00-05:00,11341.6298828125
2023-01-23 11:30:00-05:00,11359.5166015625
2023-01-23 12:30:00-05:00,11390.1845703125
2023-01-23 13:30:00-05:00,11359.927734375
2023-01-23 14:30:00-05:00,11334.185546875
2023-01-23 15:30:00-05:00,11365.2626953125
2023-01-24 09:30:00-05:00,11331.2451171875
2023-01-24 10:30:00-05:00,11368.669921875
2023-01-24 11:30:00-05:00,11359.9287109375
2023-01-24 12:30:00-05:00,11347.984375
2023-01-24 13:30:00-05:00,11340.59765625
2023-01-24 14:30:00-05:00,11338.9677734375
2023-01-24 15:30:00-05:00,11334.46484375
2023-01-25 09:30:00-05:00,11103.310546875
2023-01-25 10:30:00-05:00,11170.8232421875
2023-01-25 11:30:00-05:00,11184.892578125
2023-01-25 12:30:00-05:00,11257.5693359375
2023-01-25 13:30:00-05:00,11288.54296875
2023-01-25 14:30:00-05:00,11306.15625
2023-01-25 15:30:00-05:00,11311.638671875
2023-01-26 09:30:00-05:00,11441.2578125
2023-01-26 10:30:00-05:00,11369.3203125
2023-01-26 11:30:00-05:00,11416.0234375
2023-01-26 12:30:00-05:00,11416.017578125
2023-01-26 13:30:00-05:00,11454.2236328125
2023-01-26 14:30:00-05:00,11482.525390625
2023-01-26 15:30:00-05:00,11514.2744140625
2023-01-27 09:30:00-05:00,11568.6650390625
2023-01-27 10:30:00-05:00,11555.3037109375
2023-01-27 11:30:00-05:00,11609.900390625
2023-01-27 12:30:00-05:00,11622.48046875
2023-01-27 13:30:00-05:00,11656.6044921875
2023-01-27 14:30:00-05:00,11681.1064453125
2023-01-27 15:30:00-05:00,11620.29296875
2023-01-30 09:30:00-05:00,11476.4140625
2023-01-30 10:30:00-05:00,11478.1767578125
2023-01-30 11:30:00-05:00,11473.7763671875
2023-01-30 12:30:00-05:00,11465.4697265625
2023-01-30 13:30:00-05:00,11429.2451171875
2023-01-30 14:30:00-05:00,11402.783203125
2023-01-30 15:30:00-05:00,11394.9296875
2023-01-31 09:30:00-05:00,11481.3564453125
2023-01-31 10:30:00-05:00,11512.236328125
2023-01-31 11:30:00-05:00,11508.375
2023-01-31 12:30:00-05:00,11508.888671875
2023-01-31 13:30:00-05:00,11533.7958984375
2023-01-31 14:30:00-05:00,11512.34375
2023-01-31 15:30:00-05:00,11585.1240234375
2023-02-01 09:30:00-05:00,11574.6240234375
2023-02-01 10:30:00-05:00,11559.82421875
2023-02-01 11:30:00-05:00,11545.3974609375
2023-02-01 12:30:00-05:00,11562.345703125
2023-02-01 13:30:00-05:00,11579.279296875
2023-02-01 14:30:00-05:00,11828.361328125
2023-02-01 15:30:00-05:00,11815.48046875
2023-02-02 09:30:00-05:00,12093.076171875
2023-02-02 10:30:00-05:00,12167.5830078125
2023-02-02 11:30:00-05:00,12169.095703125
2023-02-02 12:30:00-05:00,12201.251953125
2023-02-02 13:30:00-05:00,12165.6669921875
2023-02-02 14:30:00-05:00,12130.4853515625
2023-02-02 15:30:00-05:00,12197.8017578125
2023-02-03 09:30:00-05:00,12152.8525390625
2023-02-03 10:30:00-05:00,12199.4638671875
2023-02-03 11:30:00-05:00,12188.416015625
2023-02-03 12:30:00-05:00,12066.8623046875
2023-02-03 13:30:00-05:00,12029.357421875
2023-02-03 14:30:00-05:00,12013.7470703125
2023-02-03 15:30:00-05:00,12006.474609375
2023-02-06 09:30:00-05:00,11868.427734375
2023-02-06 10:30:00-05:00,11960.10546875
2023-02-06 11:30:00-05:00,11907.8759765625
2023-02-06 12:30:00-05:00,11890.4287109375
2023-02-06 13:30:00-05:00,11916.1611328125
2023-02-06 14:30:00-05:00,11863.5458984375
2023-02-06 15:30:00-05:00,11887.83984375
2023-02-07 09:30:00-05:00,11862.6328125
2023-02-07 10:30:00-05:00,11918.29296875
2023-02-07 11:30:00-05:00,11905.8671875
2023-02-07 12:30:00-05:00,11914.2666015625
2023-02-07 13:30:00-05:00,11987.0107421875
2023-02-07 14:30:00-05:00,12085.9208984375
2023-02-07 15:30:00-05:00,12114.0673828125
2023-02-08 09:30:00-05:00,12030.4580078125
2023-02-08 10:30:00-05:00,11913.2080078125
2023-02-08 11:30:00-05:00,11955.1787109375
2023-02-08 12:30:00-05:00,11945.373046875
2023-02-08 13:30:00-05:00,11934.88671875
2023-02-08 14:30:00-05:00,11905.9697265625
2023-02-08 15:30:00-05:00,11913.0732421875
2023-02-09 09:30:00-05:00,11983.57421875
2023-02-09 10:30:00-05:00,11941.03515625
2023-02-09 11:30:00-05:00,11942.169921875
2023-02-09 12:30:00-05:00,11896.5810546875
2023-02-09 13:30:00-05:00,11833.1416015625
2023-02-09 14:30:00-05:00,11777.798828125
2023-02-09 15:30:00-05:00,11791.513671875
2023-02-10 09:30:00-05:00,11744.4638671875
2023-02-10 10:30:00-05:00,11702.724609375
2023-02-10 11:30:00-05:00,11645.65234375
2023-02-10 12:30:00-05:00,11715.0556640625
2023-02-10 13:30:00-05:00,11670.21484375
2023-02-10 14:30:00-05:00,11686.9794921875
2023-02-10 15:30:00-05:00,11717.90234375
2023-02-13 09:30:00-05:00,11814.255859375
2023-02-13 10:30:00-05:00,11868.8212890625
2023-02-13 11:30:00-05:00,11888.4619140625
2023-02-13 12:30:00-05:00,11899.2802734375
2023-02-13 13:30:00-05:00,11873.138671875
2023-02-13 14:30:00-05:00,11873.0595703125
2023-02-13 15:30:00-05:00,11890.08984375
2023-02-14 09:30:00-05:00,11935.8271484375
2023-02-14 10:30:00-05:00,11825.5224609375
2023-02-14 11:30:00-05:00,11845.388671875
2023-02-14 12:30:00-05:00,11917.78515625
2023-02-14 13:30:00-05:00,11922.607421875
2023-02-14 14:30:00-05:00,11958.23828125
2023-02-14 15:30:00-05:00,11957.6064453125
2023-02-15 09:30:00-05:00,11924.466796875
2023-02-15 10:30:00-05:00,11976.5888671875
2023-02-15 11:30:00-05:00,11962.193359375
2023-02-15 12:30:00-05:00,11999.908203125
2023-02-15 13:30:00-05:00,12044.7275390625
2023-02-15 14:30:00-05:00,12025.1767578125
2023-02-15 15:30:00-05:00,12069.8193359375
2023-02-16 09:30:00-05:00,11968.2138671875
2023-02-16 10:30:00-05:00,11995.3681640625
2023-02-16 11:30:00-05:00,12005.7041015625
2023-02-16 12:30:00-05:00,11986.05078125
2023-02-16 13:30:00-05:00,12011.6845703125
2023-02-16 14:30:00-05:00,11892.7158203125
2023-02-16 15:30:00-05:00,11853.3603515625
2023-02-17 09:30:00-05:00,11748.0517578125
2023-02-17 10:30:00-05:00,11691.9912109375
2023-02-17 11:30:00-05:00,11713.3056640625
2023-02-17 12:30:00-05:00,11689.5576171875
2023-02-17 13:30:00-05:00,11738.322265625
2023-02-17 14:30:00-05:00,11756.8466796875
2023-02-17 15:30:00-05:00,11786.3349609375
2023-02-21 09:30:00-05:00,11583.703125
2023-02-21 10:30:00-05:00,11553.83984375
2023-02-21 11:30:00-05:00,11537.1513671875
2023-02-21 12:30:00-05:00,11537.5654296875
2023-02-21 13:30:00-05:00,11515.6279296875
2023-02-21 14:30:00-05:00,11508.154296875
2023-02-21 15:30:00-05:00,11492.70703125
2023-02-22 09:30:00-05:00,11473.029296875
2023-02-22 10:30:00-05:00,11496.607421875
2023-02-22 11:30:00-05:00,11522.373046875
2023-02-22 12:30:00-05:00,11566.12109375
2023-02-22 13:30:00-05:00,11525.255859375
2023-02-22 14:30:00-05:00,11486.7900390625
2023-02-22 15:30:00-05:00,11508.58203125
2023-02-23 09:30:00-05:00,11581.33203125
2023-02-23 10:30:00-05:00,11482.517578125
2023-02-23 11:30:00-05:00,11457.5029296875
2023-02-23 12:30:00-05:00,11477.3759765625
2023-02-23 13:30:00-05:00,11566.064453125
2023-02-23 14:30:00-05:00,11618.6953125
2023-02-23 15:30:00-05:00,11589.60546875
2023-02-24 09:30:00-05:00,11360.9833984375
2023-02-24 10:30:00-05:00,11381.81640625
2023-02-24 11:30:00-05:00,11375.4990234375
2023-02-24 12:30:00-05:00,11361.5087890625
2023-02-24 13:30:00-05:00,11371.328125
2023-02-24 14:30:00-05:00,11380.29296875
2023-02-24 15:30:00-05:00,11396.826171875
2023-02-27 09:30:00-05:00,11542.5400390625
2023-02-27 10:30:00-05:00,11485.0224609375
2023-02-27 11:30:00-05:00,11481.3125
2023-02-27 12:30:00-05:00,11499.6552734375
2023-02-27 13:30:00-05:00,11499.87890625
2023-02-27 14:30:00-05:00,11470.1640625
2023-02-27 15:30:00-05:00,11467.080078125
2023-02-28 09:30:00-05:00,11464.15625
2023-02-28 10:30:00-05:00,11493.10546875
2023-02-28 11:30:00-05:00,11507.005859375
2023-02-28 12:30:00-05:00,11539.939453125
2023-02-28 13:30:00-05:00,11523.45703125
2023-02-28 14:30:00-05:00,11482.16796875
2023-02-28 15:30:00-05:00,11454.8935546875
2023-03-01 09:30:00-05:00,11391.4091796875
2023-03-01 10:30:00-05:00,11374.2275390625
2023-03-01 11:30:00-05:00,11424.3720703125
2023-03-01 12:30:00-05:00,11393.322265625
2023-03-01 13:30:00-05:00,11365.884765625
2023-03-01 14:30:00-05:00,11364.1572265625
2023-03-01 15:30:00-05:00,11380.0234375
2023-03-02 09:30:00-05:00,11325.923828125
2023-03-02 10:30:00-05:00,11311.921875
2023-03-02 11:30:00-05:00,11327.1943359375
2023-03-02 12:30:00-05:00,11331.0244140625
2023-03-02 13:30:00-05:00,11442.056640625
2023-03-02 14:30:00-05:00,11448.8486328125
2023-03-02 15:30:00-05:00,11461.3525390625
2023-03-03 09:30:00-05:00,11607.638671875
2023-03-03 10:30:00-05:00,11588.859375
2023-03-03 11:30:00-05:00,11623.7509765625
2023-03-03 12:30:00-05:00,11650.263671875
2023-03-03 13:30:00-05:00,11683.09375
2023-03-03 14:30:00-05:00,11686.1474609375
2023-03-03 15:30:00-05:00,11690.013671875
2023-03-06 09:30:00-05:00,11790.724609375
2023-03-06 10:30:00-05:00,11797.1630859375
2023-03-06 11:30:00-05:00,11793.150390625
2023-03-06 12:30:00-05:00,11741.4375
2023-03-06 13:30:00-05:00,11706.3740234375
2023-03-06 14:30:00-05:00,11670.2900390625
2023-03-06 15:30:00-05:00,11676.3994140625
2023-03-07 09:30:00-05:00,11601.326171875
2023-03-07 10:30:00-05:00,11581.0830078125
2023-03-07 11:30:00-05:00,11634.986328125
2023-03-07 12:30:00-05:00,11589.5126953125
2023-03-07 13:30:00-05:00,11538.1064453125
2023-03-07 14:30:00-05:00,11519.30078125
2023-03-07 15:30:00-05:00,11530.318359375
2023-03-08 09:30:00-05:00,11550.9951171875
2023-03-08 10:30:00-05:00,11559.0751953125
2023-03-08 11:30:00-05:00,11546.83203125
2023-03-08 12:30:00-05:00,11513.021484375
2023-03-08 13:30:00-05:00,11544.30859375
2023-03-08 14:30:00-05:00,11522.98046875
2023-03-08 15:30:00-05:00,11576.125
2023-03-09 09:30:00-05:00,11628.5341796875
2023-03-09 10:30:00-05:00,11600.94921875
2023-03-09 11:30:00-05:00,11595.8857421875
2023-03-09 12:30:00-05:00,11491.6025390625
2023-03-09 13:30:00-05:00,11429.9072265625
2023-03-09 14:30:00-05:00,11338.173828125
2023-03-09 15:30:00-05:00,11340.576171875
2023-03-10 09:30:00-05:00,11232.6435546875
2023-03-10 10:30:00-05:00,11344.88671875
2023-03-10 11:30:00-05:00,11234.634765625
2023-03-10 12:30:00-05:00,11143.443359375
2023-03-10 13:30:00-05:00,11117.1328125
2023-03-10 14:30:00-05:00,11160.9921875
2023-03-10 15:30:00-05:00,11139.0791015625
2023-03-13 09:30:00-04:00,11120.5888671875
2023-03-13 10:30:00-04:00,11305.6884765625
2023-03-13 11:30:00-04:00,11265.8427734375
2023-03-13 12:30:00-04:00,11216.642578125
2023-03-13 13:30:00-04:00,11292.494140625
2023-03-13 14:30:00-04:00,11220.8017578125
2023-03-13 15:30:00-04:00,11188.0810546875
2023-03-14 09:30:00-04:00,11426.873046875
2023-03-14 10:30:00-04:00,11453.96875
2023-03-14 11:30:00-04:00,11424.7333984375
2023-03-14 12:30:00-04:00,11376.98828125
2023-03-14 13:30:00-04:00,11361.037109375
2023-03-14 14:30:00-04:00,11316.7412109375
2023-03-14 15:30:00-04:00,11430.072265625
2023-03-15 09:30:00-04:00,11297.310546875
2023-03-15 10:30:00-04:00,11315.7294921875
2023-03-15 11:30:00-04:00,11290.6181640625
2023-03-15 12:30:00-04:00,11343.7392578125
2023-03-15 13:30:00-04:00,11407.9384765625
2023-03-15 14:30:00-04:00,11432.03125
2023-03-15 15:30:00-04:00,11435.4677734375
2023-03-16 09:30:00-04:00,11428.0458984375
2023-03-16 10:30:00-04:00,11605.7158203125
2023-03-16 11:30:00-04:00,11642.9970703125
2023-03-16 12:30:00-04:00,11679.1064453125
2023-03-16 13:30:00-04:00,11677.2431640625
2023-03-16 14:30:00-04:00,11731.0810546875
2023-03-16 15:30:00-04:00,11715.4892578125
2023-03-17 09:30:00-04:00,11665.087890625
2023-03-17 10:30:00-04:00,11591.5029296875
2023-03-17 11:30:00-04:00,11628.0703125
2023-03-17 12:30:00-04:00,11647.0673828125
2023-03-17 13:30:00-04:00,11600.150390625
2023-03-17 14:30:00-04:00,11645.375
2023-03-17 15:30:00-04:00,11629.642578125
2023-03-20 09:30:00-04:00,11620.06640625
2023-03-20 10:30:00-04:00,11692.365234375
2023-03-20 11:30:00-04:00,11603.4111328125
2023-03-20 12:30:00-04:00,11652.501953125
2023-03-20 13:30:00-04:00,11657.6708984375
2023-03-20 14:30:00-04:00,11653.4580078125
2023-03-20 15:30:00-04:00,11673.0439453125
2023-03-21 09:30:00-04:00,11751.5458984375
2023-03-21 10:30:00-04:00,11768.9326171875
2023-03-21 11:30:00-04:00,11779.24609375
2023-03-21 12:30:00-04:00,11808.265625
2023-03-21 13:30:00-04:00,11805.521484375
2023-03-21 14:30:00-04:00,11848.658203125
2023-03-21 15:30:00-04:00,11854.4375
2023-03-22 09:30:00-04:00,11898.4423828125
2023-03-22 10:30:00-04:00,11879.84375
2023-03-22 11:30:00-04:00,11851.12890625
2023-03-22 12:30:00-04:00,11865.2021484375
2023-03-22 13:30:00-04:00,11934.345703125
2023-03-22 14:30:00-04:00,11899.06640625
2023-03-22 15:30:00-04:00,11669.4423828125
2023-03-23 09:30:00-04:00,11879.3662109375
2023-03-23 10:30:00-04:00,11913.3232421875
2023-03-23 11:30:00-04:00,11908.6220703125
2023-03-23 12:30:00-04:00,11844.4384765625
2023-03-23 13:30:00-04:00,11753.9150390625
2023-03-23 14:30:00-04:00,11736.0751953125
2023-03-23 15:30:00-04:00,11788.2041015625
2023-03-24 09:30:00-04:00,11750.9697265625
2023-03-24 10:30:00-04:00,11687.8046875
2023-03-24 11:30:00-04:00,11714.021484375
2023-03-24 12:30:00-04:00,11752.6376953125
2023-03-24 13:30:00-04:00,11768.5048828125
2023-03-24 14:30:00-04:00,11816.0234375
2023-03-24 15:30:00-04:00,11825.2373046875
2023-03-27 09:30:00-04:00,11842.7548828125
2023-03-27 10:30:00-04:00,11799.609375
2023-03-27 11:30:00-04:00,11779.56640625
2023-03-27 12:30:00-04:00,11773.7373046875
2023-03-27 13:30:00-04:00,11801.5224609375
2023-03-27 14:30:00-04:00,11813.2333984375
2023-03-27 15:30:00-04:00,11768.9052734375
2023-03-28 09:30:00-04:00,11703.125
2023-03-28 10:30:00-04:00,11700.66796875
2023-03-28 11:30:00-04:00,11679.4580078125
2023-03-28 12:30:00-04:00,11678.619140625
2023-03-28 13:30:00-04:00,11661.705078125
2023-03-28 14:30:00-04:00,11680.5205078125
2023-03-28 15:30:00-04:00,11716.5625
2023-03-29 09:30:00-04:00,11854.3037109375
2023-03-29 10:30:00-04:00,11857.9365234375
2023-03-29 11:30:00-04:00,11881.4990234375
2023-03-29 12:30:00-04:00,11890.314453125
2023-03-29 13:30:00-04:00,11880.8232421875
2023-03-29 14:30:00-04:00,11932.3330078125
2023-03-29 15:30:00-04:00,11924.5048828125
2023-03-30 09:30:00-04:00,12034.46484375
2023-03-30 10:30:00-04:00,12016.49609375
2023-03-30 11:30:00-04:00,11997.966796875
2023-03-30 12:30:00-04:00,11982.8515625
2023-03-30 13:30:00-04:00,11998.5634765625
2023-03-30 14:30:00-04:00,12010.3740234375
2023-03-30 15:30:00-04:00,12012.0654296875
2023-03-31 09:30:00-04:00,12089.556640625
2023-03-31 10:30:00-04:00,12129.6181640625
2023-03-31 11:30:00-04:00,12166.361328125
2023-03-31 12:30:00-04:00,12153.5791015625
2023-03-31 13:30:00-04:00,12158.7900390625
2023-03-31 14:30:00-04:00,12212.5341796875
2023-03-31 15:30:00-04:00,12217.556640625
2023-04-03 09:30:00-04:00,12191.1728515625
2023-04-03 10:30:00-04:00,12111.23828125
2023-04-03 11:30:00-04:00,12123.458984375
2023-04-03 12:30:00-04:00,12099.63671875
2023-04-03 13:30:00-04:00,12113.8359375
2023-04-03 14:30:00-04:00,12167.7802734375
2023-04-03 15:30:00-04:00,12187.4091796875
2023-04-04 09:30:00-04:00,12175.1552734375
2023-04-04 10:30:00-04:00,12134.2451171875
2023-04-04 11:30:00-04:00,12118.609375
2023-04-04 12:30:00-04:00,12139.126953125
2023-04-04 13:30:00-04:00,12105.853515625
2023-04-04 14:30:00-04:00,12093.4921875
2023-04-04 15:30:00-04:00,12127.1533203125
2023-04-05 09:30:00-04:00,12009.5078125
2023-04-05 10:30:00-04:00,11959.8056640625
2023-04-05 11:30:00-04:00,11940.208984375
2023-04-05 12:30:00-04:00,11962.5634765625
2023-04-05 13:30:00-04:00,11971.2265625
2023-04-05 14:30:00-04:00,11972.9150390625
2023-04-05 15:30:00-04:00,11996.4716796875
2023-04-06 09:30:00-04:00,11962.3603515625
2023-04-06 10:30:00-04:00,11998.3876953125
2023-04-06 11:30:00-04:00,12054.9150390625
2023-04-06 12:30:00-04:00,12066.814453125
2023-04-06 13:30:00-04:00,12092.8701171875
2023-04-06 14:30:00-04:00,12083.396484375
2023-04-06 15:30:00-04:00,12086.7177734375
2023-04-10 09:30:00-04:00,11944.5751953125
2023-04-10 10:30:00-04:00,12002.16796875
2023-04-10 11:30:00-04:00,11977.13671875
2023-04-10 12:30:00-04:00,12054.080078125
2023-04-10 13:30:00-04:00,12060.6953125
2023-04-10 14:30:00-04:00,12062.0712890625
2023-04-10 15:30:00-04:00,12080.5244140625
2023-04-11 09:30:00-04:00,12055.0859375
2023-04-11 10:30:00-04:00,12028.697265625
2023-04-11 11:30:00-04:00,12043.234375
2023-04-11 12:30:00-04:00,12054.59765625
2023-04-11 13:30:00-04:00,12077.2490234375
2023-04-11 14:30:00-04:00,12078.0556640625
2023-04-11 15:30:00-04:00,12032.62890625
2023-04-12 09:30:00-04:00,12076.98046875
2023-04-12 10:30:00-04:00,11993.03515625
2023-04-12 11:30:00-04:00,12041.8525390625
2023-04-12 12:30:00-04:00,12054.0546875
2023-04-12 13:30:00-04:00,11991.1337890625
2023-04-12 14:30:00-04:00,11928.0908203125
2023-04-12 15:30:00-04:00,11927.7841796875
2023-04-13 09:30:00-04:00,12091.8740234375
2023-04-13 10:30:00-04:00,12090.974609375
2023-04-13 11:30:00-04:00,12119.369140625
2023-04-13 12:30:00-04:00,12125.3251953125
2023-04-13 13:30:00-04:00,12161.8271484375
2023-04-13 14:30:00-04:00,12172.232421875
2023-04-13 15:30:00-04:00,12166.1923828125
2023-04-14 09:30:00-04:00,12109.521484375
2023-04-14 10:30:00-04:00,12091.365234375
2023-04-14 11:30:00-04:00,12065.1787109375
2023-04-14 12:30:00-04:00,12047.1171875
2023-04-14 13:30:00-04:00,12099.453125
2023-04-14 14:30:00-04:00,12102.0869140625
2023-04-14 15:30:00-04:00,12124.474609375
2023-04-17 09:30:00-04:00,12119.6279296875
2023-04-17 10:30:00-04:00,12098.3046875
2023-04-17 11:30:00-04:00,12076.15234375
2023-04-17 12:30:00-04:00,12097.16015625
2023-04-17 13:30:00-04:00,12086.2001953125
2023-04-17 14:30:00-04:00,12147.9658203125
2023-04-17 15:30:00-04:00,12156.4521484375
2023-04-18 09:30:00-04:00,12145.2626953125
2023-04-18 10:30:00-04:00,12146.3203125
2023-04-18 11:30:00-04:00,12157.5498046875
2023-04-18 12:30:00-04:00,12133.1455078125
2023-04-18 13:30:00-04:00,12150.5224609375
2023-04-18 14:30:00-04:00,12138.3291015625
2023-04-18 15:30:00-04:00,12153.8662109375
2023-04-19 09:30:00-04:00,12088.49609375
2023-04-19 10:30:00-04:00,12116.509765625
2023-04-19 11:30:00-04:00,12154.41015625
2023-04-19 12:30:00-04:00,12173.4921875
2023-04-19 13:30:00-04:00,12177.6103515625
2023-04-19 14:30:00-04:00,12175.8876953125
2023-04-19 15:30:00-04:00,12157.18359375
2023-04-20 09:30:00-04:00,12110.8583984375
2023-04-20 10:30:00-04:00,12094.939453125
2023-04-20 11:30:00-04:00,12112.1484375
2023-04-20 12:30:00-04:00,12151.5986328125
2023-04-20 13:30:00-04:00,12083.5859375
2023-04-20 14:30:00-04:00,12014.3779296875
2023-04-20 15:30:00-04:00,12060.0439453125
2023-04-21 09:30:00-04:00,12046.6943359375
2023-04-21 10:30:00-04:00,12047.546875
2023-04-21 11:30:00-04:00,12052.4130859375
2023-04-21 12:30:00-04:00,12052.294921875
2023-04-21 13:30:00-04:00,12087.734375
2023-04-21 14:30:00-04:00,12060.2294921875
2023-04-21 15:30:00-04:00,12073.482421875
2023-04-24 09:30:00-04:00,12070.1494140625
2023-04-24 10:30:00-04:00,11982.9775390625
2023-04-24 11:30:00-04:00,11988.93359375
2023-04-24 12:30:00-04:00,12004.9560546875
2023-04-24 13:30:00-04:00,12029.369140625
2023-04-24 14:30:00-04:00,12031.080078125
2023-04-24 15:30:00-04:00,12038.5078125
2023-04-25 09:30:00-04:00,11926.1142578125
2023-04-25 10:30:00-04:00,11933.771484375
2023-04-25 11:30:00-04:00,11894.3818359375
2023-04-25 12:30:00-04:00,11862.84375
2023-04-25 13:30:00-04:00,11843.119140625
2023-04-25 14:30:00-04:00,11830.783203125
2023-04-25 15:30:00-04:00,11800.6015625
2023-04-26 09:30:00-04:00,11883.130859375
2023-04-26 10:30:00-04:00,11934.798828125
2023-04-26 11:30:00-04:00,11950.427734375
2023-04-26 12:30:00-04:00,11913.3671875
2023-04-26 13:30:00-04:00,11888.7490234375
2023-04-26 14:30:00-04:00,11856.357421875
2023-04-26 15:30:00-04:00,11854.828125
2023-04-27 09:30:00-04:00,12002.86328125
2023-04-27 10:30:00-04:00,12048.78125
2023-04-27 11:30:00-04:00,12073.7353515625
2023-04-27 12:30:00-04:00,12096.9697265625
2023-04-27 13:30:00-04:00,12127.158203125
2023-04-27 14:30:00-04:00,12144.2724609375
2023-04-27 15:30:00-04:00,12139.08203125
2023-04-28 09:30:00-04:00,12198.9580078125
2023-04-28 10:30:00-04:00,12140.2880859375
2023-04-28 11:30:00-04:00,12173.7646484375
2023-04-28 12:30:00-04:00,12201.3818359375
2023-04-28 13:30:00-04:00,12190.2451171875
2023-04-28 14:30:00-04:00,12196.8408203125
2023-04-28 15:30:00-04:00,12225.9892578125
2023-05-01 09:30:00-04:00,12208.427734375
2023-05-01 10:30:00-04:00,12188.6376953125
2023-05-01 11:30:00-04:00,12233.3857421875
2023-05-01 12:30:00-04:00,12247.236328125
2023-05-01 13:30:00-04:00,12229.14453125
2023-05-01 14:30:00-04:00,12211.625
2023-05-01 15:30:00-04:00,12211.720703125
2023-05-02 09:30:00-04:00,12100.0751953125
2023-05-02 10:30:00-04:00,12032.0556640625
2023-05-02 11:30:00-04:00,12049.974609375
2023-05-02 12:30:00-04:00,12080.7626953125
2023-05-02 13:30:00-04:00,12072.283203125
2023-05-02 14:30:00-04:00,12094.8974609375
2023-05-02 15:30:00-04:00,12077.2890625
2023-05-03 09:30:00-04:00,12112.1865234375
2023-05-03 10:30:00-04:00,12102.6328125
2023-05-03 11:30:00-04:00,12125.82421875
2023-05-03 12:30:00-04:00,12147.197265625
2023-05-03 13:30:00-04:00,12179.8671875
2023-05-03 14:30:00-04:00,12056.3525390625
2023-05-03 15:30:00-04:00,12026.1435546875
2023-05-04 09:30:00-04:00,11932.3876953125
2023-05-04 10:30:00-04:00,11980.509765625
2023-05-04 11:30:00-04:00,11984.265625
2023-05-04 12:30:00-04:00,12015.060546875
2023-05-04 13:30:00-04:00,11977.88671875
2023-05-04 14:30:00-04:00,11977.505859375
2023-05-04 15:30:00-04:00,11962.802734375
2023-05-05 09:30:00-04:00,12153.5693359375
2023-05-05 10:30:00-04:00,12183.880859375
2023-05-05 11:30:00-04:00,12170.349609375
2023-05-05 12:30:00-04:00,12200.7529296875
2023-05-05 13:30:00-04:00,12231.3740234375
2023-05-05 14:30:00-04:00,12248.830078125
2023-05-05 15:30:00-04:00,12233.1103515625
2023-05-08 09:30:00-04:00,12190.4755859375
2023-05-08 10:30:00-04:00,12202.15234375
2023-05-08 11:30:00-04:00,12224.7373046875
2023-05-08 12:30:00-04:00,12241.6044921875
2023-05-08 13:30:00-04:00,12243.5478515625
2023-05-08 14:30:00-04:00,12245.9296875
2023-05-08 15:30:00-04:00,12254.7216796875
2023-05-09 09:30:00-04:00,12190.3642578125
2023-05-09 10:30:00-04:00,12185.978515625
2023-05-09 11:30:00-04:00,12175.6142578125
2023-05-09 12:30:00-04:00,12194.5185546875
2023-05-09 13:30:00-04:00,12202.736328125
2023-05-09 14:30:00-04:00,12183.3017578125
2023-05-09 15:30:00-04:00,12180.041015625
2023-05-10 09:30:00-04:00,12293.1806640625
2023-05-10 10:30:00-04:00,12267.685546875
2023-05-10 11:30:00-04:00,12262.9873046875
2023-05-10 12:30:00-04:00,12190.2060546875
2023-05-10 13:30:00-04:00,12252.806640625
2023-05-10 14:30:00-04:00,12324.3017578125
2023-05-10 15:30:00-04:00,12305.2197265625
2023-05-11 09:30:00-04:00,12289.78515625
2023-05-11 10:30:00-04:00,12309.55078125
2023-05-11 11:30:00-04:00,12319.095703125
2023-05-11 12:30:00-04:00,12314.634765625
2023-05-11 13:30:00-04:00,12318.994140625
2023-05-11 14:30:00-04:00,12335.4267578125
2023-05-11 15:30:00-04:00,12326.6494140625
2023-05-12 09:30:00-04:00,12294.6142578125
2023-05-12 10:30:00-04:00,12269.517578125
2023-05-12 11:30:00-04:00,12243.6787109375
2023-05-12 12:30:00-04:00,12245.0439453125
2023-05-12 13:30:00-04:00,12222.7744140625
2023-05-12 14:30:00-04:00,12249.2802734375
2023-05-12 15:30:00-04:00,12283.9501953125
2023-05-15 09:30:00-04:00,12275.0849609375
2023-05-15 10:30:00-04:00,12330.5302734375
2023-05-15 11:30:00-04:00,12336.5537109375
2023-05-15 12:30:00-04:00,12352.04296875
2023-05-15 13:30:00-04:00,12351.86328125
2023-05-15 14:30:00-04:00,12358.73828125
2023-05-15 15:30:00-04:00,12365.87109375
2023-05-16 09:30:00-04:00,12364.67578125
2023-05-16 10:30:00-04:00,12391.560546875
2023-05-16 11:30:00-04:00,12392.458984375
2023-05-16 12:30:00-04:00,12383.18359375
2023-05-16 13:30:00-04:00,12378.00390625
2023-05-16 14:30:00-04:00,12394.0146484375
2023-05-16 15:30:00-04:00,12343.46875
2023-05-17 09:30:00-04:00,12372.46484375
2023-05-17 10:30:00-04:00,12398.443359375
2023-05-17 11:30:00-04:00,12415.712890625
2023-05-17 12:30:00-04:00,12494.345703125
2023-05-17 13:30:00-04:00,12501.2333984375
2023-05-17 14:30:00-04:00,12489.078125
2023-05-17 15:30:00-04:00,12498.7841796875
2023-05-18 09:30:00-04:00,12599.0859375
2023-05-18 10:30:00-04:00,12636.4345703125
2023-05-18 11:30:00-04:00,12597.4130859375
2023-05-18 12:30:00-04:00,12610.642578125
2023-05-18 13:30:00-04:00,12598.7314453125
2023-05-18 14:30:00-04:00,12648.390625
2023-05-18 15:30:00-04:00,12688.9169921875
2023-05-19 09:30:00-04:00,12703.4287109375
2023-05-19 10:30:00-04:00,12664.5439453125
2023-05-19 11:30:00-04:00,12650.6162109375
2023-05-19 12:30:00-04:00,12664.548828125
2023-05-19 13:30:00-04:00,12634.4775390625
2023-05-19 14:30:00-04:00,12641.546875
2023-05-19 15:30:00-04:00,12657.9453125
2023-05-22 09:30:00-04:00,12707.7236328125
2023-05-22 10:30:00-04:00,12722.015625
2023-05-22 11:30:00-04:00,12704.537109375
2023-05-22 12:30:00-04:00,12720.7529296875
2023-05-22 13:30:00-04:00,12735.57421875
2023-05-22 14:30:00-04:00,12723.576171875
2023-05-22 15:30:00-04:00,12721.07421875
2023-05-23 09:30:00-04:00,12696.615234375
2023-05-23 10:30:00-04:00,12707.998046875
2023-05-23 11:30:00-04:00,12668.4462890625
2023-05-23 12:30:00-04:00,12623.5478515625
2023-05-23 13:30:00-04:00,12571.4091796875
2023-05-23 14:30:00-04:00,12576.060546875
2023-05-23 15:30:00-04:00,12562.984375
2023-05-24 09:30:00-04:00,12435.1162109375
2023-05-24 10:30:00-04:00,12458.421875
2023-05-24 11:30:00-04:00,12427.45703125
2023-05-24 12:30:00-04:00,12444.544921875
2023-05-24 13:30:00-04:00,12448.771484375
2023-05-24 14:30:00-04:00,12509.087890625
2023-05-24 15:30:00-04:00,12483.1103515625
2023-05-25 09:30:00-04:00,12630.0078125
2023-05-25 10:30:00-04:00,12677.380859375
2023-05-25 11:30:00-04:00,12702.4794921875
2023-05-25 12:30:00-04:00,12702.873046875
2023-05-25 13:30:00-04:00,12712.2197265625
2023-05-25 14:30:00-04:00,12724.595703125
2023-05-25 15:30:00-04:00,12697.6318359375
2023-05-26 09:30:00-04:00,12880.6787109375
2023-05-26 10:30:00-04:00,12906.65234375
2023-05-26 11:30:00-04:00,12955.458984375
2023-05-26 12:30:00-04:00,12966.673828125
2023-05-26 13:30:00-04:00,12966.859375
2023-05-26 14:30:00-04:00,12982.65625
2023-05-26 15:30:00-04:00,12974.142578125
2023-05-30 09:30:00-04:00,13039.71484375
2023-05-30 10:30:00-04:00,13052.2578125
2023-05-30 11:30:00-04:00,13028.1357421875
2023-05-30 12:30:00-04:00,13005.0732421875
2023-05-30 13:30:00-04:00,13021.7646484375
2023-05-30 14:30:00-04:00,13035.96875
2023-05-30 15:30:00-04:00,13017.521484375
2023-05-31 09:30:00-04:00,12927.2646484375
2023-05-31 10:30:00-04:00,12902.3994140625
2023-05-31 11:30:00-04:00,12903.689453125
2023-05-31 12:30:00-04:00,12947.2333984375
2023-05-31 13:30:00-04:00,12979.3388671875
2023-05-31 14:30:00-04:00,12954.255859375
2023-05-31 15:30:00-04:00,12941.5625
2023-06-01 09:30:00-04:00,12949.4990234375
2023-06-01 10:30:00-04:00,13027.955078125
2023-06-01 11:30:00-04:00,13086.9912109375
2023-06-01 12:30:00-04:00,13083.3232421875
2023-06-01 13:30:00-04:00,13113.2763671875
2023-06-01 14:30:00-04:00,13106.185546875
2023-06-01 15:30:00-04:00,13099.0263671875
2023-06-02 09:30:00-04:00,13173.5498046875
2023-06-02 10:30:00-04:00,13234.2451171875
2023-06-02 11:30:00-04:00,13220.9775390625
2023-06-02 12:30:00-04:00,13251.265625
2023-06-02 13:30:00-04:00,13232.02734375
2023-06-02 14:30:00-04:00,13238.2109375
2023-06-02 15:30:00-04:00,13239.837890625
2023-06-05 09:30:00-04:00,13247.0205078125
2023-06-05 10:30:00-04:00,13308.6416015625
2023-06-05 11:30:00-04:00,13318.0810546875
2023-06-05 12:30:00-04:00,13293.5595703125
2023-06-05 13:30:00-04:00,13263.662109375
2023-06-05 14:30:00-04:00,13234.2587890625
2023-06-05 15:30:00-04:00,13232.88671875
2023-06-06 09:30:00-04:00,13241.732421875
2023-06-06 10:30:00-04:00,13249.212890625
2023-06-06 11:30:00-04:00,13278.9765625
2023-06-06 12:30:00-04:00,13258.12890625
2023-06-06 13:30:00-04:00,13264.3232421875
2023-06-06 14:30:00-04:00,13276.822265625
2023-06-06 15:30:00-04:00,13276.083984375
2023-06-07 09:30:00-04:00,13269.9306640625
2023-06-07 10:30:00-04:00,13227.416015625
2023-06-07 11:30:00-04:00,13143.193359375
2023-06-07 12:30:00-04:00,13130.509765625
2023-06-07 13:30:00-04:00,13147.5615234375
2023-06-07 14:30:00-04:00,13127.634765625
2023-06-07 15:30:00-04:00,13105.830078125
2023-06-08 09:30:00-04:00,13159.26171875
2023-06-08 10:30:00-04:00,13218.0205078125
2023-06-08 11:30:00-04:00,13247.908203125
2023-06-08 12:30:00-04:00,13204.4912109375
2023-06-08 13:30:00-04:00,13210.2529296875
2023-06-08 14:30:00-04:00,13229.494140625
2023-06-08 15:30:00-04:00,13237.8076171875
2023-06-09 09:30:00-04:00,13375.4794921875
2023-06-09 10:30:00-04:00,13271.6708984375
2023-06-09 11:30:00-04:00,13247.310546875
2023-06-09 12:30:00-04:00,13294.513671875
2023-06-09 13:30:00-04:00,13302.220703125
2023-06-09 14:30:00-04:00,13276.0302734375
2023-06-09 15:30:00-04:00,13260.3720703125
2023-06-12 09:30:00-04:00,13334.6298828125
2023-06-12 10:30:00-04:00,13336.00390625
2023-06-12 11:30:00-04:00,13358.2705078125
2023-06-12 12:30:00-04:00,13364.4130859375
2023-06-12 13:30:00-04:00,13393.4384765625
2023-06-12 14:30:00-04:00,13443.5712890625
2023-06-12 15:30:00-04:00,13463.4609375
2023-06-13 09:30:00-04:00,13499.779296875
2023-06-13 10:30:00-04:00,13565.5654296875
2023-06-13 11:30:00-04:00,13549.3798828125
2023-06-13 12:30:00-04:00,13569.28125
2023-06-13 13:30:00-04:00,13518.82421875
2023-06-13 14:30:00-04:00,13554.5048828125
2023-06-13 15:30:00-04:00,13575.9150390625
2023-06-14 09:30:00-04:00,13610.140625
2023-06-14 10:30:00-04:00,13648.74609375
2023-06-14 11:30:00-04:00,13632.6650390625
2023-06-14 12:30:00-04:00,13593.1015625
2023-06-14 13:30:00-04:00,13497.7607421875
2023-06-14 14:30:00-04:00,13591.501953125
2023-06-14 15:30:00-04:00,13626.515625
2023-06-15 09:30:00-04:00,13687.50390625
2023-06-15 10:30:00-04:00,13713.1044921875
2023-06-15 11:30:00-04:00,13712.666015625
2023-06-15 12:30:00-04:00,13715.0966796875
2023-06-15 13:30:00-04:00,13758.00390625
2023-06-15 14:30:00-04:00,13803.908203125
2023-06-15 15:30:00-04:00,13783.2705078125
2023-06-16 09:30:00-04:00,13803.908203125
2023-06-16 10:30:00-04:00,13741.7646484375
2023-06-16 11:30:00-04:00,13775.5576171875
2023-06-16 12:30:00-04:00,13763.4306640625
2023-06-16 13:30:00-04:00,13748.2705078125
2023-06-16 14:30:00-04:00,13703.2197265625
2023-06-16 15:30:00-04:00,13690.748046875
2023-06-20 09:30:00-04:00,13570.509765625
2023-06-20 10:30:00-04:00,13599.017578125
2023-06-20 11:30:00-04:00,13654.8818359375
2023-06-20 12:30:00-04:00,13679.0830078125
2023-06-20 13:30:00-04:00,13679.5166015625
2023-06-20 14:30:00-04:00,13670.06640625
2023-06-20 15:30:00-04:00,13669.025390625
2023-06-21 09:30:00-04:00,13541.599609375
2023-06-21 10:30:00-04:00,13495.748046875
2023-06-21 11:30:00-04:00,13521.314453125
2023-06-21 12:30:00-04:00,13505.0341796875
2023-06-21 13:30:00-04:00,13579.5986328125
2023-06-21 14:30:00-04:00,13546.9599609375
2023-06-21 15:30:00-04:00,13501.6201171875
2023-06-22 09:30:00-04:00,13571.029296875
2023-06-22 10:30:00-04:00,13549.875
2023-06-22 11:30:00-04:00,13565.9521484375
2023-06-22 12:30:00-04:00,13560.740234375
2023-06-22 13:30:00-04:00,13590.91015625
2023-06-22 14:30:00-04:00,13589.197265625
2023-06-22 15:30:00-04:00,13631.0947265625
2023-06-23 09:30:00-04:00,13489.9912109375
2023-06-23 10:30:00-04:00,13465.6982421875
2023-06-23 11:30:00-04:00,13538.6923828125
2023-06-23 12:30:00-04:00,13564.23046875
2023-06-23 13:30:00-04:00,13535.1904296875
2023-06-23 14:30:00-04:00,13495.142578125
2023-06-23 15:30:00-04:00,13489.03515625
2023-06-26 09:30:00-04:00,13550.03515625
2023-06-26 10:30:00-04:00,13452.6826171875
2023-06-26 11:30:00-04:00,13386.6767578125
2023-06-26 12:30:00-04:00,13394.349609375
2023-06-26 13:30:00-04:00,13386.7763671875
2023-06-26 14:30:00-04:00,13396.2236328125
2023-06-26 15:30:00-04:00,13337.5888671875
2023-06-27 09:30:00-04:00,13404.6279296875
2023-06-27 10:30:00-04:00,13446.650390625
2023-06-27 11:30:00-04:00,13486.220703125
2023-06-27 12:30:00-04:00,13525.7216796875
2023-06-27 13:30:00-04:00,13566.4833984375
2023-06-27 14:30:00-04:00,13577.865234375
2023-06-27 15:30:00-04:00,13555.7197265625
2023-06-28 09:30:00-04:00,13588.626953125
2023-06-28 10:30:00-04:00,13590.005859375
2023-06-28 11:30:00-04:00,13601.0751953125
2023-06-28 12:30:00-04:00,13580.013671875
2023-06-28 13:30:00-04:00,13593.6494140625
2023-06-28 14:30:00-04:00,13570.8857421875
2023-06-28 15:30:00-04:00,13593.1865234375
2023-06-29 09:30:00-04:00,13566.208984375
2023-06-29 10:30:00-04:00,13613.1171875
2023-06-29 11:30:00-04:00,13602.90234375
2023-06-29 12:30:00-04:00,13590.6484375
2023-06-29 13:30:00-04:00,13567.1083984375
2023-06-29 14:30:00-04:00,13573.9375
2023-06-29 15:30:00-04:00,13588.6025390625
2023-06-30 09:30:00-04:00,13800.0966796875
2023-06-30 10:30:00-04:00,13777.6259765625
2023-06-30 11:30:00-04:00,13781.634765625
2023-06-30 12:30:00-04:00,13796.388671875
2023-06-30 13:30:00-04:00,13808.6337890625
2023-06-30 14:30:00-04:00,13804.619140625
2023-06-30 15:30:00-04:00,13785.970703125
2023-07-03 09:30:00-04:00,13812.7373046875
2023-07-03 10:30:00-04:00,13782.75390625
2023-07-03 11:30:00-04:00,13795.15625
2023-07-05 09:30:00-04:00,13828.2685546875
2023-07-05 10:30:00-04:00,13794.830078125
2023-07-05 11:30:00-04:00,13800.1494140625
2023-07-05 12:30:00-04:00,13797.32421875
2023-07-05 13:30:00-04:00,13779.0205078125
2023-07-05 14:30:00-04:00,13817.1044921875
2023-07-05 15:30:00-04:00,13790.7685546875
2023-07-06 09:30:00-04:00,13607.7138671875
2023-07-06 10:30:00-04:00,13584.5986328125
2023-07-06 11:30:00-04:00,13643.2412109375
2023-07-06 12:30:00-04:00,13655.1904296875
2023-07-06 13:30:00-04:00,13658.697265625
2023-07-06 14:30:00-04:00,13678.552734375
2023-07-06 15:30:00-04:00,13678.7041015625
2023-07-07 09:30:00-04:00,13692.4853515625
2023-07-07 10:30:00-04:00,13717.24609375
2023-07-07 11:30:00-04:00,13753.0205078125
2023-07-07 12:30:00-04:00,13803.240234375
2023-07-07 13:30:00-04:00,13779.86328125
2023-07-07 14:30:00-04:00,13721.5771484375
2023-07-07 15:30:00-04:00,13659.5595703125
2023-07-10 09:30:00-04:00,13670.005859375
2023-07-10 10:30:00-04:00,13652.54296875
2023-07-10 11:30:00-04:00,13621.0634765625
2023-07-10 12:30:00-04:00,13663.2822265625
2023-07-10 13:30:00-04:00,13683.9462890625
2023-07-10 14:30:00-04:00,13668.66796875
2023-07-10 15:30:00-04:00,13684.22265625
2023-07-11 09:30:00-04:00,13692.4462890625
2023-07-11 10:30:00-04:00,13691.05078125
2023-07-11 11:30:00-04:00,13701.5625
2023-07-11 12:30:00-04:00,13706.5146484375
2023-07-11 13:30:00-04:00,13690.064453125
2023-07-11 14:30:00-04:00,13725.8857421875
2023-07-11 15:30:00-04:00,13761.677734375
2023-07-12 09:30:00-04:00,13948.6015625
2023-07-12 10:30:00-04:00,13924.7578125
2023-07-12 11:30:00-04:00,13873.4296875
2023-07-12 12:30:00-04:00,13919.5263671875
2023-07-12 13:30:00-04:00,13946.1845703125
2023-07-12 14:30:00-04:00,13914.453125
2023-07-12 15:30:00-04:00,13918.5126953125
2023-07-13 09:30:00-04:00,14025.794921875
2023-07-13 10:30:00-04:00,14052.8515625
2023-07-13 11:30:00-04:00,14092.32421875
2023-07-13 12:30:00-04:00,14104.015625
2023-07-13 13:30:00-04:00,14110.271484375
2023-07-13 14:30:00-04:00,14146.396484375
2023-07-13 15:30:00-04:00,14138.3125
2023-07-14 09:30:00-04:00,14201.2001953125
2023-07-14 10:30:00-04:00,14184.9853515625
2023-07-14 11:30:00-04:00,14163.244140625
2023-07-14 12:30:00-04:00,14150.0693359375
2023-07-14 13:30:00-04:00,14123.7890625
2023-07-14 14:30:00-04:00,14092.0751953125
2023-07-14 15:30:00-04:00,14113.798828125
2023-07-17 09:30:00-04:00,14176.8720703125
2023-07-17 10:30:00-04:00,14196.9287109375
2023-07-17 11:30:00-04:00,14195.3544921875
2023-07-17 12:30:00-04:00,14209.294921875
2023-07-17 13:30:00-04:00,14240.2763671875
2023-07-17 14:30:00-04:00,14264.470703125
2023-07-17 15:30:00-04:00,14243.3544921875
2023-07-18 09:30:00-04:00,14207.318359375
2023-07-18 10:30:00-04:00,14215.8720703125
2023-07-18 11:30:00-04:00,14305.5703125
2023-07-18 12:30:00-04:00,14324.638671875
2023-07-18 13:30:00-04:00,14372.03125
2023-07-18 14:30:00-04:00,14380.705078125
2023-07-18 15:30:00-04:00,14354.8935546875
2023-07-19 09:30:00-04:00,14386.2587890625
2023-07-19 10:30:00-04:00,14414.9931640625
2023-07-19 11:30:00-04:00,14374.634765625
2023-07-19 12:30:00-04:00,14342.1376953125
2023-07-19 13:30:00-04:00,14327.453125
2023-07-19 14:30:00-04:00,14380.0673828125
2023-07-19 15:30:00-04:00,14356.7109375
2023-07-20 09:30:00-04:00,14185.1259765625
2023-07-20 10:30:00-04:00,14182.712890625
2023-07-20 11:30:00-04:00,14162.1943359375
2023-07-20 12:30:00-04:00,14151.513671875
2023-07-20 13:30:00-04:00,14079.9189453125
2023-07-20 14:30:00-04:00,14034.642578125
2023-07-20 15:30:00-04:00,14066.53515625
2023-07-21 09:30:00-04:00,14036.8994140625
2023-07-21 10:30:00-04:00,14108.4091796875
2023-07-21 11:30:00-04:00,14061.205078125
2023-07-21 12:30:00-04:00,14100.3701171875
2023-07-21 13:30:00-04:00,14077.8740234375
2023-07-21 14:30:00-04:00,14039.671875
2023-07-21 15:30:00-04:00,14032.9873046875
2023-07-24 09:30:00-04:00,14073.12109375
2023-07-24 10:30:00-04:00,14064.6103515625
2023-07-24 11:30:00-04:00,14060.58984375
2023-07-24 12:30:00-04:00,14058.5185546875
2023-07-24 13:30:00-04:00,14076.0947265625
2023-07-24 14:30:00-04:00,14030.23828125
2023-07-24 15:30:00-04:00,14059.5751953125
2023-07-25 09:30:00-04:00,14123.4697265625
2023-07-25 10:30:00-04:00,14130.435546875
2023-07-25 11:30:00-04:00,14147.1396484375
2023-07-25 12:30:00-04:00,14181.5634765625
2023-07-25 13:30:00-04:00,14185.236328125
2023-07-25 14:30:00-04:00,14174.4990234375
2023-07-25 15:30:00-04:00,14147.5087890625
2023-07-26 09:30:00-04:00,14116.4638671875
2023-07-26 10:30:00-04:00,14075.0576171875
2023-07-26 11:30:00-04:00,14082.005859375
2023-07-26 12:30:00-04:00,14084.08984375
2023-07-26 13:30:00-04:00,14082.568359375
2023-07-26 14:30:00-04:00,14100.177734375
2023-07-26 15:30:00-04:00,14130.400390625
2023-07-27 09:30:00-04:00,14245.9580078125
2023-07-27 10:30:00-04:00,14286.8564453125
2023-07-27 11:30:00-04:00,14307.3291015625
2023-07-27 12:30:00-04:00,14210.7021484375
2023-07-27 13:30:00-04:00,14104.2314453125
2023-07-27 14:30:00-04:00,14059.1337890625
2023-07-27 15:30:00-04:00,14051.6923828125
2023-07-28 09:30:00-04:00,14263.1396484375
2023-07-28 10:30:00-04:00,14316.095703125
2023-07-28 11:30:00-04:00,14343.87890625
2023-07-28 12:30:00-04:00,14291.7744140625
2023-07-28 13:30:00-04:00,14319.146484375
2023-07-28 14:30:00-04:00,14306.35546875
2023-07-28 15:30:00-04:00,14312.578125
2023-07-31 09:30:00-04:00,14338.3837890625
2023-07-31 10:30:00-04:00,14334.328125
2023-07-31 11:30:00-04:00,14336.8466796875
2023-07-31 12:30:00-04:00,14313.2724609375
2023-07-31 13:30:00-04:00,14319.1640625
2023-07-31 14:30:00-04:00,14319.6845703125
2023-07-31 15:30:00-04:00,14347.998046875
2023-08-01 09:30:00-04:00,14250.73828125
2023-08-01 10:30:00-04:00,14291.4208984375
2023-08-01 11:30:00-04:00,14268.345703125
2023-08-01 12:30:00-04:00,14288.9736328125
2023-08-01 13:30:00-04:00,14295.8671875
2023-08-01 14:30:00-04:00,14297.4765625
2023-08-01 15:30:00-04:00,14284.19921875
2023-08-02 09:30:00-04:00,14049.6611328125
2023-08-02 10:30:00-04:00,14001.1552734375
2023-08-02 11:30:00-04:00,13928.158203125
2023-08-02 12:30:00-04:00,13991.978515625
2023-08-02 13:30:00-04:00,14003.6796875
2023-08-02 14:30:00-04:00,13947.4697265625
2023-08-02 15:30:00-04:00,13976.1845703125
2023-08-03 09:30:00-04:00,13887.7294921875
2023-08-03 10:30:00-04:00,13984.73828125
2023-08-03 11:30:00-04:00,13988.69921875
2023-08-03 12:30:00-04:00,14011.9677734375
2023-08-03 13:30:00-04:00,13986.994140625
2023-08-03 14:30:00-04:00,13964.96484375
2023-08-03 15:30:00-04:00,13956.9521484375
2023-08-04 09:30:00-04:00,14001.890625
2023-08-04 10:30:00-04:00,14065.853515625
2023-08-04 11:30:00-04:00,14102.9833984375
2023-08-04 12:30:00-04:00,14085.0146484375
2023-08-04 13:30:00-04:00,13978.1240234375
2023-08-04 14:30:00-04:00,13928.6845703125
2023-08-04 15:30:00-04:00,13909.91015625
2023-08-07 09:30:00-04:00,13941.8466796875
2023-08-07 10:30:00-04:00,13885.7060546875
2023-08-07 11:30:00-04:00,13939.123046875
2023-08-07 12:30:00-04:00,13941.232421875
2023-08-07 13:30:00-04:00,13943.0166015625
2023-08-07 14:30:00-04:00,13957.4677734375
2023-08-07 15:30:00-04:00,13995.080078125
2023-08-08 09:30:00-04:00,13827.92578125
2023-08-08 10:30:00-04:00,13805.41796875
2023-08-08 11:30:00-04:00,13809.111328125
2023-08-08 12:30:00-04:00,13826.5224609375
2023-08-08 13:30:00-04:00,13851.6552734375
2023-08-08 14:30:00-04:00,13873.013671875
2023-08-08 15:30:00-04:00,13884.7666015625
2023-08-09 09:30:00-04:00,13814.42578125
2023-08-09 10:30:00-04:00,13711.90625
2023-08-09 11:30:00-04:00,13743.515625
2023-08-09 12:30:00-04:00,13782.9501953125
2023-08-09 13:30:00-04:00,13824.6650390625
2023-08-09 14:30:00-04:00,13788.888671875
2023-08-09 15:30:00-04:00,13721.9677734375
2023-08-10 09:30:00-04:00,13910.0029296875
2023-08-10 10:30:00-04:00,13821.822265625
2023-08-10 11:30:00-04:00,13764.6142578125
2023-08-10 12:30:00-04:00,13735.6533203125
2023-08-10 13:30:00-04:00,13747.326171875
2023-08-10 14:30:00-04:00,13742.9794921875
2023-08-10 15:30:00-04:00,13738.4013671875
2023-08-11 09:30:00-04:00,13699.4736328125
2023-08-11 10:30:00-04:00,13625.5576171875
2023-08-11 11:30:00-04:00,13650.318359375
2023-08-11 12:30:00-04:00,13666.998046875
2023-08-11 13:30:00-04:00,13659.0595703125
2023-08-11 14:30:00-04:00,13664.02734375
2023-08-11 15:30:00-04:00,13643.5849609375
2023-08-14 09:30:00-04:00,13668.4775390625
2023-08-14 10:30:00-04:00,13735.0048828125
2023-08-14 11:30:00-04:00,13715.76171875
2023-08-14 12:30:00-04:00,13748.5400390625
2023-08-14 13:30:00-04:00,13736.3701171875
2023-08-14 14:30:00-04:00,13746.548828125
2023-08-14 15:30:00-04:00,13788.6591796875
2023-08-15 09:30:00-04:00,13660.5625
2023-08-15 10:30:00-04:00,13700.6484375
2023-08-15 11:30:00-04:00,13703.8798828125
2023-08-15 12:30:00-04:00,13697.60546875
2023-08-15 13:30:00-04:00,13670.669921875
2023-08-15 14:30:00-04:00,13622.212890625
2023-08-15 15:30:00-04:00,13633.859375
2023-08-16 09:30:00-04:00,13607.423828125
2023-08-16 10:30:00-04:00,13602.4091796875
2023-08-16 11:30:00-04:00,13529.6513671875
2023-08-16 12:30:00-04:00,13537.0048828125
2023-08-16 13:30:00-04:00,13583.0615234375
2023-08-16 14:30:00-04:00,13499.302734375
2023-08-16 15:30:00-04:00,13475.3232421875
2023-08-17 09:30:00-04:00,13422.8857421875
2023-08-17 10:30:00-04:00,13410.626953125
2023-08-17 11:30:00-04:00,13464.2041015625
2023-08-17 12:30:00-04:00,13437.6435546875
2023-08-17 13:30:00-04:00,13394.142578125
2023-08-17 14:30:00-04:00,13337.2744140625
2023-08-17 15:30:00-04:00,13315.970703125
2023-08-18 09:30:00-04:00,13184.259765625
2023-08-18 10:30:00-04:00,13225.29296875
2023-08-18 11:30:00-04:00,13261.119140625
2023-08-18 12:30:00-04:00,13259.5771484375
2023-08-18 13:30:00-04:00,13285.158203125
2023-08-18 14:30:00-04:00,13293.6826171875
2023-08-18 15:30:00-04:00,13289.15625
2023-08-21 09:30:00-04:00,13363.1298828125
2023-08-21 10:30:00-04:00,13340.751953125
2023-08-21 11:30:00-04:00,13396.591796875
2023-08-21 12:30:00-04:00,13443.91015625
2023-08-21 13:30:00-04:00,13466.62109375
2023-08-21 14:30:00-04:00,13498.4482421875
2023-08-21 15:30:00-04:00,13497.0751953125
2023-08-22 09:30:00-04:00,13528.9794921875
2023-08-22 10:30:00-04:00,13543.7978515625
2023-08-22 11:30:00-04:00,13510.994140625
2023-08-22 12:30:00-04:00,13506.5029296875
2023-08-22 13:30:00-04:00,13526.091796875
2023-08-22 14:30:00-04:00,13511.341796875
2023-08-22 15:30:00-04:00,13506.6982421875
2023-08-23 09:30:00-04:00,13652.5810546875
2023-08-23 10:30:00-04:00,13710.060546875
2023-08-23 11:30:00-04:00,13701.2451171875
2023-08-23 12:30:00-04:00,13737.1591796875
2023-08-23 13:30:00-04:00,13731.068359375
2023-08-23 14:30:00-04:00,13743.517578125
2023-08-23 15:30:00-04:00,13720.3974609375
2023-08-24 09:30:00-04:00,13651.7470703125
2023-08-24 10:30:00-04:00,13582.673828125
2023-08-24 11:30:00-04:00,13577.603515625
2023-08-24 12:30:00-04:00,13554.1845703125
2023-08-24 13:30:00-04:00,13558.7158203125
2023-08-24 14:30:00-04:00,13516.8515625
2023-08-24 15:30:00-04:00,13463.6552734375
2023-08-25 09:30:00-04:00,13497.0341796875
2023-08-25 10:30:00-04:00,13468.1630859375
2023-08-25 11:30:00-04:00,13504.7353515625
2023-08-25 12:30:00-04:00,13492.8525390625
2023-08-25 13:30:00-04:00,13589.0185546875
2023-08-25 14:30:00-04:00,13620.8466796875
2023-08-25 15:30:00-04:00,13591.3291015625
2023-08-28 09:30:00-04:00,13707.52734375
2023-08-28 10:30:00-04:00,13651.7509765625
2023-08-28 11:30:00-04:00,13640.9990234375
2023-08-28 12:30:00-04:00,13702.287109375
2023-08-28 13:30:00-04:00,13651.5302734375
2023-08-28 14:30:00-04:00,13673.205078125
2023-08-28 15:30:00-04:00,13705.671875
2023-08-29 09:30:00-04:00,13862.3955078125
2023-08-29 10:30:00-04:00,13900.181640625
2023-08-29 11:30:00-04:00,13933.1259765625
2023-08-29 12:30:00-04:00,13924.3955078125
2023-08-29 13:30:00-04:00,13938.150390625
2023-08-29 14:30:00-04:00,13958.822265625
2023-08-29 15:30:00-04:00,13946.271484375
2023-08-30 09:30:00-04:00,13948.30078125
2023-08-30 10:30:00-04:00,13996.51953125
2023-08-30 11:30:00-04:00,14041.103515625
2023-08-30 12:30:00-04:00,14022.3154296875
2023-08-30 13:30:00-04:00,13980.4794921875
2023-08-30 14:30:00-04:00,14010.2294921875
2023-08-30 15:30:00-04:00,14019.55078125
2023-08-31 09:30:00-04:00,14100.3173828125
2023-08-31 10:30:00-04:00,14079.0380859375
2023-08-31 11:30:00-04:00,14045.814453125
2023-08-31 12:30:00-04:00,14070.8505859375
2023-08-31 13:30:00-04:00,14082.1884765625
2023-08-31 14:30:00-04:00,14072.091796875
2023-08-31 15:30:00-04:00,14037.5703125
2023-09-01 09:30:00-04:00,14086.8994140625
2023-09-01 10:30:00-04:00,14028.3349609375
2023-09-01 11:30:00-04:00,14016.7998046875
2023-09-01 12:30:00-04:00,14009.134765625
2023-09-01 13:30:00-04:00,13990.376953125
2023-09-01 14:30:00-04:00,14022.888671875
2023-09-01 15:30:00-04:00,14028.7216796875
2023-09-05 09:30:00-04:00,13986.2587890625
2023-09-05 10:30:00-04:00,14025.990234375
2023-09-05 11:30:00-04:00,14030.9541015625
2023-09-05 12:30:00-04:00,14018.73828125
2023-09-05 13:30:00-04:00,14055.8857421875
2023-09-05 14:30:00-04:00,14032.2412109375
2023-09-05 15:30:00-04:00,14021.078125
2023-09-06 09:30:00-04:00,13877.646484375
2023-09-06 10:30:00-04:00,13875.1982421875
2023-09-06 11:30:00-04:00,13829.390625
2023-09-06 12:30:00-04:00,13836.3623046875
2023-09-06 13:30:00-04:00,13852.5751953125
2023-09-06 14:30:00-04:00,13840.0908203125
2023-09-06 15:30:00-04:00,13873.990234375
2023-09-07 09:30:00-04:00,13690.8701171875
2023-09-07 10:30:00-04:00,13709.8564453125
2023-09-07 11:30:00-04:00,13734.255859375
2023-09-07 12:30:00-04:00,13735.7958984375
2023-09-07 13:30:00-04:00,13727.6279296875
2023-09-07 14:30:00-04:00,13756.3330078125
2023-09-07 15:30:00-04:00,13750.7431640625
2023-09-08 09:30:00-04:00,13830.2138671875
2023-09-08 10:30:00-04:00,13817.1767578125
2023-09-08 11:30:00-04:00,13804.1162109375
2023-09-08 12:30:00-04:00,13786.064453125
2023-09-08 13:30:00-04:00,13764.703125
2023-09-08 14:30:00-04:00,13737.673828125
2023-09-08 15:30:00-04:00,13764.578125
2023-09-11 09:30:00-04:00,13841.791015625
2023-09-11 10:30:00-04:00,13862.7734375
2023-09-11 11:30:00-04:00,13862.654296875
2023-09-11 12:30:00-04:00,13890.556640625
2023-09-11 13:30:00-04:00,13921.3671875
2023-09-11 14:30:00-04:00,13932.5419921875
2023-09-11 15:30:00-04:00,13920.3525390625
2023-09-12 09:30:00-04:00,13846.1865234375
2023-09-12 10:30:00-04:00,13815.60546875
2023-09-12 11:30:00-04:00,13836.3828125
2023-09-12 12:30:00-04:00,13864.2548828125
2023-09-12 13:30:00-04:00,13809.8857421875
2023-09-12 14:30:00-04:00,13770.728515625
2023-09-12 15:30:00-04:00,13773.517578125
2023-09-13 09:30:00-04:00,13792.142578125
2023-09-13 10:30:00-04:00,13845.8388671875
2023-09-13 11:30:00-04:00,13846.3271484375
2023-09-13 12:30:00-04:00,13851.318359375
2023-09-13 13:30:00-04:00,13841.90625
2023-09-13 14:30:00-04:00,13804.7998046875
2023-09-13 15:30:00-04:00,13814.662109375
2023-09-14 09:30:00-04:00,13849.6484375
2023-09-14 10:30:00-04:00,13916.85546875
2023-09-14 11:30:00-04:00,13917.18359375
2023-09-14 12:30:00-04:00,13932.40234375
2023-09-14 13:30:00-04:00,13916.2001953125
2023-09-14 14:30:00-04:00,13927.2587890625
2023-09-14 15:30:00-04:00,13925.2109375
2023-09-15 09:30:00-04:00,13794.30859375
2023-09-15 10:30:00-04:00,13742.609375
2023-09-15 11:30:00-04:00,13746.701171875
2023-09-15 12:30:00-04:00,13698.873046875
2023-09-15 13:30:00-04:00,13688.013671875
2023-09-15 14:30:00-04:00,13713.7333984375
2023-09-15 15:30:00-04:00,13708.6728515625
2023-09-18 09:30:00-04:00,13712.1845703125
2023-09-18 10:30:00-04:00,13721.3310546875
2023-09-18 11:30:00-04:00,13743.849609375
2023-09-18 12:30:00-04:00,13737.9873046875
2023-09-18 13:30:00-04:00,13729.4404296875
2023-09-18 14:30:00-04:00,13706.3291015625
2023-09-18 15:30:00-04:00,13710.2666015625
2023-09-19 09:30:00-04:00,13619.048828125
2023-09-19 10:30:00-04:00,13599.716796875
2023-09-19 11:30:00-04:00,13602.83984375
2023-09-19 12:30:00-04:00,13632.6728515625
2023-09-19 13:30:00-04:00,13669.171875
2023-09-19 14:30:00-04:00,13671.4677734375
2023-09-19 15:30:00-04:00,13675.56640625
2023-09-20 09:30:00-04:00,13675.5615234375
2023-09-20 10:30:00-04:00,13638.6689453125
2023-09-20 11:30:00-04:00,13670.451171875
2023-09-20 12:30:00-04:00,13665.2265625
2023-09-20 13:30:00-04:00,13637.2548828125
2023-09-20 14:30:00-04:00,13563.1005859375
2023-09-20 15:30:00-04:00,13468.1171875
2023-09-21 09:30:00-04:00,13313.1015625
2023-09-21 10:30:00-04:00,13296.583984375
2023-09-21 11:30:00-04:00,13293.419921875
2023-09-21 12:30:00-04:00,13333.8974609375
2023-09-21 13:30:00-04:00,13286.986328125
2023-09-21 14:30:00-04:00,13254.7890625
2023-09-21 15:30:00-04:00,13222.947265625
2023-09-22 09:30:00-04:00,13297.3720703125
2023-09-22 10:30:00-04:00,13344.0302734375
2023-09-22 11:30:00-04:00,13331.4326171875
2023-09-22 12:30:00-04:00,13278.900390625
2023-09-22 13:30:00-04:00,13231.591796875
2023-09-22 14:30:00-04:00,13285.478515625
2023-09-22 15:30:00-04:00,13207.9130859375
2023-09-25 09:30:00-04:00,13185.787109375
2023-09-25 10:30:00-04:00,13244.236328125
2023-09-25 11:30:00-04:00,13274.443359375
2023-09-25 12:30:00-04:00,13238.0009765625
2023-09-25 13:30:00-04:00,13238.421875
2023-09-25 14:30:00-04:00,13233.66796875
2023-09-25 15:30:00-04:00,13270.73828125
2023-09-26 09:30:00-04:00,13128.9453125
2023-09-26 10:30:00-04:00,13097.1513671875
2023-09-26 11:30:00-04:00,13122.830078125
2023-09-26 12:30:00-04:00,13100.2509765625
2023-09-26 13:30:00-04:00,13069.517578125
2023-09-26 14:30:00-04:00,13042.2978515625
2023-09-26 15:30:00-04:00,13064.94921875
2023-09-27 09:30:00-04:00,13112.455078125
2023-09-27 10:30:00-04:00,13090.3125
2023-09-27 11:30:00-04:00,13023.3818359375
2023-09-27 12:30:00-04:00,12986.484375
2023-09-27 13:30:00-04:00,13035.73828125
2023-09-27 14:30:00-04:00,13115.8173828125
2023-09-27 15:30:00-04:00,13092.5673828125
2023-09-28 09:30:00-04:00,13080.44140625
2023-09-28 10:30:00-04:00,13166.15234375
2023-09-28 11:30:00-04:00,13268.3525390625
2023-09-28 12:30:00-04:00,13213.4208984375
2023-09-28 13:30:00-04:00,13218.2685546875
2023-09-28 14:30:00-04:00,13244.669921875
2023-09-28 15:30:00-04:00,13200.1796875
2023-09-29 09:30:00-04:00,13321.2548828125
2023-09-29 10:30:00-04:00,13300.8046875
2023-09-29 11:30:00-04:00,13292.169921875
2023-09-29 12:30:00-04:00,13223.328125
2023-09-29 13:30:00-04:00,13185.291015625
2023-09-29 14:30:00-04:00,13230.6650390625
2023-09-29 15:30:00-04:00,13222.1328125
2023-10-02 09:30:00-04:00,13276.80859375
2023-10-02 10:30:00-04:00,13359.8154296875
2023-10-02 11:30:00-04:00,13257.25
2023-10-02 12:30:00-04:00,13249.8173828125
2023-10-02 13:30:00-04:00,13225.943359375
2023-10-02 14:30:00-04:00,13248.154296875
2023-10-02 15:30:00-04:00,13306.5693359375
2023-10-03 09:30:00-04:00,13117.814453125
2023-10-03 10:30:00-04:00,13079.8505859375
2023-10-03 11:30:00-04:00,13107.1796875
2023-10-03 12:30:00-04:00,13072.3515625
2023-10-03 13:30:00-04:00,13034.4736328125
2023-10-03 14:30:00-04:00,13019.943359375
2023-10-03 15:30:00-04:00,13061.9990234375
2023-10-04 09:30:00-04:00,13073.1357421875
2023-10-04 10:30:00-04:00,13156.9833984375
2023-10-04 11:30:00-04:00,13193.150390625
2023-10-04 12:30:00-04:00,13158.2490234375
2023-10-04 13:30:00-04:00,13158.8642578125
2023-10-04 14:30:00-04:00,13225.8447265625
2023-10-04 15:30:00-04:00,13235.6708984375
2023-10-05 09:30:00-04:00,13158.384765625
2023-10-05 10:30:00-04:00,13119.2919921875
2023-10-05 11:30:00-04:00,13172.6083984375
2023-10-05 12:30:00-04:00,13168.0322265625
2023-10-05 13:30:00-04:00,13213.197265625
2023-10-05 14:30:00-04:00,13233.05078125
2023-10-05 15:30:00-04:00,13220.9208984375
2023-10-06 09:30:00-04:00,13201.2138671875
2023-10-06 10:30:00-04:00,13273.166015625
2023-10-06 11:30:00-04:00,13372.3095703125
2023-10-06 12:30:00-04:00,13414.3291015625
2023-10-06 13:30:00-04:00,13444.482421875
2023-10-06 14:30:00-04:00,13464.833984375
2023-10-06 15:30:00-04:00,13429.4296875
2023-10-09 09:30:00-04:00,13348.4345703125
2023-10-09 10:30:00-04:00,13350.017578125
2023-10-09 11:30:00-04:00,13383.166015625
2023-10-09 12:30:00-04:00,13412.1767578125
2023-10-09 13:30:00-04:00,13495.447265625
2023-10-09 14:30:00-04:00,13491.759765625
2023-10-09 15:30:00-04:00,13484.78515625
2023-10-10 09:30:00-04:00,13582.95703125
2023-10-10 10:30:00-04:00,13636.896484375
2023-10-10 11:30:00-04:00,13647.8544921875
2023-10-10 12:30:00-04:00,13583.09765625
2023-10-10 13:30:00-04:00,13570.0146484375
2023-10-10 14:30:00-04:00,13581.666015625
2023-10-10 15:30:00-04:00,13564.8994140625
2023-10-11 09:30:00-04:00,13608.45703125
2023-10-11 10:30:00-04:00,13607.4072265625
2023-10-11 11:30:00-04:00,13584.634765625
2023-10-11 12:30:00-04:00,13571.9873046875
2023-10-11 13:30:00-04:00,13601.779296875
2023-10-11 14:30:00-04:00,13629.4716796875
2023-10-11 15:30:00-04:00,13660.421875
2023-10-12 09:30:00-04:00,13680.849609375
2023-10-12 10:30:00-04:00,13677.8037109375
2023-10-12 11:30:00-04:00,13710.0791015625
2023-10-12 12:30:00-04:00,13575.791015625
2023-10-12 13:30:00-04:00,13533.2158203125
2023-10-12 14:30:00-04:00,13564.2080078125
2023-10-12 15:30:00-04:00,13572.91796875
2023-10-13 09:30:00-04:00,13542.8896484375
2023-10-13 10:30:00-04:00,13442.6904296875
2023-10-13 11:30:00-04:00,13459.14453125
2023-10-13 12:30:00-04:00,13373.841796875
2023-10-13 13:30:00-04:00,13401.5654296875
2023-10-13 14:30:00-04:00,13399.798828125
2023-10-13 15:30:00-04:00,13409.759765625
2023-10-16 09:30:00-04:00,13563.0966796875
2023-10-16 10:30:00-04:00,13564.9150390625
2023-10-16 11:30:00-04:00,13552.2216796875
2023-10-16 12:30:00-04:00,13535.9375
2023-10-16 13:30:00-04:00,13571.8203125
2023-10-16 14:30:00-04:00,13595.9892578125
2023-10-16 15:30:00-04:00,13561.541015625
2023-10-17 09:30:00-04:00,13484.0693359375
2023-10-17 10:30:00-04:00,13531.73046875
2023-10-17 11:30:00-04:00,13601.4443359375
2023-10-17 12:30:00-04:00,13555.609375
2023-10-17 13:30:00-04:00,13519.021484375
2023-10-17 14:30:00-04:00,13514.625
2023-10-17 15:30:00-04:00,13533.640625
2023-10-18 09:30:00-04:00,13451.814453125
2023-10-18 10:30:00-04:00,13415.5078125
2023-10-18 11:30:00-04:00,13398.1064453125
2023-10-18 12:30:00-04:00,13418.1328125
2023-10-18 13:30:00-04:00,13379.0126953125
2023-10-18 14:30:00-04:00,13315.8359375
2023-10-18 15:30:00-04:00,13311.0478515625
2023-10-19 09:30:00-04:00,13305.4921875
2023-10-19 10:30:00-04:00,13295.37109375
2023-10-19 11:30:00-04:00,13325.328125
2023-10-19 12:30:00-04:00,13339.880859375
2023-10-19 13:30:00-04:00,13273.638671875
2023-10-19 14:30:00-04:00,13182.732421875
2023-10-19 15:30:00-04:00,13185.6943359375
2023-10-20 09:30:00-04:00,13068.3583984375
2023-10-20 10:30:00-04:00,12994.3798828125
2023-10-20 11:30:00-04:00,13025.6279296875
2023-10-20 12:30:00-04:00,13086.9248046875
2023-10-20 13:30:00-04:00,13030.8369140625
2023-10-20 14:30:00-04:00,13016.0439453125
2023-10-20 15:30:00-04:00,12984.0263671875
2023-10-23 09:30:00-04:00,12985.9619140625
2023-10-23 10:30:00-04:00,13054.642578125
2023-10-23 11:30:00-04:00,13085.3828125
2023-10-23 12:30:00-04:00,13097.0966796875
2023-10-23 13:30:00-04:00,13087.0986328125
2023-10-23 14:30:00-04:00,13046.787109375
2023-10-23 15:30:00-04:00,13019.6484375
2023-10-24 09:30:00-04:00,13145.9921875
2023-10-24 10:30:00-04:00,13106.7021484375
2023-10-24 11:30:00-04:00,13053.46875
2023-10-24 12:30:00-04:00,13077.828125
2023-10-24 13:30:00-04:00,13105.66796875
2023-10-24 14:30:00-04:00,13145.7587890625
2023-10-24 15:30:00-04:00,13139.4970703125
2023-10-25 09:30:00-04:00,12938.005859375
2023-10-25 10:30:00-04:00,12961.0478515625
2023-10-25 11:30:00-04:00,12909.001953125
2023-10-25 12:30:00-04:00,12848.4384765625
2023-10-25 13:30:00-04:00,12833.6962890625
2023-10-25 14:30:00-04:00,12833.9833984375
2023-10-25 15:30:00-04:00,12822.58984375
2023-10-26 09:30:00-04:00,12696.263671875
2023-10-26 10:30:00-04:00,12649.3515625
2023-10-26 11:30:00-04:00,12586.462890625
2023-10-26 12:30:00-04:00,12559.51171875
2023-10-26 13:30:00-04:00,12643.71875
2023-10-26 14:30:00-04:00,12655.77734375
2023-10-26 15:30:00-04:00,12596.4755859375
2023-10-27 09:30:00-04:00,12705.380859375
2023-10-27 10:30:00-04:00,12758.951171875
2023-10-27 11:30:00-04:00,12710.1103515625
2023-10-27 12:30:00-04:00,12640.986328125
2023-10-27 13:30:00-04:00,12609.244140625
2023-10-27 14:30:00-04:00,12640.04296875
2023-10-27 15:30:00-04:00,12645.6533203125
2023-10-30 09:30:00-04:00,12721.7666015625
2023-10-30 10:30:00-04:00,12721.701171875
2023-10-30 11:30:00-04:00,12728.48828125
2023-10-30 12:30:00-04:00,12766.4697265625
2023-10-30 13:30:00-04:00,12777.8896484375
2023-10-30 14:30:00-04:00,12812.46875
2023-10-30 15:30:00-04:00,12786.748046875
2023-10-31 09:30:00-04:00,12768.849609375
2023-10-31 10:30:00-04:00,12756.7138671875
2023-10-31 11:30:00-04:00,12768.275390625
2023-10-31 12:30:00-04:00,12799.828125
2023-10-31 13:30:00-04:00,12811.0087890625
2023-10-31 14:30:00-04:00,12846.4892578125
2023-10-31 15:30:00-04:00,12848.453125
2023-11-01 09:30:00-04:00,12960.2470703125
2023-11-01 10:30:00-04:00,12928.5595703125
2023-11-01 11:30:00-04:00,12934.6220703125
2023-11-01 12:30:00-04:00,12930.51953125
2023-11-01 13:30:00-04:00,12946.3330078125
2023-11-01 14:30:00-04:00,13044.40234375
2023-11-01 15:30:00-04:00,13062.1376953125
2023-11-02 09:30:00-04:00,13226.8681640625
2023-11-02 10:30:00-04:00,13238.1376953125
2023-11-02 11:30:00-04:00,13235.2060546875
2023-11-02 12:30:00-04:00,13259.9296875
2023-11-02 13:30:00-04:00,13284.0751953125
2023-11-02 14:30:00-04:00,13287.302734375
2023-11-02 15:30:00-04:00,13294.8662109375
2023-11-03 09:30:00-04:00,13387.814453125
2023-11-03 10:30:00-04:00,13415.4111328125
2023-11-03 11:30:00-04:00,13482.0625
2023-11-03 12:30:00-04:00,13466.087890625
2023-11-03 13:30:00-04:00,13499.580078125
2023-11-03 14:30:00-04:00,13491.953125
2023-11-03 15:30:00-04:00,13477.224609375
2023-11-06 09:30:00-05:00,13508.3466796875
2023-11-06 10:30:00-05:00,13518.30859375
2023-11-06 11:30:00-05:00,13497.859375
2023-11-06 12:30:00-05:00,13448.9775390625
2023-11-06 13:30:00-05:00,13467.4013671875
2023-11-06 14:30:00-05:00,13498.70703125
2023-11-06 15:30:00-05:00,13521.298828125
2023-11-07 09:30:00-05:00,13609.7158203125
2023-11-07 10:30:00-05:00,13651.3154296875
2023-11-07 11:30:00-05:00,13617.84375
2023-11-07 12:30:00-05:00,13653.296875
2023-11-07 13:30:00-05:00,13667.9287109375
2023-11-07 14:30:00-05:00,13663.7197265625
2023-11-07 15:30:00-05:00,13641.3056640625
2023-11-08 09:30:00-05:00,13615.5966796875
2023-11-08 10:30:00-05:00,13620.482421875
2023-11-08 11:30:00-05:00,13591.2080078125
2023-11-08 12:30:00-05:00,13628.25
2023-11-08 13:30:00-05:00,13651.767578125
2023-11-08 14:30:00-05:00,13634.392578125
2023-11-08 15:30:00-05:00,13651.005859375
2023-11-09 09:30:00-05:00,13628.8662109375
2023-11-09 10:30:00-05:00,13663.625
2023-11-09 11:30:00-05:00,13649.1865234375
2023-11-09 12:30:00-05:00,13630.9365234375
2023-11-09 13:30:00-05:00,13571.62109375
2023-11-09 14:30:00-05:00,13519.2783203125
2023-11-09 15:30:00-05:00,13521.3369140625
2023-11-10 09:30:00-05:00,13573.583984375
2023-11-10 10:30:00-05:00,13657.791015625
2023-11-10 11:30:00-05:00,13690.1435546875
2023-11-10 12:30:00-05:00,13745.8251953125
2023-11-10 13:30:00-05:00,13778.330078125
2023-11-10 14:30:00-05:00,13790.314453125
2023-11-10 15:30:00-05:00,13799.8740234375
2023-11-13 09:30:00-05:00,13735.9697265625
2023-11-13 10:30:00-05:00,13785.2666015625
2023-11-13 11:30:00-05:00,13776.494140625
2023-11-13 12:30:00-05:00,13767.4931640625
2023-11-13 13:30:00-05:00,13798.7880859375
2023-11-13 14:30:00-05:00,13788.1484375
2023-11-13 15:30:00-05:00,13768.017578125
2023-11-14 09:30:00-05:00,14077.6806640625
2023-11-14 10:30:00-05:00,14080.3515625
2023-11-14 11:30:00-05:00,14049.974609375
2023-11-14 12:30:00-05:00,14089.4697265625
2023-11-14 13:30:00-05:00,14069.017578125
2023-11-14 14:30:00-05:00,14119.0693359375
2023-11-14 15:30:00-05:00,14092.7705078125
2023-11-15 09:30:00-05:00,14157.96484375
2023-11-15 10:30:00-05:00,14178.5009765625
2023-11-15 11:30:00-05:00,14130.255859375
2023-11-15 12:30:00-05:00,14105.0478515625
2023-11-15 13:30:00-05:00,14134.2734375
2023-11-15 14:30:00-05:00,14114.3935546875
2023-11-15 15:30:00-05:00,14108.1083984375
2023-11-16 09:30:00-05:00,14105.7734375
2023-11-16 10:30:00-05:00,14043.71484375
2023-11-16 11:30:00-05:00,14096.458984375
2023-11-16 12:30:00-05:00,14089.8388671875
2023-11-16 13:30:00-05:00,14076.931640625
2023-11-16 14:30:00-05:00,14095.6318359375
2023-11-16 15:30:00-05:00,14114.525390625
2023-11-17 09:30:00-05:00,14102.6494140625
2023-11-17 10:30:00-05:00,14089.4375
2023-11-17 11:30:00-05:00,14098.9287109375
2023-11-17 12:30:00-05:00,14130.0107421875
2023-11-17 13:30:00-05:00,14139.375
2023-11-17 14:30:00-05:00,14133.86328125
2023-11-17 15:30:00-05:00,14124.7373046875
2023-11-20 09:30:00-05:00,14188.7509765625
2023-11-20 10:30:00-05:00,14228.818359375
2023-11-20 11:30:00-05:00,14238.6640625
2023-11-20 12:30:00-05:00,14277.494140625
2023-11-20 13:30:00-05:00,14273.90234375
2023-11-20 14:30:00-05:00,14300.900390625
2023-11-20 15:30:00-05:00,14286.2646484375
2023-11-21 09:30:00-05:00,14153.8115234375
2023-11-21 10:30:00-05:00,14169.2119140625
2023-11-21 11:30:00-05:00,14189.1103515625
2023-11-21 12:30:00-05:00,14174.171875
2023-11-21 13:30:00-05:00,14195.4384765625
2023-11-21 14:30:00-05:00,14205.9072265625
2023-11-21 15:30:00-05:00,14202.625
2023-11-22 09:30:00-05:00,14271.2568359375
2023-11-22 10:30:00-05:00,14271.80078125
2023-11-22 11:30:00-05:00,14295.6796875
2023-11-22 12:30:00-05:00,14304.4189453125
2023-11-22 13:30:00-05:00,14293.3447265625
2023-11-22 14:30:00-05:00,14271.0263671875
2023-11-22 15:30:00-05:00,14264.958984375
2023-11-24 09:30:00-05:00,14226.845703125
2023-11-24 10:30:00-05:00,14235.650390625
2023-11-24 11:30:00-05:00,14243.474609375
2023-11-27 09:30:00-05:00,14242.658203125
2023-11-27 10:30:00-05:00,14248.9248046875
2023-11-27 11:30:00-05:00,14280.5068359375
2023-11-27 12:30:00-05:00,14288.6982421875
2023-11-27 13:30:00-05:00,14269.1708984375
2023-11-27 14:30:00-05:00,14267.4140625
2023-11-27 15:30:00-05:00,14243.0595703125
2023-11-28 09:30:00-05:00,14221.8935546875
2023-11-28 10:30:00-05:00,14275.958984375
2023-11-28 11:30:00-05:00,14279.0712890625
2023-11-28 12:30:00-05:00,14241.9462890625
2023-11-28 13:30:00-05:00,14238.9033203125
2023-11-28 14:30:00-05:00,14244.6455078125
2023-11-28 15:30:00-05:00,14278.587890625
2023-11-29 09:30:00-05:00,14338.201171875
2023-11-29 10:30:00-05:00,14273.1435546875
2023-11-29 11:30:00-05:00,14311.0234375
2023-11-29 12:30:00-05:00,14307.787109375
2023-11-29 13:30:00-05:00,14297.673828125
2023-11-29 14:30:00-05:00,14256.287109375
2023-11-29 15:30:00-05:00,14259.044921875
2023-11-30 09:30:00-05:00,14213.2158203125
2023-11-30 10:30:00-05:00,14167.30859375
2023-11-30 11:30:00-05:00,14142.859375
2023-11-30 12:30:00-05:00,14136.8359375
2023-11-30 13:30:00-05:00,14152.28515625
2023-11-30 14:30:00-05:00,14147.1845703125
2023-11-30 15:30:00-05:00,14225.3515625
2023-12-01 09:30:00-05:00,14152.474609375
2023-12-01 10:30:00-05:00,14229.2412109375
2023-12-01 11:30:00-05:00,14283.3212890625
2023-12-01 12:30:00-05:00,14275.9697265625
2023-12-01 13:30:00-05:00,14284.15234375
2023-12-01 14:30:00-05:00,14299.0302734375
2023-12-01 15:30:00-05:00,14300.78515625
2023-12-04 09:30:00-05:00,14080.37109375
2023-12-04 10:30:00-05:00,14100.5888671875
2023-12-04 11:30:00-05:00,14161.048828125
2023-12-04 12:30:00-05:00,14144.93359375
2023-12-04 13:30:00-05:00,14146.7763671875
2023-12-04 14:30:00-05:00,14155.947265625
2023-12-04 15:30:00-05:00,14184.65234375
2023-12-05 09:30:00-05:00,14223.5576171875
2023-12-05 10:30:00-05:00,14218.0986328125
2023-12-05 11:30:00-05:00,14221.076171875
2023-12-05 12:30:00-05:00,14208.421875
2023-12-05 13:30:00-05:00,14221.216796875
2023-12-05 14:30:00-05:00,14225.130859375
2023-12-05 15:30:00-05:00,14232.939453125
2023-12-06 09:30:00-05:00,14233.083984375
2023-12-06 10:30:00-05:00,14248.822265625
2023-12-06 11:30:00-05:00,14236.1923828125
2023-12-06 12:30:00-05:00,14216.0244140625
2023-12-06 13:30:00-05:00,14203.34765625
2023-12-06 14:30:00-05:00,14162.9091796875
2023-12-06 15:30:00-05:00,14149.060546875
2023-12-07 09:30:00-05:00,14304.142578125
2023-12-07 10:30:00-05:00,14281.3466796875
2023-12-07 11:30:00-05:00,14341.5263671875
2023-12-07 12:30:00-05:00,14325.3564453125
2023-12-07 13:30:00-05:00,14346.958984375
2023-12-07 14:30:00-05:00,14334.02734375
2023-12-07 15:30:00-05:00,14339.8623046875
2023-12-08 09:30:00-05:00,14404.140625
2023-12-08 10:30:00-05:00,14357.548828125
2023-12-08 11:30:00-05:00,14360.1826171875
2023-12-08 12:30:00-05:00,14382.490234375
2023-12-08 13:30:00-05:00,14401.9375
2023-12-08 14:30:00-05:00,14409.1875
2023-12-08 15:30:00-05:00,14400.93359375
2023-12-11 09:30:00-05:00,14352.48046875
2023-12-11 10:30:00-05:00,14354.5048828125
2023-12-11 11:30:00-05:00,14381.9814453125
2023-12-11 12:30:00-05:00,14414.2060546875
2023-12-11 13:30:00-05:00,14427.3203125
2023-12-11 14:30:00-05:00,14411.947265625
2023-12-11 15:30:00-05:00,14433.7783203125
2023-12-12 09:30:00-05:00,14440.044921875
2023-12-12 10:30:00-05:00,14461.2197265625
2023-12-12 11:30:00-05:00,14456.5439453125
2023-12-12 12:30:00-05:00,14473.150390625
2023-12-12 13:30:00-05:00,14497.72265625
2023-12-12 14:30:00-05:00,14524.0810546875
2023-12-12 15:30:00-05:00,14533.37109375
2023-12-13 09:30:00-05:00,14572.8857421875
2023-12-13 10:30:00-05:00,14553.544921875
2023-12-13 11:30:00-05:00,14541.919921875
2023-12-13 12:30:00-05:00,14519.880859375
2023-12-13 13:30:00-05:00,14636.2109375
2023-12-13 14:30:00-05:00,14664.6923828125
2023-12-13 15:30:00-05:00,14731.8115234375
2023-12-14 09:30:00-05:00,14777.5654296875
2023-12-14 10:30:00-05:00,14762.03125
2023-12-14 11:30:00-05:00,14805.388671875
2023-12-14 12:30:00-05:00,14693.5029296875
2023-12-14 13:30:00-05:00,14729.5458984375
2023-12-14 14:30:00-05:00,14745.2275390625
2023-12-14 15:30:00-05:00,14759.216796875
2023-12-15 09:30:00-05:00,14841.650390625
2023-12-15 10:30:00-05:00,14836.3349609375
2023-12-15 11:30:00-05:00,14831.2666015625
2023-12-15 12:30:00-05:00,14804.3974609375
2023-12-15 13:30:00-05:00,14773.384765625
2023-12-15 14:30:00-05:00,14807.951171875
2023-12-15 15:30:00-05:00,14797.6484375
2023-12-18 09:30:00-05:00,14880.4892578125
2023-12-18 10:30:00-05:00,14864.689453125
2023-12-18 11:30:00-05:00,14892.40234375
2023-12-18 12:30:00-05:00,14912.15234375
2023-12-18 13:30:00-05:00,14920.2841796875
2023-12-18 14:30:00-05:00,14936.0244140625
2023-12-18 15:30:00-05:00,14905.5458984375
2023-12-19 09:30:00-05:00,14972.181640625
2023-12-19 10:30:00-05:00,14974.939453125
2023-12-19 11:30:00-05:00,14960.3310546875
2023-12-19 12:30:00-05:00,14965.330078125
2023-12-19 13:30:00-05:00,14982.1025390625
2023-12-19 14:30:00-05:00,14979.1875
2023-12-19 15:30:00-05:00,15003.3720703125
2023-12-20 09:30:00-05:00,15052.564453125
2023-12-20 10:30:00-05:00,15042.8740234375
2023-12-20 11:30:00-05:00,15045.337890625
2023-12-20 12:30:00-05:00,15058.763671875
2023-12-20 13:30:00-05:00,15017.9482421875
2023-12-20 14:30:00-05:00,14814.3076171875
2023-12-20 15:30:00-05:00,14779.7001953125
2023-12-21 09:30:00-05:00,14892.9404296875
2023-12-21 10:30:00-05:00,14906.802734375
2023-12-21 11:30:00-05:00,14855.84375
2023-12-21 12:30:00-05:00,14874.9228515625
2023-12-21 13:30:00-05:00,14893.11328125
2023-12-21 14:30:00-05:00,14940.8232421875
2023-12-21 15:30:00-05:00,14964.1015625
2023-12-22 09:30:00-05:00,15033.1533203125
2023-12-22 10:30:00-05:00,15012.568359375
2023-12-22 11:30:00-05:00,15005.8349609375
2023-12-22 12:30:00-05:00,15027.9365234375
2023-12-22 13:30:00-05:00,14940.732421875
2023-12-22 14:30:00-05:00,15004.0595703125
2023-12-22 15:30:00-05:00,14995.4404296875
2023-12-26 09:30:00-05:00,15049.76171875
2023-12-26 10:30:00-05:00,15042.8466796875
2023-12-26 11:30:00-05:00,15054.2001953125
2023-12-26 12:30:00-05:00,15060.6220703125
2023-12-26 13:30:00-05:00,15064.7275390625
2023-12-26 14:30:00-05:00,15094.056640625
2023-12-26 15:30:00-05:00,15074.9501953125
2023-12-27 09:30:00-05:00,15075.5654296875
2023-12-27 10:30:00-05:00,15067.3125
2023-12-27 11:30:00-05:00,15084.3037109375
2023-12-27 12:30:00-05:00,15100.8330078125
2023-12-27 13:30:00-05:00,15088.5234375
2023-12-27 14:30:00-05:00,15079.8203125
2023-12-27 15:30:00-05:00,15102.0966796875
2023-12-28 09:30:00-05:00,15135.7724609375
2023-12-28 10:30:00-05:00,15120.10546875
2023-12-28 11:30:00-05:00,15124.4638671875
2023-12-28 12:30:00-05:00,15120.6982421875
2023-12-28 13:30:00-05:00,15124.71484375
2023-12-28 14:30:00-05:00,15102.0322265625
2023-12-28 15:30:00-05:00,15099.447265625
2023-12-29 09:30:00-05:00,15092.2822265625
2023-12-29 10:30:00-05:00,14957.017578125
2023-12-29 11:30:00-05:00,14960.5087890625
2023-12-29 12:30:00-05:00,15004.34765625
2023-12-29 13:30:00-05:00,15022.5849609375
2023-12-29 14:30:00-05:00,15037.9501953125
2023-12-29 15:30:00-05:00,15016.9970703125
2024-01-02 09:30:00-05:00,14761.033203125
2024-01-02 10:30:00-05:00,14796.0283203125
2024-01-02 11:30:00-05:00,14805.435546875
2024-01-02 12:30:00-05:00,14777.56640625
2024-01-02 13:30:00-05:00,14744.322265625
2024-01-02 14:30:00-05:00,14701.7529296875
2024-01-02 15:30:00-05:00,14762.0693359375
2024-01-03 09:30:00-05:00,14640.427734375
2024-01-03 10:30:00-05:00,14649.0849609375
2024-01-03 11:30:00-05:00,14636.6669921875
2024-01-03 12:30:00-05:00,14651.76953125
2024-01-03 13:30:00-05:00,14669.95703125
2024-01-03 14:30:00-05:00,14607.697265625
2024-01-03 15:30:00-05:00,14589.1357421875
2024-01-04 09:30:00-05:00,14571.595703125
2024-01-04 10:30:00-05:00,14618.544921875
2024-01-04 11:30:00-05:00,14585.7587890625
2024-01-04 12:30:00-05:00,14582.1796875
2024-01-04 13:30:00-05:00,14552.1162109375
2024-01-04 14:30:00-05:00,14547.62890625
2024-01-04 15:30:00-05:00,14509.9921875
2024-01-05 09:30:00-05:00,14596.306640625
2024-01-05 10:30:00-05:00,14578.1201171875
2024-01-05 11:30:00-05:00,14520.576171875
2024-01-05 12:30:00-05:00,14536.306640625
2024-01-05 13:30:00-05:00,14543.1591796875
2024-01-05 14:30:00-05:00,14489.408203125
2024-01-05 15:30:00-05:00,14522.26953125
2024-01-08 09:30:00-05:00,14673.4765625
2024-01-08 10:30:00-05:00,14684.65234375
2024-01-08 11:30:00-05:00,14713.69921875
2024-01-08 12:30:00-05:00,14747.6806640625
2024-01-08 13:30:00-05:00,14793.166015625
2024-01-08 14:30:00-05:00,14815.7470703125
2024-01-08 15:30:00-05:00,14840.54296875
2024-01-09 09:30:00-05:00,14769.126953125
2024-01-09 10:30:00-05:00,14820.86328125
2024-01-09 11:30:00-05:00,14860.7841796875
2024-01-09 12:30:00-05:00,14861.98046875
2024-01-09 13:30:00-05:00,14851.0205078125
2024-01-09 14:30:00-05:00,14854.0263671875
2024-01-09 15:30:00-05:00,14855.091796875
2024-01-10 09:30:00-05:00,14890.1669921875
2024-01-10 10:30:00-05:00,14901.296875
2024-01-10 11:30:00-05:00,14917.146484375
2024-01-10 12:30:00-05:00,14930.96875
2024-01-10 13:30:00-05:00,14973.009765625
2024-01-10 14:30:00-05:00,14956.779296875
2024-01-10 15:30:00-05:00,14970.53125
2024-01-11 09:30:00-05:00,14916.5849609375
2024-01-11 10:30:00-05:00,14829.2421875
2024-01-11 11:30:00-05:00,14826.388671875
2024-01-11 12:30:00-05:00,14914.2255859375
2024-01-11 13:30:00-05:00,14959.83984375
2024-01-11 14:30:00-05:00,14957.9140625
2024-01-11 15:30:00-05:00,14968.6787109375
2024-01-12 09:30:00-05:00,14974.1015625
2024-01-12 10:30:00-05:00,14988.5576171875
2024-01-12 11:30:00-05:00,14950.427734375
2024-01-12 12:30:00-05:00,14972.97265625
2024-01-12 13:30:00-05:00,14977.0908203125
2024-01-12 14:30:00-05:00,14955.6484375
2024-01-12 15:30:00-05:00,14971.63671875
2024-01-16 09:30:00-05:00,14974.38671875
2024-01-16 10:30:00-05:00,14977.2705078125
2024-01-16 11:30:00-05:00,14908.7666015625
2024-01-16 12:30:00-05:00,14921.3681640625
2024-01-16 13:30:00-05:00,14885.2724609375
2024-01-16 14:30:00-05:00,14912.2392578125
2024-01-16 15:30:00-05:00,14944.91796875
2024-01-17 09:30:00-05:00,14766.1298828125
2024-01-17 10:30:00-05:00,14816.8203125
2024-01-17 11:30:00-05:00,14791.3955078125
2024-01-17 12:30:00-05:00,14774.2431640625
2024-01-17 13:30:00-05:00,14801.2548828125
2024-01-17 14:30:00-05:00,14797.8056640625
2024-01-17 15:30:00-05:00,14857.4111328125
2024-01-18 09:30:00-05:00,14998.16015625
2024-01-18 10:30:00-05:00,15037.9990234375
2024-01-18 11:30:00-05:00,14981.04296875
2024-01-18 12:30:00-05:00,14921.5009765625
2024-01-18 13:30:00-05:00,15034.876953125
2024-01-18 14:30:00-05:00,15050.833984375
2024-01-18 15:30:00-05:00,15054.23828125
2024-01-19 09:30:00-05:00,15121.7265625
2024-01-19 10:30:00-05:00,15154.1875
2024-01-19 11:30:00-05:00,15174.62890625
2024-01-19 12:30:00-05:00,15230.7041015625
2024-01-19 13:30:00-05:00,15277.2451171875
2024-01-19 14:30:00-05:00,15291.1611328125
2024-01-19 15:30:00-05:00,15308.197265625
2024-01-22 09:30:00-05:00,15379.1142578125
2024-01-22 10:30:00-05:00,15381.234375
2024-01-22 11:30:00-05:00,15376.9482421875
2024-01-22 12:30:00-05:00,15335.146484375
2024-01-22 13:30:00-05:00,15355.5615234375
2024-01-22 14:30:00-05:00,15381.9501953125
2024-01-22 15:30:00-05:00,15360.5009765625
2024-01-23 09:30:00-05:00,15380.908203125
2024-01-23 10:30:00-05:00,15349.0966796875
2024-01-23 11:30:00-05:00,15353.8330078125
2024-01-23 12:30:00-05:00,15379.84765625
2024-01-23 13:30:00-05:00,15377.9873046875
2024-01-23 14:30:00-05:00,15411.73046875
2024-01-23 15:30:00-05:00,15424.5556640625
2024-01-24 09:30:00-05:00,15575.853515625
2024-01-24 10:30:00-05:00,15567.7275390625
2024-01-24 11:30:00-05:00,15607.1064453125
2024-01-24 12:30:00-05:00,15599.3232421875
2024-01-24 13:30:00-05:00,15508.08203125
2024-01-24 14:30:00-05:00,15480.376953125
2024-01-24 15:30:00-05:00,15482.396484375
2024-01-25 09:30:00-05:00,15579.365234375
2024-01-25 10:30:00-05:00,15579.15234375
2024-01-25 11:30:00-05:00,15534.3955078125
2024-01-25 12:30:00-05:00,15496.134765625
2024-01-25 13:30:00-05:00,15457.2421875
2024-01-25 14:30:00-05:00,15474.2451171875
2024-01-25 15:30:00-05:00,15510.533203125
2024-01-26 09:30:00-05:00,15496.951171875
2024-01-26 10:30:00-05:00,15519.748046875
2024-01-26 11:30:00-05:00,15511.6455078125
2024-01-26 12:30:00-05:00,15461.611328125
2024-01-26 13:30:00-05:00,15450.779296875
2024-01-26 14:30:00-05:00,15453.9912109375
2024-01-26 15:30:00-05:00,15452.4873046875
2024-01-29 09:30:00-05:00,15476.5068359375
2024-01-29 10:30:00-05:00,15489.5185546875
2024-01-29 11:30:00-05:00,15515.22265625
2024-01-29 12:30:00-05:00,15522.3505859375
2024-01-29 13:30:00-05:00,15543.0927734375
2024-01-29 14:30:00-05:00,15620.416015625
2024-01-29 15:30:00-05:00,15629.0244140625
2024-01-30 09:30:00-05:00,15585.787109375
2024-01-30 10:30:00-05:00,15566.2265625
2024-01-30 11:30:00-05:00,15512.6513671875
2024-01-30 12:30:00-05:00,15522.8681640625
2024-01-30 13:30:00-05:00,15513.4599609375
2024-01-30 14:30:00-05:00,15526.9189453125
2024-01-30 15:30:00-05:00,15508.3935546875
2024-01-31 09:30:00-05:00,15286.1396484375
2024-01-31 10:30:00-05:00,15292.412109375
2024-01-31 11:30:00-05:00,15303.7314453125
2024-01-31 12:30:00-05:00,15314.7802734375
2024-01-31 13:30:00-05:00,15271.763671875
2024-01-31 14:30:00-05:00,15235.818359375
2024-01-31 15:30:00-05:00,15165.77734375
2024-02-01 09:30:00-05:00,15300.173828125
2024-02-01 10:30:00-05:00,15218.380859375
2024-02-01 11:30:00-05:00,15276.146484375
2024-02-01 12:30:00-05:00,15301.498046875
2024-02-01 13:30:00-05:00,15324.8388671875
2024-02-01 14:30:00-05:00,15358.978515625
2024-02-01 15:30:00-05:00,15361.3173828125
2024-02-02 09:30:00-05:00,15477.0322265625
2024-02-02 10:30:00-05:00,15560.0283203125
2024-02-02 11:30:00-05:00,15632.6904296875
2024-02-02 12:30:00-05:00,15595.7490234375
2024-02-02 13:30:00-05:00,15637.474609375
2024-02-02 14:30:00-05:00,15652.388671875
2024-02-02 15:30:00-05:00,15627.9482421875
2024-02-05 09:30:00-05:00,15531.0224609375
2024-02-05 10:30:00-05:00,15516.5771484375
2024-02-05 11:30:00-05:00,15587.4130859375
2024-02-05 12:30:00-05:00,15584.1025390625
2024-02-05 13:30:00-05:00,15608.13671875
2024-02-05 14:30:00-05:00,15608.83984375
2024-02-05 15:30:00-05:00,15592.3017578125
2024-02-06 09:30:00-05:00,15561.126953125
2024-02-06 10:30:00-05:00,15593.5947265625
2024-02-06 11:30:00-05:00,15547.552734375
2024-02-06 12:30:00-05:00,15552.6494140625
2024-02-06 13:30:00-05:00,15545.7890625
2024-02-06 14:30:00-05:00,15582.4462890625
2024-02-06 15:30:00-05:00,15608.4296875
2024-02-07 09:30:00-05:00,15756.83984375
2024-02-07 10:30:00-05:00,15719.30859375
2024-02-07 11:30:00-05:00,15723.5068359375
2024-02-07 12:30:00-05:00,15752.4248046875
2024-02-07 13:30:00-05:00,15747.7958984375
2024-02-07 14:30:00-05:00,15764.6875
2024-02-07 15:30:00-05:00,15755.923828125
2024-02-08 09:30:00-05:00,15772.9716796875
2024-02-08 10:30:00-05:00,15784.0126953125
2024-02-08 11:30:00-05:00,15808.7880859375
2024-02-08 12:30:00-05:00,15801.75390625
2024-02-08 13:30:00-05:00,15780.8349609375
2024-02-08 14:30:00-05:00,15802.34375
2024-02-08 15:30:00-05:00,15794.521484375
2024-02-09 09:30:00-05:00,15904.5634765625
2024-02-09 10:30:00-05:00,15926.25390625
2024-02-09 11:30:00-05:00,15949.1484375
2024-02-09 12:30:00-05:00,15983.22265625
2024-02-09 13:30:00-05:00,15991.6669921875
2024-02-09 14:30:00-05:00,15985.6044921875
2024-02-09 15:30:00-05:00,15988.0927734375
2024-02-12 09:30:00-05:00,16001.2177734375
2024-02-12 10:30:00-05:00,16055.2431640625
2024-02-12 11:30:00-05:00,16037.7490234375
2024-02-12 12:30:00-05:00,16021.1552734375
2024-02-12 13:30:00-05:00,15954.34375
2024-02-12 14:30:00-05:00,15957.78125
2024-02-12 15:30:00-05:00,15947.923828125
2024-02-13 09:30:00-05:00,15725.5615234375
2024-02-13 10:30:00-05:00,15751.0537109375
2024-02-13 11:30:00-05:00,15688.9150390625
2024-02-13 12:30:00-05:00,15685.787109375
2024-02-13 13:30:00-05:00,15621.3046875
2024-02-13 14:30:00-05:00,15572.0556640625
2024-02-13 15:30:00-05:00,15658.701171875
2024-02-14 09:30:00-05:00,15806.37109375
2024-02-14 10:30:00-05:00,15739.1396484375
2024-02-14 11:30:00-05:00,15746.2265625
2024-02-14 12:30:00-05:00,15744.9072265625
2024-02-14 13:30:00-05:00,15771.2763671875
2024-02-14 14:30:00-05:00,15823.630859375
2024-02-14 15:30:00-05:00,15861.5859375
2024-02-15 09:30:00-05:00,15821.5361328125
2024-02-15 10:30:00-05:00,15820.05859375
2024-02-15 11:30:00-05:00,15851.9794921875
2024-02-15 12:30:00-05:00,15895.361328125
2024-02-15 13:30:00-05:00,15889.0048828125
2024-02-15 14:30:00-05:00,15885.39453125
2024-02-15 15:30:00-05:00,15907.2578125
2024-02-16 09:30:00-05:00,15796.04296875
2024-02-16 10:30:00-05:00,15880.615234375
2024-02-16 11:30:00-05:00,15885.6572265625
2024-02-16 12:30:00-05:00,15847.9765625
2024-02-16 13:30:00-05:00,15896.328125
2024-02-16 14:30:00-05:00,15813.7353515625
2024-02-16 15:30:00-05:00,15773.79296875
2024-02-20 09:30:00-05:00,15549.9697265625
2024-02-20 10:30:00-05:00,15608.359375
2024-02-20 11:30:00-05:00,15525.87890625
2024-02-20 12:30:00-05:00,15538.8330078125
2024-02-20 13:30:00-05:00,15571.296875
2024-02-20 14:30:00-05:00,15614.2158203125
2024-02-20 15:30:00-05:00,15635.1044921875
2024-02-21 09:30:00-05:00,15536.0576171875
2024-02-21 10:30:00-05:00,15550.259765625
2024-02-21 11:30:00-05:00,15505.1494140625
2024-02-21 12:30:00-05:00,15512.853515625
2024-02-21 13:30:00-05:00,15483.517578125
2024-02-21 14:30:00-05:00,15482.947265625
2024-02-21 15:30:00-05:00,15580.5107421875
2024-02-22 09:30:00-05:00,15957.728515625
2024-02-22 10:30:00-05:00,15952.5947265625
2024-02-22 11:30:00-05:00,15978.3154296875
2024-02-22 12:30:00-05:00,16004.154296875
2024-02-22 13:30:00-05:00,16057.5361328125
2024-02-22 14:30:00-05:00,16042.1552734375
2024-02-22 15:30:00-05:00,16038.6142578125
2024-02-23 09:30:00-05:00,16044.884765625
2024-02-23 10:30:00-05:00,16006.98828125
2024-02-23 11:30:00-05:00,16024.1826171875
2024-02-23 12:30:00-05:00,16052.7626953125
2024-02-23 13:30:00-05:00,16003.6787109375
2024-02-23 14:30:00-05:00,15983.84375
2024-02-23 15:30:00-05:00,15996.345703125
2024-02-26 09:30:00-05:00,16024.7412109375
2024-02-26 10:30:00-05:00,16008.890625
2024-02-26 11:30:00-05:00,16032.3701171875
2024-02-26 12:30:00-05:00,15992.1298828125
2024-02-26 13:30:00-05:00,16020.7431640625
2024-02-26 14:30:00-05:00,16001.640625
2024-02-26 15:30:00-05:00,15975.154296875
2024-02-27 09:30:00-05:00,16009.8203125
2024-02-27 10:30:00-05:00,15995.4697265625
2024-02-27 11:30:00-05:00,15994.4892578125
2024-02-27 12:30:00-05:00,15967.6123046875
2024-02-27 13:30:00-05:00,16028.80859375
2024-02-27 14:30:00-05:00,16041.09375
2024-02-27 15:30:00-05:00,16037.65234375
2024-02-28 09:30:00-05:00,15943.384765625
2024-02-28 10:30:00-05:00,15989.3330078125
2024-02-28 11:30:00-05:00,15970.037109375
2024-02-28 12:30:00-05:00,15970.8935546875
2024-02-28 13:30:00-05:00,15948.181640625
2024-02-28 14:30:00-05:00,15959.1962890625
2024-02-28 15:30:00-05:00,15948.5703125
2024-02-29 09:30:00-05:00,16050.0810546875
2024-02-29 10:30:00-05:00,16000.7265625
2024-02-29 11:30:00-05:00,15987.7646484375
2024-02-29 12:30:00-05:00,16046.51171875
2024-02-29 13:30:00-05:00,16033.4921875
2024-02-29 14:30:00-05:00,16054.8916015625
2024-02-29 15:30:00-05:00,16088.8876953125
2024-03-01 09:30:00-05:00,16161.7431640625
2024-03-01 10:30:00-05:00,16199.7939453125
2024-03-01 11:30:00-05:00,16220.3173828125
2024-03-01 12:30:00-05:00,16259.1904296875
2024-03-01 13:30:00-05:00,16299.5849609375
2024-03-01 14:30:00-05:00,16277.3056640625
2024-03-01 15:30:00-05:00,16276.748046875
2024-03-04 09:30:00-05:00,16220.6640625
2024-03-04 10:30:00-05:00,16237.9150390625
2024-03-04 11:30:00-05:00,16256.9892578125
2024-03-04 12:30:00-05:00,16230.755859375
2024-03-04 13:30:00-05:00,16245.9677734375
2024-03-04 14:30:00-05:00,16265.06640625
2024-03-04 15:30:00-05:00,16207.9853515625
2024-03-05 09:30:00-05:00,15947.1357421875
2024-03-05 10:30:00-05:00,15947.3935546875
2024-03-05 11:30:00-05:00,15981.3505859375
2024-03-05 12:30:00-05:00,15940.5634765625
2024-03-05 13:30:00-05:00,15918.7470703125
2024-03-05 14:30:00-05:00,15866.83984375
2024-03-05 15:30:00-05:00,15941.1875
2024-03-06 09:30:00-05:00,16003.1357421875
2024-03-06 10:30:00-05:00,16071.6904296875
2024-03-06 11:30:00-05:00,16115.4658203125
2024-03-06 12:30:00-05:00,16118.8759765625
2024-03-06 13:30:00-05:00,16060.7568359375
2024-03-06 14:30:00-05:00,16009.3662109375
2024-03-06 15:30:00-05:00,16031.068359375
2024-03-07 09:30:00-05:00,16200.921875
2024-03-07 10:30:00-05:00,16241.9052734375
2024-03-07 11:30:00-05:00,16255.9658203125
2024-03-07 12:30:00-05:00,16278.224609375
2024-03-07 13:30:00-05:00,16291.548828125
2024-03-07 14:30:00-05:00,16263.2958984375
2024-03-07 15:30:00-05:00,16271.775390625
2024-03-08 09:30:00-05:00,16442.328125
2024-03-08 10:30:00-05:00,16225.8447265625
2024-03-08 11:30:00-05:00,16215.615234375
2024-03-08 12:30:00-05:00,16101.7578125
2024-03-08 13:30:00-05:00,16152.384765625
2024-03-08 14:30:00-05:00,16100.7109375
2024-03-08 15:30:00-05:00,16087.25
2024-03-11 09:30:00-04:00,16014.4306640625
2024-03-11 10:30:00-04:00,16014.046875
2024-03-11 11:30:00-04:00,16044.0546875
2024-03-11 12:30:00-04:00,16056.3740234375
2024-03-11 13:30:00-04:00,16053.4794921875
2024-03-11 14:30:00-04:00,16017.939453125
2024-03-11 15:30:00-04:00,16021.193359375
2024-03-12 09:30:00-04:00,16169.294921875
2024-03-12 10:30:00-04:00,16250.037109375
2024-03-12 11:30:00-04:00,16189.8154296875
2024-03-12 12:30:00-04:00,16186.5751953125
2024-03-12 13:30:00-04:00,16235.986328125
2024-03-12 14:30:00-04:00,16254.4990234375
2024-03-12 15:30:00-04:00,16265.2705078125
2024-03-13 09:30:00-04:00,16180.3291015625
2024-03-13 10:30:00-04:00,16168.625
2024-03-13 11:30:00-04:00,16179.4365234375
2024-03-13 12:30:00-04:00,16221.5185546875
2024-03-13 13:30:00-04:00,16218.3125
2024-03-13 14:30:00-04:00,16162.8701171875
2024-03-13 15:30:00-04:00,16177.6533203125
2024-03-14 09:30:00-04:00,16180.49609375
2024-03-14 10:30:00-04:00,16145.8837890625
2024-03-14 11:30:00-04:00,16125.3720703125
2024-03-14 12:30:00-04:00,16094.9130859375
2024-03-14 13:30:00-04:00,16158.8330078125
2024-03-14 14:30:00-04:00,16065.900390625
2024-03-14 15:30:00-04:00,16134.775390625
2024-03-15 09:30:00-04:00,16004.9912109375
2024-03-15 10:30:00-04:00,16009.9423828125
2024-03-15 11:30:00-04:00,15952.779296875
2024-03-15 12:30:00-04:00,15960.193359375
2024-03-15 13:30:00-04:00,15976.32421875
2024-03-15 14:30:00-04:00,16000.2041015625
2024-03-15 15:30:00-04:00,15975.8642578125
2024-03-18 09:30:00-04:00,16236.580078125
2024-03-18 10:30:00-04:00,16192.2138671875
2024-03-18 11:30:00-04:00,16160.361328125
2024-03-18 12:30:00-04:00,16149.2421875
2024-03-18 13:30:00-04:00,16175.3447265625
2024-03-18 14:30:00-04:00,16151.52734375
2024-03-18 15:30:00-04:00,16103.4716796875
2024-03-19 09:30:00-04:00,15984.6396484375
2024-03-19 10:30:00-04:00,16038.88671875
2024-03-19 11:30:00-04:00,16101.4755859375
2024-03-19 12:30:00-04:00,16146.3291015625
2024-03-19 13:30:00-04:00,16161.052734375
2024-03-19 14:30:00-04:00,16125.6328125
2024-03-19 15:30:00-04:00,16160.291015625
2024-03-20 09:30:00-04:00,16182.6015625
2024-03-20 10:30:00-04:00,16176.78515625
2024-03-20 11:30:00-04:00,16165.0302734375
2024-03-20 12:30:00-04:00,16152.8818359375
2024-03-20 13:30:00-04:00,16256.66796875
2024-03-20 14:30:00-04:00,16363.8505859375
2024-03-20 15:30:00-04:00,16362.966796875
2024-03-21 09:30:00-04:00,16490.310546875
2024-03-21 10:30:00-04:00,16470.3046875
2024-03-21 11:30:00-04:00,16505.580078125
2024-03-21 12:30:00-04:00,16477.021484375
2024-03-21 13:30:00-04:00,16440.849609375
2024-03-21 14:30:00-04:00,16425.34765625
2024-03-21 15:30:00-04:00,16398.9140625
2024-03-22 09:30:00-04:00,16389.73828125
2024-03-22 10:30:00-04:00,16410.703125
2024-03-22 11:30:00-04:00,16411.609375
2024-03-22 12:30:00-04:00,16445.5546875
2024-03-22 13:30:00-04:00,16459.169921875
2024-03-22 14:30:00-04:00,16426.396484375
2024-03-22 15:30:00-04:00,16429.724609375
2024-03-25 09:30:00-04:00,16400.943359375
2024-03-25 10:30:00-04:00,16406.92578125
2024-03-25 11:30:00-04:00,16401.408203125
2024-03-25 12:30:00-04:00,16421.09375
2024-03-25 13:30:00-04:00,16433.74609375
2024-03-25 14:30:00-04:00,16407.71484375
2024-03-25 15:30:00-04:00,16387.298828125
2024-03-26 09:30:00-04:00,16433.212890625
2024-03-26 10:30:00-04:00,16443.033203125
2024-03-26 11:30:00-04:00,16435.40234375
2024-03-26 12:30:00-04:00,16426.119140625
2024-03-26 13:30:00-04:00,16436.36328125
2024-03-26 14:30:00-04:00,16392.326171875
2024-03-26 15:30:00-04:00,16323.15625
2024-03-27 09:30:00-04:00,16303.599609375
2024-03-27 10:30:00-04:00,16296.423828125
2024-03-27 11:30:00-04:00,16327.09765625
2024-03-27 12:30:00-04:00,16327.6806640625
2024-03-27 13:30:00-04:00,16349.09375
2024-03-27 14:30:00-04:00,16334.2802734375
2024-03-27 15:30:00-04:00,16401.4296875
2024-03-28 09:30:00-04:00,16389.23046875
2024-03-28 10:30:00-04:00,16403.548828125
2024-03-28 11:30:00-04:00,16393.248046875
2024-03-28 12:30:00-04:00,16372.154296875
2024-03-28 13:30:00-04:00,16382.5625
2024-03-28 14:30:00-04:00,16401.90234375
2024-03-28 15:30:00-04:00,16371.0283203125
2024-04-01 09:30:00-04:00,16422.0
2024-04-01 10:30:00-04:00,16371.828125
2024-04-01 11:30:00-04:00,16371.2158203125
2024-04-01 12:30:00-04:00,16354.7451171875
2024-04-01 13:30:00-04:00,16369.8154296875
2024-04-01 14:30:00-04:00,16367.3603515625
2024-04-01 15:30:00-04:00,16395.49609375
2024-04-02 09:30:00-04:00,16167.2080078125
2024-04-02 10:30:00-04:00,16195.4697265625
2024-04-02 11:30:00-04:00,16186.1328125
2024-04-02 12:30:00-04:00,16209.736328125
2024-04-02 13:30:00-04:00,16209.5498046875
2024-04-02 14:30:00-04:00,16219.4326171875
2024-04-02 15:30:00-04:00,16239.9228515625
2024-04-03 09:30:00-04:00,16306.3916015625
2024-04-03 10:30:00-04:00,16336.2216796875
2024-04-03 11:30:00-04:00,16320.14453125
2024-04-03 12:30:00-04:00,16324.05078125
2024-04-03 13:30:00-04:00,16319.0205078125
2024-04-03 14:30:00-04:00,16250.068359375
2024-04-03 15:30:00-04:00,16277.72265625
2024-04-04 09:30:00-04:00,16411.263671875
2024-04-04 10:30:00-04:00,16411.66015625
2024-04-04 11:30:00-04:00,16458.462890625
2024-04-04 12:30:00-04:00,16447.017578125
2024-04-04 13:30:00-04:00,16273.3115234375
2024-04-04 14:30:00-04:00,16089.9111328125
2024-04-04 15:30:00-04:00,16046.9521484375
2024-04-05 09:30:00-04:00,16163.7802734375
2024-04-05 10:30:00-04:00,16219.40625
2024-04-05 11:30:00-04:00,16290.703125
2024-04-05 12:30:00-04:00,16295.3505859375
2024-04-05 13:30:00-04:00,16226.6337890625
2024-04-05 14:30:00-04:00,16234.66015625
2024-04-05 15:30:00-04:00,16245.41796875
2024-04-08 09:30:00-04:00,16294.005859375
2024-04-08 10:30:00-04:00,16295.9765625
2024-04-08 11:30:00-04:00,16244.208984375
2024-04-08 12:30:00-04:00,16268.8994140625
2024-04-08 13:30:00-04:00,16274.26953125
2024-04-08 14:30:00-04:00,16275.1982421875
2024-04-08 15:30:00-04:00,16255.818359375
2024-04-09 09:30:00-04:00,16249.7470703125
2024-04-09 10:30:00-04:00,16190.53125
2024-04-09 11:30:00-04:00,16246.9150390625
2024-04-09 12:30:00-04:00,16240.7900390625
2024-04-09 13:30:00-04:00,16220.7265625
2024-04-09 14:30:00-04:00,16271.955078125
2024-04-09 15:30:00-04:00,16308.3203125
2024-04-10 09:30:00-04:00,16155.33984375
2024-04-10 10:30:00-04:00,16155.3125
2024-04-10 11:30:00-04:00,16131.12890625
2024-04-10 12:30:00-04:00,16155.392578125
2024-04-10 13:30:00-04:00,16124.845703125
2024-04-10 14:30:00-04:00,16159.0517578125
2024-04-10 15:30:00-04:00,16168.2197265625
2024-04-11 09:30:00-04:00,16184.455078125
2024-04-11 10:30:00-04:00,16219.8466796875
2024-04-11 11:30:00-04:00,16276.21484375
2024-04-11 12:30:00-04:00,16373.7958984375
2024-04-11 13:30:00-04:00,16441.138671875
2024-04-11 14:30:00-04:00,16445.359375
2024-04-11 15:30:00-04:00,16439.205078125
2024-04-12 09:30:00-04:00,16277.2978515625
2024-04-12 10:30:00-04:00,16264.853515625
2024-04-12 11:30:00-04:00,16208.072265625
2024-04-12 12:30:00-04:00,16146.6103515625
2024-04-12 13:30:00-04:00,16170.419921875
2024-04-12 14:30:00-04:00,16138.794921875
2024-04-12 15:30:00-04:00,16178.4150390625
2024-04-15 09:30:00-04:00,16207.5361328125
2024-04-15 10:30:00-04:00,16172.365234375
2024-04-15 11:30:00-04:00,16125.615234375
2024-04-15 12:30:00-04:00,15972.00390625
2024-04-15 13:30:00-04:00,15917.607421875
2024-04-15 14:30:00-04:00,15878.572265625
2024-04-15 15:30:00-04:00,15885.9140625
2024-04-16 09:30:00-04:00,15867.259765625
2024-04-16 10:30:00-04:00,15893.1552734375
2024-04-16 11:30:00-04:00,15884.978515625
2024-04-16 12:30:00-04:00,15889.109375
2024-04-16 13:30:00-04:00,15851.0595703125
2024-04-16 14:30:00-04:00,15927.3955078125
2024-04-16 15:30:00-04:00,15866.39453125
2024-04-17 09:30:00-04:00,15864.5986328125
2024-04-17 10:30:00-04:00,15807.40625
2024-04-17 11:30:00-04:00,15715.2373046875
2024-04-17 12:30:00-04:00,15741.2802734375
2024-04-17 13:30:00-04:00,15748.8740234375
2024-04-17 14:30:00-04:00,15689.8076171875
2024-04-17 15:30:00-04:00,15682.1826171875
2024-04-18 09:30:00-04:00,15700.103515625
2024-04-18 10:30:00-04:00,15755.8896484375
2024-04-18 11:30:00-04:00,15740.28515625
2024-04-18 12:30:00-04:00,15647.046875
2024-04-18 13:30:00-04:00,15619.4130859375
2024-04-18 14:30:00-04:00,15617.9052734375
2024-04-18 15:30:00-04:00,15603.775390625
2024-04-19 09:30:00-04:00,15443.8154296875
2024-04-19 10:30:00-04:00,15431.3466796875
2024-04-19 11:30:00-04:00,15313.9169921875
2024-04-19 12:30:00-04:00,15361.44921875
2024-04-19 13:30:00-04:00,15311.298828125
2024-04-19 14:30:00-04:00,15282.34375
2024-04-19 15:30:00-04:00,15281.86328125
2024-04-22 09:30:00-04:00,15305.3701171875
2024-04-22 10:30:00-04:00,15312.4951171875
2024-04-22 11:30:00-04:00,15370.6279296875
2024-04-22 12:30:00-04:00,15447.1669921875
2024-04-22 13:30:00-04:00,15522.13671875
2024-04-22 14:30:00-04:00,15486.1484375
2024-04-22 15:30:00-04:00,15453.5927734375
2024-04-23 09:30:00-04:00,15659.2041015625
2024-04-23 10:30:00-04:00,15679.4736328125
2024-04-23 11:30:00-04:00,15689.365234375
2024-04-23 12:30:00-04:00,15685.142578125
2024-04-23 13:30:00-04:00,15726.2705078125
2024-04-23 14:30:00-04:00,15708.603515625
2024-04-23 15:30:00-04:00,15694.4453125
2024-04-24 09:30:00-04:00,15779.4375
2024-04-24 10:30:00-04:00,15712.57421875
2024-04-24 11:30:00-04:00,15666.8544921875
2024-04-24 12:30:00-04:00,15712.3349609375
2024-04-24 13:30:00-04:00,15693.396484375
2024-04-24 14:30:00-04:00,15716.037109375
2024-04-24 15:30:00-04:00,15715.0673828125
2024-04-25 09:30:00-04:00,15494.1103515625
2024-04-25 10:30:00-04:00,15466.2822265625
2024-04-25 11:30:00-04:00,15518.30078125
2024-04-25 12:30:00-04:00,15542.4091796875
2024-04-25 13:30:00-04:00,15567.08984375
2024-04-25 14:30:00-04:00,15640.263671875
2024-04-25 15:30:00-04:00,15614.9140625
2024-04-26 09:30:00-04:00,15886.21875
2024-04-26 10:30:00-04:00,15920.3935546875
2024-04-26 11:30:00-04:00,15934.0966796875
2024-04-26 12:30:00-04:00,15972.033203125
2024-04-26 13:30:00-04:00,15928.7998046875
2024-04-26 14:30:00-04:00,15963.705078125
2024-04-26 15:30:00-04:00,15929.4833984375
2024-04-29 09:30:00-04:00,15986.154296875
2024-04-29 10:30:00-04:00,15964.9765625
2024-04-29 11:30:00-04:00,15987.029296875
2024-04-29 12:30:00-04:00,16008.830078125
2024-04-29 13:30:00-04:00,15974.779296875
2024-04-29 14:30:00-04:00,15933.5341796875
2024-04-29 15:30:00-04:00,15985.04296875
2024-04-30 09:30:00-04:00,15920.1572265625
2024-04-30 10:30:00-04:00,15863.833984375
2024-04-30 11:30:00-04:00,15856.236328125
2024-04-30 12:30:00-04:00,15798.48828125
2024-04-30 13:30:00-04:00,15789.0498046875
2024-04-30 14:30:00-04:00,15784.390625
2024-04-30 15:30:00-04:00,15664.453125
2024-05-01 09:30:00-04:00,15630.9560546875
2024-05-01 10:30:00-04:00,15607.7744140625
2024-05-01 11:30:00-04:00,15615.3896484375
2024-05-01 12:30:00-04:00,15602.2861328125
2024-05-01 13:30:00-04:00,15713.4912109375
2024-05-01 14:30:00-04:00,15863.296875
2024-05-01 15:30:00-04:00,15612.029296875
2024-05-02 09:30:00-04:00,15690.2724609375
2024-05-02 10:30:00-04:00,15716.490234375
2024-05-02 11:30:00-04:00,15732.3359375
2024-05-02 12:30:00-04:00,15798.3095703125
2024-05-02 13:30:00-04:00,15816.806640625
2024-05-02 14:30:00-04:00,15855.2109375
2024-05-02 15:30:00-04:00,15845.2216796875
2024-05-03 09:30:00-04:00,16114.1240234375
2024-05-03 10:30:00-04:00,16111.3349609375
2024-05-03 11:30:00-04:00,16142.0205078125
2024-05-03 12:30:00-04:00,16153.7529296875
2024-05-03 13:30:00-04:00,16180.517578125
2024-05-03 14:30:00-04:00,16171.59765625
2024-05-03 15:30:00-04:00,16156.6044921875
2024-05-06 09:30:00-04:00,16260.9931640625
2024-05-06 10:30:00-04:00,16262.92578125
2024-05-06 11:30:00-04:00,16255.4462890625
2024-05-06 12:30:00-04:00,16270.1435546875
2024-05-06 13:30:00-04:00,16302.6865234375
2024-05-06 14:30:00-04:00,16298.89453125
2024-05-06 15:30:00-04:00,16348.2724609375
2024-05-07 09:30:00-04:00,16329.640625
2024-05-07 10:30:00-04:00,16377.35546875
2024-05-07 11:30:00-04:00,16389.740234375
2024-05-07 12:30:00-04:00,16389.1171875
2024-05-07 13:30:00-04:00,16321.9814453125
2024-05-07 14:30:00-04:00,16333.43359375
2024-05-07 15:30:00-04:00,16332.103515625
2024-05-08 09:30:00-04:00,16312.681640625
2024-05-08 10:30:00-04:00,16299.6474609375
2024-05-08 11:30:00-04:00,16292.4755859375
2024-05-08 12:30:00-04:00,16266.453125
2024-05-08 13:30:00-04:00,16303.4833984375
2024-05-08 14:30:00-04:00,16300.46484375
2024-05-08 15:30:00-04:00,16302.763671875
2024-05-09 09:30:00-04:00,16280.7060546875
2024-05-09 10:30:00-04:00,16351.9638671875
2024-05-09 11:30:00-04:00,16331.8310546875
2024-05-09 12:30:00-04:00,16351.4228515625
2024-05-09 13:30:00-04:00,16344.4990234375
2024-05-09 14:30:00-04:00,16340.2451171875
2024-05-09 15:30:00-04:00,16347.7158203125
2024-05-10 09:30:00-04:00,16332.5859375
2024-05-10 10:30:00-04:00,16332.7900390625
2024-05-10 11:30:00-04:00,16319.9091796875
2024-05-10 12:30:00-04:00,16311.5380859375
2024-05-10 13:30:00-04:00,16335.4140625
2024-05-10 14:30:00-04:00,16341.5654296875
2024-05-10 15:30:00-04:00,16340.3896484375
2024-05-13 09:30:00-04:00,16389.609375
2024-05-13 10:30:00-04:00,16372.8525390625
2024-05-13 11:30:00-04:00,16397.6953125
2024-05-13 12:30:00-04:00,16391.18359375
2024-05-13 13:30:00-04:00,16381.8544921875
2024-05-13 14:30:00-04:00,16383.6259765625
2024-05-13 15:30:00-04:00,16389.26953125
2024-05-14 09:30:00-04:00,16462.85546875
2024-05-14 10:30:00-04:00,16467.10546875
2024-05-14 11:30:00-04:00,16421.345703125
2024-05-14 12:30:00-04:00,16432.7421875
2024-05-14 13:30:00-04:00,16479.130859375
2024-05-14 14:30:00-04:00,16515.37890625
2024-05-14 15:30:00-04:00,16507.32421875
2024-05-15 09:30:00-04:00,16608.06640625
2024-05-15 10:30:00-04:00,16671.70703125
2024-05-15 11:30:00-04:00,16679.47265625
2024-05-15 12:30:00-04:00,16706.70703125
2024-05-15 13:30:00-04:00,16727.5703125
2024-05-15 14:30:00-04:00,16737.93359375
2024-05-15 15:30:00-04:00,16742.013671875
2024-05-16 09:30:00-04:00,16769.681640625
2024-05-16 10:30:00-04:00,16785.30078125
2024-05-16 11:30:00-04:00,16760.0859375
2024-05-16 12:30:00-04:00,16727.5546875
2024-05-16 13:30:00-04:00,16720.962890625
2024-05-16 14:30:00-04:00,16735.5
2024-05-16 15:30:00-04:00,16695.462890625
2024-05-17 09:30:00-04:00,16713.873046875
2024-05-17 10:30:00-04:00,16704.935546875
2024-05-17 11:30:00-04:00,16693.853515625
2024-05-17 12:30:00-04:00,16681.42578125
2024-05-17 13:30:00-04:00,16634.056640625
2024-05-17 14:30:00-04:00,16685.328125
2024-05-17 15:30:00-04:00,16686.49609375
2024-05-20 09:30:00-04:00,16797.87890625
2024-05-20 10:30:00-04:00,16793.24609375
2024-05-20 11:30:00-04:00,16789.84765625
2024-05-20 12:30:00-04:00,16787.185546875
2024-05-20 13:30:00-04:00,16788.25390625
2024-05-20 14:30:00-04:00,16809.009765625
2024-05-20 15:30:00-04:00,16796.96484375
2024-05-21 09:30:00-04:00,16773.865234375
2024-05-21 10:30:00-04:00,16798.96484375
2024-05-21 11:30:00-04:00,16804.50390625
2024-05-21 12:30:00-04:00,16795.75390625
2024-05-21 13:30:00-04:00,16800.1328125
2024-05-21 14:30:00-04:00,16812.79296875
2024-05-21 15:30:00-04:00,16834.134765625
2024-05-22 09:30:00-04:00,16841.669921875
2024-05-22 10:30:00-04:00,16851.873046875
2024-05-22 11:30:00-04:00,16836.931640625
2024-05-22 12:30:00-04:00,16833.517578125
2024-05-22 13:30:00-04:00,16718.14453125
2024-05-22 14:30:00-04:00,16758.087890625
2024-05-22 15:30:00-04:00,16799.935546875
2024-05-23 09:30:00-04:00,16908.03125
2024-05-23 10:30:00-04:00,16919.505859375
2024-05-23 11:30:00-04:00,16945.419921875
2024-05-23 12:30:00-04:00,16883.185546875
2024-05-23 13:30:00-04:00,16731.310546875
2024-05-23 14:30:00-04:00,16695.927734375
2024-05-23 15:30:00-04:00,16736.267578125
2024-05-24 09:30:00-04:00,16854.396484375
2024-05-24 10:30:00-04:00,16915.083984375
2024-05-24 11:30:00-04:00,16921.923828125
2024-05-24 12:30:00-04:00,16920.931640625
2024-05-24 13:30:00-04:00,16924.6015625
2024-05-24 14:30:00-04:00,16900.890625
2024-05-24 15:30:00-04:00,16920.642578125
2024-05-28 09:30:00-04:00,16983.6640625
2024-05-28 10:30:00-04:00,17007.279296875
2024-05-28 11:30:00-04:00,17001.708984375
2024-05-28 12:30:00-04:00,17014.720703125
2024-05-28 13:30:00-04:00,16966.970703125
2024-05-28 14:30:00-04:00,16973.728515625
2024-05-28 15:30:00-04:00,17022.5
2024-05-29 09:30:00-04:00,16960.45703125
2024-05-29 10:30:00-04:00,16953.689453125
2024-05-29 11:30:00-04:00,16963.458984375
2024-05-29 12:30:00-04:00,16965.96484375
2024-05-29 13:30:00-04:00,16959.71875
2024-05-29 14:30:00-04:00,16963.259765625
2024-05-29 15:30:00-04:00,16916.041015625
2024-05-30 09:30:00-04:00,16853.1953125
2024-05-30 10:30:00-04:00,16820.47265625
2024-05-30 11:30:00-04:00,16827.314453125
2024-05-30 12:30:00-04:00,16858.140625
2024-05-30 13:30:00-04:00,16820.953125
2024-05-30 14:30:00-04:00,16772.56640625
2024-05-30 15:30:00-04:00,16739.83203125
2024-05-31 09:30:00-04:00,16604.736328125
2024-05-31 10:30:00-04:00,16531.169921875
2024-05-31 11:30:00-04:00,16458.82421875
2024-05-31 12:30:00-04:00,16545.96875
2024-05-31 13:30:00-04:00,16513.73046875
2024-05-31 14:30:00-04:00,16583.396484375
2024-05-31 15:30:00-04:00,16736.294921875
2024-06-03 09:30:00-04:00,16858.92578125
2024-06-03 10:30:00-04:00,16796.869140625
2024-06-03 11:30:00-04:00,16700.34375
2024-06-03 12:30:00-04:00,16724.25390625
2024-06-03 13:30:00-04:00,16735.501953125
2024-06-03 14:30:00-04:00,16774.744140625
2024-06-03 15:30:00-04:00,16826.84375
2024-06-04 09:30:00-04:00,16787.3515625
2024-06-04 10:30:00-04:00,16774.3359375
2024-06-04 11:30:00-04:00,16780.6640625
2024-06-04 12:30:00-04:00,16804.388671875
2024-06-04 13:30:00-04:00,16878.357421875
2024-06-04 14:30:00-04:00,16829.529296875
2024-06-04 15:30:00-04:00,16855.291015625
2024-06-05 09:30:00-04:00,17018.509765625
2024-06-05 10:30:00-04:00,17077.109375
2024-06-05 11:30:00-04:00,17087.359375
2024-06-05 12:30:00-04:00,17115.18359375
2024-06-05 13:30:00-04:00,17140.216796875
2024-06-05 14:30:00-04:00,17148.70703125
2024-06-05 15:30:00-04:00,17185.130859375
2024-06-06 09:30:00-04:00,17180.509765625
2024-06-06 10:30:00-04:00,17163.75
2024-06-06 11:30:00-04:00,17147.712890625
2024-06-06 12:30:00-04:00,17170.693359375
2024-06-06 13:30:00-04:00,17150.802734375
2024-06-06 14:30:00-04:00,17168.291015625
2024-06-06 15:30:00-04:00,17172.44921875
2024-06-07 09:30:00-04:00,17136.55859375
2024-06-07 10:30:00-04:00,17155.48046875
2024-06-07 11:30:00-04:00,17201.84765625
2024-06-07 12:30:00-04:00,17204.646484375
2024-06-07 13:30:00-04:00,17136.11328125
2024-06-07 14:30:00-04:00,17145.578125
2024-06-07 15:30:00-04:00,17130.330078125
2024-06-10 09:30:00-04:00,17126.0625
2024-06-10 10:30:00-04:00,17176.515625
2024-06-10 11:30:00-04:00,17190.904296875
2024-06-10 12:30:00-04:00,17161.458984375
2024-06-10 13:30:00-04:00,17143.47265625
2024-06-10 14:30:00-04:00,17199.796875
2024-06-10 15:30:00-04:00,17189.017578125
2024-06-11 09:30:00-04:00,17185.0859375
2024-06-11 10:30:00-04:00,17220.466796875
2024-06-11 11:30:00-04:00,17200.2890625
2024-06-11 12:30:00-04:00,17224.3984375
2024-06-11 13:30:00-04:00,17302.7265625
2024-06-11 14:30:00-04:00,17295.0234375
2024-06-11 15:30:00-04:00,17345.05078125
2024-06-12 09:30:00-04:00,17676.66015625
2024-06-12 10:30:00-04:00,17671.490234375
2024-06-12 11:30:00-04:00,17631.560546875
2024-06-12 12:30:00-04:00,17666.892578125
2024-06-12 13:30:00-04:00,17666.2734375
2024-06-12 14:30:00-04:00,17602.75390625
2024-06-12 15:30:00-04:00,17611.53515625
2024-06-13 09:30:00-04:00,17657.138671875
2024-06-13 10:30:00-04:00,17641.015625
2024-06-13 11:30:00-04:00,17572.232421875
2024-06-13 12:30:00-04:00,17637.1953125
2024-06-13 13:30:00-04:00,17650.44140625
2024-06-13 14:30:00-04:00,17666.83984375
2024-06-13 15:30:00-04:00,17665.302734375
2024-06-14 09:30:00-04:00,17666.9765625
2024-06-14 10:30:00-04:00,17647.171875
2024-06-14 11:30:00-04:00,17625.89453125
2024-06-14 12:30:00-04:00,17670.6953125
2024-06-14 13:30:00-04:00,17665.119140625
2024-06-14 14:30:00-04:00,17678.5390625
2024-06-14 15:30:00-04:00,17691.7578125
2024-06-17 09:30:00-04:00,17672.79296875
2024-06-17 10:30:00-04:00,17718.560546875
2024-06-17 11:30:00-04:00,17775.439453125
2024-06-17 12:30:00-04:00,17839.798828125
2024-06-17 13:30:00-04:00,17906.396484375
2024-06-17 14:30:00-04:00,17925.0234375
2024-06-17 15:30:00-04:00,17858.18359375
2024-06-18 09:30:00-04:00,17852.509765625
2024-06-18 10:30:00-04:00,17823.373046875
2024-06-18 11:30:00-04:00,17842.75
2024-06-18 12:30:00-04:00,17874.72265625
2024-06-18 13:30:00-04:00,17855.22265625
2024-06-18 14:30:00-04:00,17863.3125
2024-06-18 15:30:00-04:00,17865.197265625
2024-06-20 09:30:00-04:00,17859.91796875
2024-06-20 10:30:00-04:00,17871.0078125
2024-06-20 11:30:00-04:00,17754.65234375
2024-06-20 12:30:00-04:00,17695.69140625
2024-06-20 13:30:00-04:00,17762.41015625
2024-06-20 14:30:00-04:00,17718.06640625
2024-06-20 15:30:00-04:00,17721.35546875
2024-06-21 09:30:00-04:00,17672.837890625
2024-06-21 10:30:00-04:00,17714.69921875
2024-06-21 11:30:00-04:00,17759.87109375
2024-06-21 12:30:00-04:00,17687.71484375
2024-06-21 13:30:00-04:00,17707.302734375
2024-06-21 14:30:00-04:00,17702.18359375
2024-06-21 15:30:00-04:00,17693.21484375
2024-06-24 09:30:00-04:00,17630.255859375
2024-06-24 10:30:00-04:00,17652.119140625
2024-06-24 11:30:00-04:00,17642.3984375
2024-06-24 12:30:00-04:00,17563.158203125
2024-06-24 13:30:00-04:00,17530.34765625
2024-06-24 14:30:00-04:00,17578.232421875
2024-06-24 15:30:00-04:00,17499.591796875
2024-06-25 09:30:00-04:00,17634.396484375
2024-06-25 10:30:00-04:00,17681.5859375
2024-06-25 11:30:00-04:00,17682.25390625
2024-06-25 12:30:00-04:00,17662.796875
2024-06-25 13:30:00-04:00,17717.865234375
2024-06-25 14:30:00-04:00,17734.083984375
2024-06-25 15:30:00-04:00,17722.818359375
2024-06-26 09:30:00-04:00,17730.60546875
2024-06-26 10:30:00-04:00,17735.7578125
2024-06-26 11:30:00-04:00,17783.6875
2024-06-26 12:30:00-04:00,17748.11328125
2024-06-26 13:30:00-04:00,17762.677734375
2024-06-26 14:30:00-04:00,17756.048828125
2024-06-26 15:30:00-04:00,17802.662109375
2024-06-27 09:30:00-04:00,17865.541015625
2024-06-27 10:30:00-04:00,17799.181640625
2024-06-27 11:30:00-04:00,17839.529296875
2024-06-27 12:30:00-04:00,17863.03515625
2024-06-27 13:30:00-04:00,17832.021484375
2024-06-27 14:30:00-04:00,17858.251953125
2024-06-27 15:30:00-04:00,17857.875
2024-06-28 09:30:00-04:00,17988.13671875
2024-06-28 10:30:00-04:00,17905.33984375
2024-06-28 11:30:00-04:00,17869.12109375
2024-06-28 12:30:00-04:00,17848.8984375
2024-06-28 13:30:00-04:00,17822.05078125
2024-06-28 14:30:00-04:00,17800.375
2024-06-28 15:30:00-04:00,17726.876953125
2024-07-01 09:30:00-04:00,17769.29296875
2024-07-01 10:30:00-04:00,17795.59375
2024-07-01 11:30:00-04:00,17850.123046875
2024-07-01 12:30:00-04:00,17841.705078125
2024-07-01 13:30:00-04:00,17841.849609375
2024-07-01 14:30:00-04:00,17837.53125
2024-07-01 15:30:00-04:00,17876.34765625
2024-07-02 09:30:00-04:00,17877.298828125
2024-07-02 10:30:00-04:00,17925.09375
2024-07-02 11:30:00-04:00,17918.20703125
2024-07-02 12:30:00-04:00,17969.865234375
2024-07-02 13:30:00-04:00,18006.55078125
2024-07-02 14:30:00-04:00,18005.806640625
2024-07-02 15:30:00-04:00,18029.609375
2024-07-03 09:30:00-04:00,18033.26171875
2024-07-03 10:30:00-04:00,18118.0234375
2024-07-03 11:30:00-04:00,18181.279296875
2024-07-05 09:30:00-04:00,18275.333984375
2024-07-05 10:30:00-04:00,18302.0
2024-07-05 11:30:00-04:00,18342.83984375
2024-07-05 12:30:00-04:00,18340.35546875
2024-07-05 13:30:00-04:00,18332.548828125
2024-07-05 14:30:00-04:00,18351.32421875
2024-07-05 15:30:00-04:00,18349.70703125
2024-07-08 09:30:00-04:00,18377.470703125
2024-07-08 10:30:00-04:00,18410.33203125
2024-07-08 11:30:00-04:00,18373.1796875
2024-07-08 12:30:00-04:00,18393.203125
2024-07-08 13:30:00-04:00,18399.19921875
2024-07-08 14:30:00-04:00,18368.935546875
2024-07-08 15:30:00-04:00,18400.560546875
2024-07-09 09:30:00-04:00,18456.30859375
2024-07-09 10:30:00-04:00,18433.8671875
2024-07-09 11:30:00-04:00,18449.900390625
2024-07-09 12:30:00-04:00,18394.00390625
2024-07-09 13:30:00-04:00,18410.970703125
2024-07-09 14:30:00-04:00,18416.669921875
2024-07-09 15:30:00-04:00,18430.974609375
2024-07-10 09:30:00-04:00,18527.96875
2024-07-10 10:30:00-04:00,18514.21484375
2024-07-10 11:30:00-04:00,18565.521484375
2024-07-10 12:30:00-04:00,18593.376953125
2024-07-10 13:30:00-04:00,18605.64453125
2024-07-10 14:30:00-04:00,18607.62109375
2024-07-10 15:30:00-04:00,18645.970703125
2024-07-11 09:30:00-04:00,18497.689453125
2024-07-11 10:30:00-04:00,18344.951171875
2024-07-11 11:30:00-04:00,18345.216796875
2024-07-11 12:30:00-04:00,18335.765625
2024-07-11 13:30:00-04:00,18275.228515625
2024-07-11 14:30:00-04:00,18291.5390625
2024-07-11 15:30:00-04:00,18287.431640625
2024-07-12 09:30:00-04:00,18411.271484375
2024-07-12 10:30:00-04:00,18490.583984375
2024-07-12 11:30:00-04:00,18433.96875
2024-07-12 12:30:00-04:00,18502.109375
2024-07-12 13:30:00-04:00,18530.388671875
2024-07-12 14:30:00-04:00,18515.5625
2024-07-12 15:30:00-04:00,18381.3125
2024-07-15 09:30:00-04:00,18549.734375
2024-07-15 10:30:00-04:00,18591.359375
2024-07-15 11:30:00-04:00,18516.87890625
2024-07-15 12:30:00-04:00,18477.859375
2024-07-15 13:30:00-04:00,18473.376953125
2024-07-15 14:30:00-04:00,18495.607421875
2024-07-15 15:30:00-04:00,18475.85546875
2024-07-16 09:30:00-04:00,18429.1640625
2024-07-16 10:30:00-04:00,18471.21875
2024-07-16 11:30:00-04:00,18405.423828125
2024-07-16 12:30:00-04:00,18428.91796875
2024-07-16 13:30:00-04:00,18451.005859375
2024-07-16 14:30:00-04:00,18490.546875
2024-07-16 15:30:00-04:00,18506.970703125
2024-07-17 09:30:00-04:00,18082.005859375
2024-07-17 10:30:00-04:00,18086.998046875
2024-07-17 11:30:00-04:00,17999.62109375
2024-07-17 12:30:00-04:00,18015.087890625
2024-07-17 13:30:00-04:00,18044.888671875
2024-07-17 14:30:00-04:00,18046.3359375
2024-07-17 15:30:00-04:00,17996.44921875
2024-07-18 09:30:00-04:00,18039.173828125
2024-07-18 10:30:00-04:00,17814.34375
2024-07-18 11:30:00-04:00,17822.12890625
2024-07-18 12:30:00-04:00,17893.900390625
2024-07-18 13:30:00-04:00,17845.404296875
2024-07-18 14:30:00-04:00,17805.93359375
2024-07-18 15:30:00-04:00,17872.9609375
2024-07-19 09:30:00-04:00,17813.142578125
2024-07-19 10:30:00-04:00,17761.54296875
2024-07-19 11:30:00-04:00,17767.6171875
2024-07-19 12:30:00-04:00,17722.1953125
2024-07-19 13:30:00-04:00,17721.548828125
2024-07-19 14:30:00-04:00,17781.626953125
2024-07-19 15:30:00-04:00,17727.484375
2024-07-22 09:30:00-04:00,17957.234375
2024-07-22 10:30:00-04:00,17861.51953125
2024-07-22 11:30:00-04:00,17904.33203125
2024-07-22 12:30:00-04:00,17982.5859375
2024-07-22 13:30:00-04:00,18023.64453125
2024-07-22 14:30:00-04:00,18006.095703125
2024-07-22 15:30:00-04:00,18012.8828125
2024-07-23 09:30:00-04:00,18073.591796875
2024-07-23 10:30:00-04:00,18114.291015625
2024-07-23 11:30:00-04:00,18037.97265625
2024-07-23 12:30:00-04:00,18024.966796875
2024-07-23 13:30:00-04:00,18020.330078125
2024-07-23 14:30:00-04:00,18046.388671875
2024-07-23 15:30:00-04:00,17998.974609375
2024-07-24 09:30:00-04:00,17630.955078125
2024-07-24 10:30:00-04:00,17542.466796875
2024-07-24 11:30:00-04:00,17475.912109375
2024-07-24 12:30:00-04:00,17492.01953125
2024-07-24 13:30:00-04:00,17432.078125
2024-07-24 14:30:00-04:00,17357.068359375
2024-07-24 15:30:00-04:00,17342.80859375
2024-07-25 09:30:00-04:00,17235.1328125
2024-07-25 10:30:00-04:00,17373.830078125
2024-07-25 11:30:00-04:00,17492.19921875
2024-07-25 12:30:00-04:00,17436.1796875
2024-07-25 13:30:00-04:00,17387.205078125
2024-07-25 14:30:00-04:00,17385.890625
2024-07-25 15:30:00-04:00,17175.703125
2024-07-26 09:30:00-04:00,17329.615234375
2024-07-26 10:30:00-04:00,17293.435546875
2024-07-26 11:30:00-04:00,17398.71875
2024-07-26 12:30:00-04:00,17449.671875
2024-07-26 13:30:00-04:00,17358.45703125
2024-07-26 14:30:00-04:00,17364.046875
2024-07-26 15:30:00-04:00,17362.521484375
2024-07-29 09:30:00-04:00,17459.017578125
2024-07-29 10:30:00-04:00,17361.0390625
2024-07-29 11:30:00-04:00,17448.203125
2024-07-29 12:30:00-04:00,17411.83984375
2024-07-29 13:30:00-04:00,17377.849609375
2024-07-29 14:30:00-04:00,17396.185546875
2024-07-29 15:30:00-04:00,17370.328125
2024-07-30 09:30:00-04:00,17333.0234375
2024-07-30 10:30:00-04:00,17208.169921875
2024-07-30 11:30:00-04:00,17125.71484375
2024-07-30 12:30:00-04:00,17106.244140625
2024-07-30 13:30:00-04:00,17170.87109375
2024-07-30 14:30:00-04:00,17142.396484375
2024-07-30 15:30:00-04:00,17140.41015625
2024-07-31 09:30:00-04:00,17539.1875
2024-07-31 10:30:00-04:00,17587.15234375
2024-07-31 11:30:00-04:00,17558.1015625
2024-07-31 12:30:00-04:00,17556.65625
2024-07-31 13:30:00-04:00,17582.201171875
2024-07-31 14:30:00-04:00,17554.017578125
2024-07-31 15:30:00-04:00,17598.169921875
2024-08-01 09:30:00-04:00,17581.39453125
2024-08-01 10:30:00-04:00,17400.87890625
2024-08-01 11:30:00-04:00,17313.228515625
2024-08-01 12:30:00-04:00,17182.96484375
2024-08-01 13:30:00-04:00,17095.341796875
2024-08-01 14:30:00-04:00,17143.08984375
2024-08-01 15:30:00-04:00,17195.609375
2024-08-02 09:30:00-04:00,16677.7890625
2024-08-02 10:30:00-04:00,16703.61328125
2024-08-02 11:30:00-04:00,16811.595703125
2024-08-02 12:30:00-04:00,16715.802734375
2024-08-02 13:30:00-04:00,16765.48828125
2024-08-02 14:30:00-04:00,16767.048828125
2024-08-02 15:30:00-04:00,16773.318359375
2024-08-05 09:30:00-04:00,16073.009765625
2024-08-05 10:30:00-04:00,16301.6201171875
2024-08-05 11:30:00-04:00,16447.880859375
2024-08-05 12:30:00-04:00,16289.287109375
2024-08-05 13:30:00-04:00,16243.443359375
2024-08-05 14:30:00-04:00,16168.9404296875
2024-08-05 15:30:00-04:00,16205.9755859375
2024-08-06 09:30:00-04:00,16333.859375
2024-08-06 10:30:00-04:00,16354.0556640625
2024-08-06 11:30:00-04:00,16485.4609375
2024-08-06 12:30:00-04:00,16552.93359375
2024-08-06 13:30:00-04:00,16596.19140625
2024-08-06 14:30:00-04:00,16497.064453125
2024-08-06 15:30:00-04:00,16360.544921875
2024-08-07 09:30:00-04:00,16597.630859375
2024-08-07 10:30:00-04:00,16622.73046875
2024-08-07 11:30:00-04:00,16550.560546875
2024-08-07 12:30:00-04:00,16387.8828125
2024-08-07 13:30:00-04:00,16284.306640625
2024-08-07 14:30:00-04:00,16292.4287109375
2024-08-07 15:30:00-04:00,16195.4453125
2024-08-08 09:30:00-04:00,16534.025390625
2024-08-08 10:30:00-04:00,16543.892578125
2024-08-08 11:30:00-04:00,16591.40625
2024-08-08 12:30:00-04:00,16644.46484375
2024-08-08 13:30:00-04:00,16658.541015625
2024-08-08 14:30:00-04:00,16600.80859375
2024-08-08 15:30:00-04:00,16661.19140625
2024-08-09 09:30:00-04:00,16651.490234375
2024-08-09 10:30:00-04:00,16661.337890625
2024-08-09 11:30:00-04:00,16625.53515625
2024-08-09 12:30:00-04:00,16773.673828125
2024-08-09 13:30:00-04:00,16721.201171875
2024-08-09 14:30:00-04:00,16735.291015625
2024-08-09 15:30:00-04:00,16745.85546875
2024-08-12 09:30:00-04:00,16837.1171875
2024-08-12 10:30:00-04:00,16776.998046875
2024-08-12 11:30:00-04:00,16831.2578125
2024-08-12 12:30:00-04:00,16801.462890625
2024-08-12 13:30:00-04:00,16778.125
2024-08-12 14:30:00-04:00,16770.716796875
2024-08-12 15:30:00-04:00,16783.78515625
2024-08-13 09:30:00-04:00,17018.162109375
2024-08-13 10:30:00-04:00,17073.474609375
2024-08-13 11:30:00-04:00,17106.0546875
2024-08-13 12:30:00-04:00,17156.8984375
2024-08-13 13:30:00-04:00,17153.787109375
2024-08-13 14:30:00-04:00,17147.939453125
2024-08-13 15:30:00-04:00,17183.9453125
2024-08-14 09:30:00-04:00,17105.265625
2024-08-14 10:30:00-04:00,17177.462890625
2024-08-14 11:30:00-04:00,17147.90625
2024-08-14 12:30:00-04:00,17153.041015625
2024-08-14 13:30:00-04:00,17159.1875
2024-08-14 14:30:00-04:00,17135.50390625
2024-08-14 15:30:00-04:00,17191.19140625
2024-08-15 09:30:00-04:00,17501.10546875
2024-08-15 10:30:00-04:00,17527.857421875
2024-08-15 11:30:00-04:00,17579.376953125
2024-08-15 12:30:00-04:00,17556.59765625
2024-08-15 13:30:00-04:00,17594.728515625
2024-08-15 14:30:00-04:00,17589.798828125
2024-08-15 15:30:00-04:00,17591.0703125
2024-08-16 09:30:00-04:00,17616.7109375
2024-08-16 10:30:00-04:00,17566.87109375
2024-08-16 11:30:00-04:00,17641.453125
2024-08-16 12:30:00-04:00,17662.79296875
2024-08-16 13:30:00-04:00,17639.421875
2024-08-16 14:30:00-04:00,17631.326171875
2024-08-16 15:30:00-04:00,17630.93359375
2024-08-19 09:30:00-04:00,17651.310546875
2024-08-19 10:30:00-04:00,17697.974609375
2024-08-19 11:30:00-04:00,17707.69921875
2024-08-19 12:30:00-04:00,17733.658203125
2024-08-19 13:30:00-04:00,17781.8046875
2024-08-19 14:30:00-04:00,17808.46875
2024-08-19 15:30:00-04:00,17874.16015625
2024-08-20 09:30:00-04:00,17827.259765625
2024-08-20 10:30:00-04:00,17795.046875
2024-08-20 11:30:00-04:00,17816.2734375
2024-08-20 12:30:00-04:00,17800.599609375
2024-08-20 13:30:00-04:00,17852.44921875
2024-08-20 14:30:00-04:00,17830.8671875
2024-08-20 15:30:00-04:00,17813.484375
2024-08-21 09:30:00-04:00,17886.673828125
2024-08-21 10:30:00-04:00,17869.349609375
2024-08-21 11:30:00-04:00,17842.9453125
2024-08-21 12:30:00-04:00,17863.45703125
2024-08-21 13:30:00-04:00,17929.42578125
2024-08-21 14:30:00-04:00,17880.017578125
2024-08-21 15:30:00-04:00,17918.984375
2024-08-22 09:30:00-04:00,17922.216796875
2024-08-22 10:30:00-04:00,17828.173828125
2024-08-22 11:30:00-04:00,17822.626953125
2024-08-22 12:30:00-04:00,17741.41015625
2024-08-22 13:30:00-04:00,17692.115234375
2024-08-22 14:30:00-04:00,17623.8984375
2024-08-22 15:30:00-04:00,17623.40625
2024-08-23 09:30:00-04:00,17931.279296875
2024-08-23 10:30:00-04:00,17849.04296875
2024-08-23 11:30:00-04:00,17751.0078125
2024-08-23 12:30:00-04:00,17808.216796875
2024-08-23 13:30:00-04:00,17831.673828125
2024-08-23 14:30:00-04:00,17874.515625
2024-08-23 15:30:00-04:00,17877.4375
2024-08-26 09:30:00-04:00,17741.8359375
2024-08-26 10:30:00-04:00,17737.37890625
2024-08-26 11:30:00-04:00,17746.50390625
2024-08-26 12:30:00-04:00,17732.3125
2024-08-26 13:30:00-04:00,17714.06640625
2024-08-26 14:30:00-04:00,17726.810546875
2024-08-26 15:30:00-04:00,17727.11328125
2024-08-27 09:30:00-04:00,17737.615234375
2024-08-27 10:30:00-04:00,17738.73046875
2024-08-27 11:30:00-04:00,17729.771484375
2024-08-27 12:30:00-04:00,17770.763671875
2024-08-27 13:30:00-04:00,17770.962890625
2024-08-27 14:30:00-04:00,17761.576171875
2024-08-27 15:30:00-04:00,17755.583984375
2024-08-28 09:30:00-04:00,17694.779296875
2024-08-28 10:30:00-04:00,17520.279296875
2024-08-28 11:30:00-04:00,17535.138671875
2024-08-28 12:30:00-04:00,17563.21484375
2024-08-28 13:30:00-04:00,17479.41796875
2024-08-28 14:30:00-04:00,17588.7265625
2024-08-28 15:30:00-04:00,17552.44140625
2024-08-29 09:30:00-04:00,17711.458984375
2024-08-29 10:30:00-04:00,17736.462890625
2024-08-29 11:30:00-04:00,17766.224609375
2024-08-29 12:30:00-04:00,17724.4765625
2024-08-29 13:30:00-04:00,17620.4609375
2024-08-29 14:30:00-04:00,17538.43359375
2024-08-29 15:30:00-04:00,17519.0390625
2024-08-30 09:30:00-04:00,17642.068359375
2024-08-30 10:30:00-04:00,17570.677734375
2024-08-30 11:30:00-04:00,17536.46875
2024-08-30 12:30:00-04:00,17565.5390625
2024-08-30 13:30:00-04:00,17583.296875
2024-08-30 14:30:00-04:00,17653.45703125
2024-08-30 15:30:00-04:00,17717.029296875
2024-09-03 09:30:00-04:00,17424.166015625
2024-09-03 10:30:00-04:00,17319.005859375
2024-09-03 11:30:00-04:00,17278.375
2024-09-03 12:30:00-04:00,17282.87109375
2024-09-03 13:30:00-04:00,17159.408203125
2024-09-03 14:30:00-04:00,17154.1796875
2024-09-03 15:30:00-04:00,17133.265625
2024-09-04 09:30:00-04:00,17099.787109375
2024-09-04 10:30:00-04:00,17133.099609375
2024-09-04 11:30:00-04:00,17158.36328125
2024-09-04 12:30:00-04:00,17137.470703125
2024-09-04 13:30:00-04:00,17128.42578125
2024-09-04 14:30:00-04:00,17079.75390625
2024-09-04 15:30:00-04:00,17084.1015625
2024-09-05 09:30:00-04:00,17262.595703125
2024-09-05 10:30:00-04:00,17058.09375
2024-09-05 11:30:00-04:00,17106.787109375
2024-09-05 12:30:00-04:00,17061.669921875
2024-09-05 13:30:00-04:00,17142.65625
2024-09-05 14:30:00-04:00,17122.94140625
2024-09-05 15:30:00-04:00,17125.171875
2024-09-06 09:30:00-04:00,16877.6015625
2024-09-06 10:30:00-04:00,16737.337890625
2024-09-06 11:30:00-04:00,16681.93359375
2024-09-06 12:30:00-04:00,16728.955078125
2024-09-06 13:30:00-04:00,16687.212890625
2024-09-06 14:30:00-04:00,16745.869140625
2024-09-06 15:30:00-04:00,16693.53515625
2024-09-09 09:30:00-04:00,16842.076171875
2024-09-09 10:30:00-04:00,16789.66015625
2024-09-09 11:30:00-04:00,16885.53515625
2024-09-09 12:30:00-04:00,16910.935546875
2024-09-09 13:30:00-04:00,16798.43359375
2024-09-09 14:30:00-04:00,16835.978515625
2024-09-09 15:30:00-04:00,16887.642578125
2024-09-10 09:30:00-04:00,16967.380859375
2024-09-10 10:30:00-04:00,16963.986328125
2024-09-10 11:30:00-04:00,16835.78515625
2024-09-10 12:30:00-04:00,16924.970703125
2024-09-10 13:30:00-04:00,16998.251953125
2024-09-10 14:30:00-04:00,17022.01171875
2024-09-10 15:30:00-04:00,17025.791015625
2024-09-11 09:30:00-04:00,16881.58203125
2024-09-11 10:30:00-04:00,16903.638671875
2024-09-11 11:30:00-04:00,17091.419921875
2024-09-11 12:30:00-04:00,17163.248046875
2024-09-11 13:30:00-04:00,17268.720703125
2024-09-11 14:30:00-04:00,17335.529296875
2024-09-11 15:30:00-04:00,17394.01953125
2024-09-12 09:30:00-04:00,17474.02734375
2024-09-12 10:30:00-04:00,17441.7265625
2024-09-12 11:30:00-04:00,17462.005859375
2024-09-12 12:30:00-04:00,17539.326171875
2024-09-12 13:30:00-04:00,17597.572265625
2024-09-12 14:30:00-04:00,17573.908203125
2024-09-12 15:30:00-04:00,17570.4453125
2024-09-13 09:30:00-04:00,17628.94140625
2024-09-13 10:30:00-04:00,17677.50390625
2024-09-13 11:30:00-04:00,17658.0859375
2024-09-13 12:30:00-04:00,17707.203125
2024-09-13 13:30:00-04:00,17667.904296875
2024-09-13 14:30:00-04:00,17678.3125
2024-09-13 15:30:00-04:00,17681.671875
2024-09-16 09:30:00-04:00,17556.48046875
2024-09-16 10:30:00-04:00,17554.525390625
2024-09-16 11:30:00-04:00,17531.486328125
2024-09-16 12:30:00-04:00,17550.787109375
2024-09-16 13:30:00-04:00,17591.580078125
2024-09-16 14:30:00-04:00,17573.25390625
2024-09-16 15:30:00-04:00,17594.318359375
2024-09-17 09:30:00-04:00,17741.16796875
2024-09-17 10:30:00-04:00,17715.7578125
2024-09-17 11:30:00-04:00,17646.5625
2024-09-17 12:30:00-04:00,17628.3515625
2024-09-17 13:30:00-04:00,17614.091796875
2024-09-17 14:30:00-04:00,17604.345703125
2024-09-17 15:30:00-04:00,17630.189453125
2024-09-18 09:30:00-04:00,17650.552734375
2024-09-18 10:30:00-04:00,17623.474609375
2024-09-18 11:30:00-04:00,17628.17578125
2024-09-18 12:30:00-04:00,17654.271484375
2024-09-18 13:30:00-04:00,17773.998046875
2024-09-18 14:30:00-04:00,17717.318359375
2024-09-18 15:30:00-04:00,17567.44140625
2024-09-19 09:30:00-04:00,18054.39453125
2024-09-19 10:30:00-04:00,18054.63671875
2024-09-19 11:30:00-04:00,18069.6015625
2024-09-19 12:30:00-04:00,18070.42578125
2024-09-19 13:30:00-04:00,18063.22265625
2024-09-19 14:30:00-04:00,18027.64453125
2024-09-19 15:30:00-04:00,18014.11328125
2024-09-20 09:30:00-04:00,17950.33203125
2024-09-20 10:30:00-04:00,17872.408203125
2024-09-20 11:30:00-04:00,17972.388671875
2024-09-20 12:30:00-04:00,17954.802734375
2024-09-20 13:30:00-04:00,17914.09765625
2024-09-20 14:30:00-04:00,17983.23046875
2024-09-20 15:30:00-04:00,17951.0546875
2024-09-23 09:30:00-04:00,18004.208984375
2024-09-23 10:30:00-04:00,17989.33984375
2024-09-23 11:30:00-04:00,17965.34765625
2024-09-23 12:30:00-04:00,17951.927734375
2024-09-23 13:30:00-04:00,17973.27734375
2024-09-23 14:30:00-04:00,17982.01953125
2024-09-23 15:30:00-04:00,17973.603515625
2024-09-24 09:30:00-04:00,17895.158203125
2024-09-24 10:30:00-04:00,17999.955078125
2024-09-24 11:30:00-04:00,18069.904296875
2024-09-24 12:30:00-04:00,18067.974609375
2024-09-24 13:30:00-04:00,18053.91796875
2024-09-24 14:30:00-04:00,18056.568359375
2024-09-24 15:30:00-04:00,18076.1015625
2024-09-25 09:30:00-04:00,18125.171875
2024-09-25 10:30:00-04:00,18104.216796875
2024-09-25 11:30:00-04:00,18101.974609375
2024-09-25 12:30:00-04:00,18079.9453125
2024-09-25 13:30:00-04:00,18079.47265625
2024-09-25 14:30:00-04:00,18073.23828125
2024-09-25 15:30:00-04:00,18082.7421875
2024-09-26 09:30:00-04:00,18200.587890625
2024-09-26 10:30:00-04:00,18131.966796875
2024-09-26 11:30:00-04:00,18136.390625
2024-09-26 12:30:00-04:00,18113.48828125
2024-09-26 13:30:00-04:00,18193.09765625
2024-09-26 14:30:00-04:00,18194.666015625
2024-09-26 15:30:00-04:00,18195.37109375
2024-09-27 09:30:00-04:00,18196.544921875
2024-09-27 10:30:00-04:00,18151.97265625
2024-09-27 11:30:00-04:00,18138.861328125
2024-09-27 12:30:00-04:00,18120.05859375
2024-09-27 13:30:00-04:00,18087.16796875
2024-09-27 14:30:00-04:00,18123.1171875
2024-09-27 15:30:00-04:00,18119.58984375
