Datetime,Buy_Count,Sell_Count,B_S,Position
2021-11-02 13:30:00+00:00,0,0,0,No Signal
2021-11-02 14:30:00+00:00,0,0,0,No Signal
2021-11-02 15:30:00+00:00,0,0,0,No Signal
2021-11-02 16:30:00+00:00,0,0,0,No Signal
2021-11-02 17:30:00+00:00,0,0,0,No Signal
2021-11-02 18:30:00+00:00,0,0,0,No Signal
2021-11-02 19:30:00+00:00,0,0,0,No Signal
2021-11-03 13:30:00+00:00,0,0,0,No Signal
2021-11-03 14:30:00+00:00,0,0,0,No Signal
2021-11-03 15:30:00+00:00,0,0,0,No Signal
2021-11-03 16:30:00+00:00,0,0,0,No Signal
2021-11-03 17:30:00+00:00,0,0,0,No Signal
2021-11-03 18:30:00+00:00,0,0,0,No Signal
2021-11-03 19:30:00+00:00,0,33,-33,Long
2021-11-04 13:30:00+00:00,1,37,-36,No Signal
2021-11-04 14:30:00+00:00,3,25,-22,No Signal
2021-11-04 15:30:00+00:00,3,33,-30,No Signal
2021-11-04 16:30:00+00:00,4,36,-32,No Signal
2021-11-04 17:30:00+00:00,6,35,-29,No Signal
2021-11-04 18:30:00+00:00,5,29,-24,No Signal
2021-11-04 19:30:00+00:00,4,30,-26,No Signal
2021-11-05 13:30:00+00:00,7,49,-42,No Signal
2021-11-05 14:30:00+00:00,8,42,-34,No Signal
2021-11-05 15:30:00+00:00,8,41,-33,No Signal
2021-11-05 16:30:00+00:00,10,32,-22,No Signal
2021-11-05 17:30:00+00:00,6,34,-28,No Signal
2021-11-05 18:30:00+00:00,8,27,-19,No Signal
2021-11-05 19:30:00+00:00,7,25,-18,No Signal
2021-11-08 14:30:00+00:00,12,16,-4,No Signal
2021-11-08 15:30:00+00:00,11,24,-13,No Signal
2021-11-08 16:30:00+00:00,16,21,-5,No Signal
2021-11-08 17:30:00+00:00,12,19,-7,No Signal
2021-11-08 18:30:00+00:00,9,16,-7,No Signal
2021-11-08 19:30:00+00:00,10,16,-6,No Signal
2021-11-08 20:30:00+00:00,12,15,-3,No Signal
2021-11-09 14:30:00+00:00,12,8,4,No Signal
2021-11-09 15:30:00+00:00,16,10,6,No Signal
2021-11-09 16:30:00+00:00,14,10,4,No Signal
2021-11-09 17:30:00+00:00,12,15,-3,No Signal
2021-11-09 18:30:00+00:00,14,12,2,No Signal
2021-11-09 19:30:00+00:00,11,10,1,No Signal
2021-11-09 20:30:00+00:00,12,11,1,No Signal
2021-11-10 14:30:00+00:00,12,11,1,No Signal
2021-11-10 15:30:00+00:00,18,15,3,No Signal
2021-11-10 16:30:00+00:00,17,17,0,No Signal
2021-11-10 17:30:00+00:00,27,13,14,No Signal
2021-11-10 18:30:00+00:00,35,12,23,Short
2021-11-10 19:30:00+00:00,33,8,25,No Signal
2021-11-10 20:30:00+00:00,35,6,29,No Signal
2021-11-11 14:30:00+00:00,17,5,12,No Signal
2021-11-11 15:30:00+00:00,19,8,11,No Signal
2021-11-11 16:30:00+00:00,21,6,15,No Signal
2021-11-11 17:30:00+00:00,21,7,14,No Signal
2021-11-11 18:30:00+00:00,19,8,11,No Signal
2021-11-11 19:30:00+00:00,24,8,16,No Signal
2021-11-11 20:30:00+00:00,26,6,20,No Signal
2021-11-12 14:30:00+00:00,21,8,13,No Signal
2021-11-12 15:30:00+00:00,10,15,-5,No Signal
2021-11-12 16:30:00+00:00,10,17,-7,No Signal
2021-11-12 17:30:00+00:00,10,26,-16,No Signal
2021-11-12 18:30:00+00:00,11,38,-27,Long
2021-11-12 19:30:00+00:00,9,40,-31,No Signal
2021-11-12 20:30:00+00:00,7,38,-31,No Signal
2021-11-15 14:30:00+00:00,6,28,-22,No Signal
2021-11-15 15:30:00+00:00,6,25,-19,No Signal
2021-11-15 16:30:00+00:00,5,14,-9,No Signal
2021-11-15 17:30:00+00:00,5,23,-18,No Signal
2021-11-15 18:30:00+00:00,5,19,-14,No Signal
2021-11-15 19:30:00+00:00,5,25,-20,No Signal
2021-11-15 20:30:00+00:00,4,27,-23,No Signal
2021-11-16 14:30:00+00:00,4,22,-18,No Signal
2021-11-16 15:30:00+00:00,6,19,-13,No Signal
2021-11-16 16:30:00+00:00,5,16,-11,No Signal
2021-11-16 17:30:00+00:00,7,16,-9,No Signal
2021-11-16 18:30:00+00:00,6,15,-9,No Signal
2021-11-16 19:30:00+00:00,6,14,-8,No Signal
2021-11-16 20:30:00+00:00,6,17,-11,No Signal
2021-11-17 14:30:00+00:00,10,14,-4,No Signal
2021-11-17 15:30:00+00:00,10,14,-4,No Signal
2021-11-17 16:30:00+00:00,10,20,-10,No Signal
2021-11-17 17:30:00+00:00,10,23,-13,No Signal
2021-11-17 18:30:00+00:00,11,21,-10,No Signal
2021-11-17 19:30:00+00:00,8,17,-9,No Signal
2021-11-17 20:30:00+00:00,10,14,-4,No Signal
2021-11-18 14:30:00+00:00,19,9,10,No Signal
2021-11-18 15:30:00+00:00,20,11,9,No Signal
2021-11-18 16:30:00+00:00,13,14,-1,No Signal
2021-11-18 17:30:00+00:00,15,14,1,No Signal
2021-11-18 18:30:00+00:00,15,6,9,No Signal
2021-11-18 19:30:00+00:00,14,7,7,No Signal
2021-11-18 20:30:00+00:00,12,8,4,No Signal
2021-11-19 14:30:00+00:00,15,15,0,No Signal
2021-11-19 15:30:00+00:00,13,15,-2,No Signal
2021-11-19 16:30:00+00:00,13,23,-10,No Signal
2021-11-19 17:30:00+00:00,18,16,2,No Signal
2021-11-19 18:30:00+00:00,16,16,0,No Signal
2021-11-19 19:30:00+00:00,19,15,4,No Signal
2021-11-19 20:30:00+00:00,19,16,3,No Signal
2021-11-22 14:30:00+00:00,14,33,-19,No Signal
2021-11-22 15:30:00+00:00,26,22,4,No Signal
2021-11-22 16:30:00+00:00,24,14,10,No Signal
2021-11-22 17:30:00+00:00,24,13,11,No Signal
2021-11-22 18:30:00+00:00,24,9,15,No Signal
2021-11-22 19:30:00+00:00,23,12,11,No Signal
2021-11-22 20:30:00+00:00,29,7,22,Short
2021-11-23 14:30:00+00:00,35,6,29,No Signal
2021-11-23 15:30:00+00:00,39,9,30,No Signal
2021-11-23 16:30:00+00:00,37,6,31,No Signal
2021-11-23 17:30:00+00:00,37,7,30,No Signal
2021-11-23 18:30:00+00:00,33,6,27,No Signal
2021-11-23 19:30:00+00:00,32,6,26,No Signal
2021-11-23 20:30:00+00:00,24,8,16,No Signal
2021-11-24 14:30:00+00:00,32,1,31,No Signal
2021-11-24 15:30:00+00:00,18,0,18,No Signal
2021-11-24 16:30:00+00:00,15,1,14,No Signal
2021-11-24 17:30:00+00:00,12,2,10,No Signal
2021-11-24 18:30:00+00:00,15,1,14,No Signal
2021-11-24 19:30:00+00:00,11,2,9,No Signal
2021-11-24 20:30:00+00:00,5,7,-2,No Signal
2021-11-26 14:30:00+00:00,8,11,-3,No Signal
2021-11-26 15:30:00+00:00,19,5,14,No Signal
2021-11-26 16:30:00+00:00,15,6,9,No Signal
2021-11-29 14:30:00+00:00,8,6,2,No Signal
2021-11-29 15:30:00+00:00,8,8,0,No Signal
2021-11-29 16:30:00+00:00,7,9,-2,No Signal
2021-11-29 17:30:00+00:00,5,9,-4,No Signal
2021-11-29 18:30:00+00:00,8,12,-4,No Signal
2021-11-29 19:30:00+00:00,9,13,-4,No Signal
2021-11-29 20:30:00+00:00,8,10,-2,No Signal
2021-11-30 14:30:00+00:00,16,8,8,No Signal
2021-11-30 15:30:00+00:00,18,1,17,No Signal
2021-11-30 16:30:00+00:00,26,1,25,No Signal
2021-11-30 17:30:00+00:00,26,1,25,No Signal
2021-11-30 18:30:00+00:00,12,3,9,No Signal
2021-11-30 19:30:00+00:00,12,5,7,No Signal
2021-11-30 20:30:00+00:00,22,4,18,No Signal
2021-12-01 14:30:00+00:00,18,8,10,No Signal
2021-12-01 15:30:00+00:00,17,10,7,No Signal
2021-12-01 16:30:00+00:00,22,6,16,No Signal
2021-12-01 17:30:00+00:00,27,2,25,No Signal
2021-12-01 18:30:00+00:00,29,2,27,No Signal
2021-12-01 19:30:00+00:00,47,0,47,No Signal
2021-12-01 20:30:00+00:00,50,1,49,No Signal
2021-12-02 14:30:00+00:00,27,0,27,No Signal
2021-12-02 15:30:00+00:00,18,1,17,No Signal
2021-12-02 16:30:00+00:00,11,1,10,No Signal
2021-12-02 17:30:00+00:00,14,1,13,No Signal
2021-12-02 18:30:00+00:00,11,1,10,No Signal
2021-12-02 19:30:00+00:00,10,1,9,No Signal
2021-12-02 20:30:00+00:00,12,1,11,No Signal
2021-12-03 14:30:00+00:00,32,1,31,No Signal
2021-12-03 15:30:00+00:00,39,1,38,No Signal
2021-12-03 16:30:00+00:00,35,1,34,No Signal
2021-12-03 17:30:00+00:00,30,1,29,No Signal
2021-12-03 18:30:00+00:00,29,2,27,No Signal
2021-12-03 19:30:00+00:00,25,4,21,No Signal
2021-12-03 20:30:00+00:00,14,16,-2,No Signal
2021-12-06 14:30:00+00:00,17,16,1,No Signal
2021-12-06 15:30:00+00:00,22,13,9,No Signal
2021-12-06 16:30:00+00:00,22,11,11,No Signal
2021-12-06 17:30:00+00:00,12,16,-4,No Signal
2021-12-06 18:30:00+00:00,15,11,4,No Signal
2021-12-06 19:30:00+00:00,14,12,2,No Signal
2021-12-06 20:30:00+00:00,15,11,4,No Signal
2021-12-07 14:30:00+00:00,1,39,-38,Long
2021-12-07 15:30:00+00:00,1,54,-53,No Signal
2021-12-07 16:30:00+00:00,1,57,-56,No Signal
2021-12-07 17:30:00+00:00,1,58,-57,No Signal
2021-12-07 18:30:00+00:00,1,67,-66,No Signal
2021-12-07 19:30:00+00:00,1,62,-61,No Signal
2021-12-07 20:30:00+00:00,1,58,-57,No Signal
2021-12-08 14:30:00+00:00,3,41,-38,No Signal
2021-12-08 15:30:00+00:00,4,54,-50,No Signal
2021-12-08 16:30:00+00:00,4,53,-49,No Signal
2021-12-08 17:30:00+00:00,1,48,-47,No Signal
2021-12-08 18:30:00+00:00,1,42,-41,No Signal
2021-12-08 19:30:00+00:00,1,54,-53,No Signal
2021-12-08 20:30:00+00:00,1,60,-59,No Signal
2021-12-09 14:30:00+00:00,8,13,-5,No Signal
2021-12-09 15:30:00+00:00,9,14,-5,No Signal
2021-12-09 16:30:00+00:00,9,7,2,No Signal
2021-12-09 17:30:00+00:00,9,5,4,No Signal
2021-12-09 18:30:00+00:00,12,6,6,No Signal
2021-12-09 19:30:00+00:00,10,3,7,No Signal
2021-12-09 20:30:00+00:00,17,1,16,No Signal
2021-12-10 14:30:00+00:00,10,9,1,No Signal
2021-12-10 15:30:00+00:00,23,9,14,No Signal
2021-12-10 16:30:00+00:00,21,10,11,No Signal
2021-12-10 17:30:00+00:00,23,10,13,No Signal
2021-12-10 18:30:00+00:00,23,10,13,No Signal
2021-12-10 19:30:00+00:00,30,8,22,Short
2021-12-10 20:30:00+00:00,28,10,18,No Signal
2021-12-13 14:30:00+00:00,24,10,14,No Signal
2021-12-13 15:30:00+00:00,32,8,24,No Signal
2021-12-13 16:30:00+00:00,29,10,19,No Signal
2021-12-13 17:30:00+00:00,25,9,16,No Signal
2021-12-13 18:30:00+00:00,18,9,9,No Signal
2021-12-13 19:30:00+00:00,13,18,-5,No Signal
2021-12-13 20:30:00+00:00,15,18,-3,No Signal
2021-12-14 14:30:00+00:00,34,3,31,No Signal
2021-12-14 15:30:00+00:00,39,6,33,No Signal
2021-12-14 16:30:00+00:00,43,3,40,No Signal
2021-12-14 17:30:00+00:00,50,2,48,No Signal
2021-12-14 18:30:00+00:00,44,5,39,No Signal
2021-12-14 19:30:00+00:00,27,6,21,No Signal
2021-12-14 20:30:00+00:00,38,5,33,No Signal
2021-12-15 14:30:00+00:00,32,4,28,No Signal
2021-12-15 15:30:00+00:00,30,4,26,No Signal
2021-12-15 16:30:00+00:00,34,4,30,No Signal
2021-12-15 17:30:00+00:00,31,2,29,No Signal
2021-12-15 18:30:00+00:00,19,3,16,No Signal
2021-12-15 19:30:00+00:00,2,8,-6,No Signal
2021-12-15 20:30:00+00:00,1,13,-12,No Signal
2021-12-16 14:30:00+00:00,2,24,-22,Long
2021-12-16 15:30:00+00:00,2,21,-19,No Signal
2021-12-16 16:30:00+00:00,4,18,-14,No Signal
2021-12-16 17:30:00+00:00,4,19,-15,No Signal
2021-12-16 18:30:00+00:00,5,15,-10,No Signal
2021-12-16 19:30:00+00:00,4,11,-7,No Signal
2021-12-16 20:30:00+00:00,4,13,-9,No Signal
2021-12-17 14:30:00+00:00,5,8,-3,No Signal
2021-12-17 15:30:00+00:00,4,17,-13,No Signal
2021-12-17 16:30:00+00:00,4,11,-7,No Signal
2021-12-17 17:30:00+00:00,3,15,-12,No Signal
2021-12-17 18:30:00+00:00,5,14,-9,No Signal
2021-12-17 19:30:00+00:00,19,5,14,No Signal
2021-12-17 20:30:00+00:00,32,4,28,Short
2021-12-20 14:30:00+00:00,46,4,42,No Signal
2021-12-20 15:30:00+00:00,40,4,36,No Signal
2021-12-20 16:30:00+00:00,29,4,25,No Signal
2021-12-20 17:30:00+00:00,28,4,24,No Signal
2021-12-20 18:30:00+00:00,22,5,17,No Signal
2021-12-20 19:30:00+00:00,20,5,15,No Signal
2021-12-20 20:30:00+00:00,14,4,10,No Signal
2021-12-21 14:30:00+00:00,8,6,2,No Signal
2021-12-21 15:30:00+00:00,15,6,9,No Signal
2021-12-21 16:30:00+00:00,2,9,-7,No Signal
2021-12-21 17:30:00+00:00,5,6,-1,No Signal
2021-12-21 18:30:00+00:00,4,12,-8,No Signal
2021-12-21 19:30:00+00:00,3,14,-11,No Signal
2021-12-21 20:30:00+00:00,2,19,-17,No Signal
2021-12-22 14:30:00+00:00,1,45,-44,Long
2021-12-22 15:30:00+00:00,1,63,-62,No Signal
2021-12-22 16:30:00+00:00,1,63,-62,No Signal
2021-12-22 17:30:00+00:00,1,61,-60,No Signal
2021-12-22 18:30:00+00:00,1,56,-55,No Signal
2021-12-22 19:30:00+00:00,1,55,-54,No Signal
2021-12-22 20:30:00+00:00,1,61,-60,No Signal
2021-12-23 14:30:00+00:00,1,66,-65,No Signal
2021-12-23 15:30:00+00:00,1,60,-59,No Signal
2021-12-23 16:30:00+00:00,0,46,-46,No Signal
2021-12-23 17:30:00+00:00,1,47,-46,No Signal
2021-12-23 18:30:00+00:00,2,50,-48,No Signal
2021-12-23 19:30:00+00:00,1,47,-46,No Signal
2021-12-23 20:30:00+00:00,2,40,-38,No Signal
2021-12-27 14:30:00+00:00,3,59,-56,No Signal
2021-12-27 15:30:00+00:00,2,49,-47,No Signal
2021-12-27 16:30:00+00:00,2,52,-50,No Signal
2021-12-27 17:30:00+00:00,2,52,-50,No Signal
2021-12-27 18:30:00+00:00,1,54,-53,No Signal
2021-12-27 19:30:00+00:00,2,54,-52,No Signal
2021-12-27 20:30:00+00:00,2,52,-50,No Signal
2021-12-28 14:30:00+00:00,3,34,-31,No Signal
2021-12-28 15:30:00+00:00,4,34,-30,No Signal
2021-12-28 16:30:00+00:00,2,35,-33,No Signal
2021-12-28 17:30:00+00:00,6,30,-24,No Signal
2021-12-28 18:30:00+00:00,6,28,-22,No Signal
2021-12-28 19:30:00+00:00,3,33,-30,No Signal
2021-12-28 20:30:00+00:00,3,34,-31,No Signal
2021-12-29 14:30:00+00:00,20,24,-4,No Signal
2021-12-29 15:30:00+00:00,14,22,-8,No Signal
2021-12-29 16:30:00+00:00,20,15,5,No Signal
2021-12-29 17:30:00+00:00,17,19,-2,No Signal
2021-12-29 18:30:00+00:00,13,20,-7,No Signal
2021-12-29 19:30:00+00:00,10,23,-13,No Signal
2021-12-29 20:30:00+00:00,9,16,-7,No Signal
2021-12-30 14:30:00+00:00,2,11,-9,No Signal
2021-12-30 15:30:00+00:00,2,12,-10,No Signal
2021-12-30 16:30:00+00:00,1,12,-11,No Signal
2021-12-30 17:30:00+00:00,1,15,-14,No Signal
2021-12-30 18:30:00+00:00,2,14,-12,No Signal
2021-12-30 19:30:00+00:00,1,13,-12,No Signal
2021-12-30 20:30:00+00:00,3,6,-3,No Signal
2021-12-31 14:30:00+00:00,8,8,0,No Signal
2021-12-31 15:30:00+00:00,9,9,0,No Signal
2021-12-31 16:30:00+00:00,8,8,0,No Signal
2021-12-31 17:30:00+00:00,9,9,0,No Signal
2021-12-31 18:30:00+00:00,17,5,12,No Signal
2021-12-31 19:30:00+00:00,16,8,8,No Signal
2021-12-31 20:30:00+00:00,26,5,21,Short
2022-01-03 14:30:00+00:00,38,3,35,No Signal
2022-01-03 15:30:00+00:00,46,1,45,No Signal
2022-01-03 16:30:00+00:00,44,2,42,No Signal
2022-01-03 17:30:00+00:00,45,2,43,No Signal
2022-01-03 18:30:00+00:00,37,3,34,No Signal
2022-01-03 19:30:00+00:00,33,4,29,No Signal
2022-01-03 20:30:00+00:00,23,10,13,No Signal
2022-01-04 14:30:00+00:00,36,9,27,No Signal
2022-01-04 15:30:00+00:00,36,6,30,No Signal
2022-01-04 16:30:00+00:00,36,5,31,No Signal
2022-01-04 17:30:00+00:00,40,4,36,No Signal
2022-01-04 18:30:00+00:00,41,4,37,No Signal
2022-01-04 19:30:00+00:00,25,4,21,No Signal
2022-01-04 20:30:00+00:00,23,7,16,No Signal
2022-01-05 14:30:00+00:00,22,10,12,No Signal
2022-01-05 15:30:00+00:00,24,13,11,No Signal
2022-01-05 16:30:00+00:00,26,12,14,No Signal
2022-01-05 17:30:00+00:00,32,10,22,No Signal
2022-01-05 18:30:00+00:00,47,7,40,No Signal
2022-01-05 19:30:00+00:00,53,5,48,No Signal
2022-01-05 20:30:00+00:00,57,2,55,No Signal
2022-01-06 14:30:00+00:00,42,1,41,No Signal
2022-01-06 15:30:00+00:00,27,0,27,No Signal
2022-01-06 16:30:00+00:00,27,2,25,No Signal
2022-01-06 17:30:00+00:00,30,1,29,No Signal
2022-01-06 18:30:00+00:00,25,4,21,No Signal
2022-01-06 19:30:00+00:00,36,1,35,No Signal
2022-01-06 20:30:00+00:00,41,1,40,No Signal
2022-01-07 14:30:00+00:00,46,3,43,No Signal
2022-01-07 15:30:00+00:00,48,5,43,No Signal
2022-01-07 16:30:00+00:00,45,2,43,No Signal
2022-01-07 17:30:00+00:00,46,3,43,No Signal
2022-01-07 18:30:00+00:00,42,3,39,No Signal
2022-01-07 19:30:00+00:00,33,8,25,No Signal
2022-01-07 20:30:00+00:00,31,9,22,No Signal
2022-01-10 14:30:00+00:00,53,4,49,No Signal
2022-01-10 15:30:00+00:00,56,3,53,No Signal
2022-01-10 16:30:00+00:00,62,2,60,No Signal
2022-01-10 17:30:00+00:00,48,2,46,No Signal
2022-01-10 18:30:00+00:00,37,4,33,No Signal
2022-01-10 19:30:00+00:00,37,3,34,No Signal
2022-01-10 20:30:00+00:00,18,6,12,No Signal
2022-01-11 14:30:00+00:00,13,7,6,No Signal
2022-01-11 15:30:00+00:00,6,8,-2,No Signal
2022-01-11 16:30:00+00:00,5,5,0,No Signal
2022-01-11 17:30:00+00:00,4,7,-3,No Signal
2022-01-11 18:30:00+00:00,3,10,-7,No Signal
2022-01-11 19:30:00+00:00,1,11,-10,No Signal
2022-01-11 20:30:00+00:00,1,12,-11,No Signal
2022-01-12 14:30:00+00:00,2,60,-58,Long
2022-01-12 15:30:00+00:00,1,45,-44,No Signal
2022-01-12 16:30:00+00:00,0,59,-59,No Signal
2022-01-12 17:30:00+00:00,0,52,-52,No Signal
2022-01-12 18:30:00+00:00,0,45,-45,No Signal
2022-01-12 19:30:00+00:00,0,39,-39,No Signal
2022-01-12 20:30:00+00:00,1,28,-27,No Signal
2022-01-13 14:30:00+00:00,2,31,-29,No Signal
2022-01-13 15:30:00+00:00,8,21,-13,No Signal
2022-01-13 16:30:00+00:00,16,10,6,No Signal
2022-01-13 17:30:00+00:00,14,10,4,No Signal
2022-01-13 18:30:00+00:00,16,8,8,No Signal
2022-01-13 19:30:00+00:00,27,3,24,Short
2022-01-13 20:30:00+00:00,31,3,28,No Signal
2022-01-14 14:30:00+00:00,48,6,42,No Signal
2022-01-14 15:30:00+00:00,44,4,40,No Signal
2022-01-14 16:30:00+00:00,47,3,44,No Signal
2022-01-14 17:30:00+00:00,51,3,48,No Signal
2022-01-14 18:30:00+00:00,47,3,44,No Signal
2022-01-14 19:30:00+00:00,32,6,26,No Signal
2022-01-14 20:30:00+00:00,28,6,22,No Signal
2022-01-18 14:30:00+00:00,39,2,37,No Signal
2022-01-18 15:30:00+00:00,47,0,47,No Signal
2022-01-18 16:30:00+00:00,35,1,34,No Signal
2022-01-18 17:30:00+00:00,41,1,40,No Signal
2022-01-18 18:30:00+00:00,34,2,32,No Signal
2022-01-18 19:30:00+00:00,34,3,31,No Signal
2022-01-18 20:30:00+00:00,32,1,31,No Signal
2022-01-19 14:30:00+00:00,20,1,19,No Signal
2022-01-19 15:30:00+00:00,25,2,23,No Signal
2022-01-19 16:30:00+00:00,13,3,10,No Signal
2022-01-19 17:30:00+00:00,11,3,8,No Signal
2022-01-19 18:30:00+00:00,18,4,14,No Signal
2022-01-19 19:30:00+00:00,37,1,36,No Signal
2022-01-19 20:30:00+00:00,47,0,47,No Signal
2022-01-20 14:30:00+00:00,17,4,13,No Signal
2022-01-20 15:30:00+00:00,10,6,4,No Signal
2022-01-20 16:30:00+00:00,7,5,2,No Signal
2022-01-20 17:30:00+00:00,10,6,4,No Signal
2022-01-20 18:30:00+00:00,15,3,12,No Signal
2022-01-20 19:30:00+00:00,20,2,18,No Signal
2022-01-20 20:30:00+00:00,22,4,18,No Signal
2022-01-21 14:30:00+00:00,29,2,27,No Signal
2022-01-21 15:30:00+00:00,11,1,10,No Signal
2022-01-21 16:30:00+00:00,27,1,26,No Signal
2022-01-21 17:30:00+00:00,30,0,30,No Signal
2022-01-21 18:30:00+00:00,24,0,24,No Signal
2022-01-21 19:30:00+00:00,33,1,32,No Signal
2022-01-21 20:30:00+00:00,22,1,21,No Signal
2022-01-24 14:30:00+00:00,74,0,74,No Signal
2022-01-24 15:30:00+00:00,76,3,73,No Signal
2022-01-24 16:30:00+00:00,81,1,80,No Signal
2022-01-24 17:30:00+00:00,73,1,72,No Signal
2022-01-24 18:30:00+00:00,55,1,54,No Signal
2022-01-24 19:30:00+00:00,23,1,22,No Signal
2022-01-24 20:30:00+00:00,6,0,6,No Signal
2022-01-25 14:30:00+00:00,4,0,4,No Signal
2022-01-25 15:30:00+00:00,18,1,17,No Signal
2022-01-25 16:30:00+00:00,9,0,9,No Signal
2022-01-25 17:30:00+00:00,3,1,2,No Signal
2022-01-25 18:30:00+00:00,1,0,1,No Signal
2022-01-25 19:30:00+00:00,1,1,0,No Signal
2022-01-25 20:30:00+00:00,1,0,1,No Signal
2022-01-26 14:30:00+00:00,1,3,-2,No Signal
2022-01-26 15:30:00+00:00,0,10,-10,No Signal
2022-01-26 16:30:00+00:00,0,26,-26,Long
2022-01-26 17:30:00+00:00,1,13,-12,No Signal
2022-01-26 18:30:00+00:00,1,10,-9,No Signal
2022-01-26 19:30:00+00:00,10,0,10,No Signal
2022-01-26 20:30:00+00:00,32,0,32,Short
2022-01-27 14:30:00+00:00,10,3,7,No Signal
2022-01-27 15:30:00+00:00,7,4,3,No Signal
2022-01-27 16:30:00+00:00,9,2,7,No Signal
2022-01-27 17:30:00+00:00,16,2,14,No Signal
2022-01-27 18:30:00+00:00,22,1,21,No Signal
2022-01-27 19:30:00+00:00,19,1,18,No Signal
2022-01-27 20:30:00+00:00,17,1,16,No Signal
2022-01-28 14:30:00+00:00,47,1,46,No Signal
2022-01-28 15:30:00+00:00,23,1,22,No Signal
2022-01-28 16:30:00+00:00,22,2,20,No Signal
2022-01-28 17:30:00+00:00,25,1,24,No Signal
2022-01-28 18:30:00+00:00,32,1,31,No Signal
2022-01-28 19:30:00+00:00,4,7,-3,No Signal
2022-01-28 20:30:00+00:00,3,9,-6,No Signal
2022-01-31 14:30:00+00:00,0,10,-10,No Signal
2022-01-31 15:30:00+00:00,1,17,-16,No Signal
2022-01-31 16:30:00+00:00,0,37,-37,Long
2022-01-31 17:30:00+00:00,0,64,-64,No Signal
2022-01-31 18:30:00+00:00,0,67,-67,No Signal
2022-01-31 19:30:00+00:00,1,67,-66,No Signal
2022-01-31 20:30:00+00:00,0,73,-73,No Signal
2022-02-01 14:30:00+00:00,0,71,-71,No Signal
2022-02-01 15:30:00+00:00,0,63,-63,No Signal
2022-02-01 16:30:00+00:00,0,62,-62,No Signal
2022-02-01 17:30:00+00:00,0,61,-61,No Signal
2022-02-01 18:30:00+00:00,0,72,-72,No Signal
2022-02-01 19:30:00+00:00,0,66,-66,No Signal
2022-02-01 20:30:00+00:00,1,61,-60,No Signal
2022-02-02 14:30:00+00:00,2,34,-32,No Signal
2022-02-02 15:30:00+00:00,2,29,-27,No Signal
2022-02-02 16:30:00+00:00,2,24,-22,No Signal
2022-02-02 17:30:00+00:00,2,24,-22,No Signal
2022-02-02 18:30:00+00:00,2,24,-22,No Signal
2022-02-02 19:30:00+00:00,1,29,-28,No Signal
2022-02-02 20:30:00+00:00,3,20,-17,No Signal
2022-02-03 14:30:00+00:00,8,31,-23,No Signal
2022-02-03 15:30:00+00:00,18,19,-1,No Signal
2022-02-03 16:30:00+00:00,20,17,3,No Signal
2022-02-03 17:30:00+00:00,20,18,2,No Signal
2022-02-03 18:30:00+00:00,19,15,4,No Signal
2022-02-03 19:30:00+00:00,29,11,18,No Signal
2022-02-03 20:30:00+00:00,39,9,30,Short
2022-02-04 14:30:00+00:00,27,3,24,No Signal
2022-02-04 15:30:00+00:00,34,2,32,No Signal
2022-02-04 16:30:00+00:00,30,1,29,No Signal
2022-02-04 17:30:00+00:00,24,2,22,No Signal
2022-02-04 18:30:00+00:00,20,2,18,No Signal
2022-02-04 19:30:00+00:00,21,2,19,No Signal
2022-02-04 20:30:00+00:00,31,1,30,No Signal
2022-02-07 14:30:00+00:00,12,5,7,No Signal
2022-02-07 15:30:00+00:00,13,6,7,No Signal
2022-02-07 16:30:00+00:00,17,4,13,No Signal
2022-02-07 17:30:00+00:00,13,6,7,No Signal
2022-02-07 18:30:00+00:00,9,9,0,No Signal
2022-02-07 19:30:00+00:00,9,5,4,No Signal
2022-02-07 20:30:00+00:00,7,9,-2,No Signal
2022-02-08 14:30:00+00:00,3,5,-2,No Signal
2022-02-08 15:30:00+00:00,1,20,-19,No Signal
2022-02-08 16:30:00+00:00,2,19,-17,No Signal
2022-02-08 17:30:00+00:00,3,12,-9,No Signal
2022-02-08 18:30:00+00:00,5,8,-3,No Signal
2022-02-08 19:30:00+00:00,7,8,-1,No Signal
2022-02-08 20:30:00+00:00,4,14,-10,No Signal
2022-02-09 14:30:00+00:00,0,22,-22,Long
2022-02-09 15:30:00+00:00,1,27,-26,No Signal
2022-02-09 16:30:00+00:00,0,42,-42,No Signal
2022-02-09 17:30:00+00:00,0,37,-37,No Signal
2022-02-09 18:30:00+00:00,1,38,-37,No Signal
2022-02-09 19:30:00+00:00,1,46,-45,No Signal
2022-02-09 20:30:00+00:00,1,53,-52,No Signal
2022-02-10 14:30:00+00:00,5,52,-47,No Signal
2022-02-10 15:30:00+00:00,9,39,-30,No Signal
2022-02-10 16:30:00+00:00,7,42,-35,No Signal
2022-02-10 17:30:00+00:00,8,23,-15,No Signal
2022-02-10 18:30:00+00:00,8,29,-21,No Signal
2022-02-10 19:30:00+00:00,10,12,-2,No Signal
2022-02-10 20:30:00+00:00,10,8,2,No Signal
2022-02-11 14:30:00+00:00,23,6,17,No Signal
2022-02-11 15:30:00+00:00,44,4,40,Short
2022-02-11 16:30:00+00:00,43,4,39,No Signal
2022-02-11 17:30:00+00:00,54,3,51,No Signal
2022-02-11 18:30:00+00:00,68,1,67,No Signal
2022-02-11 19:30:00+00:00,65,1,64,No Signal
2022-02-11 20:30:00+00:00,68,1,67,No Signal
2022-02-14 14:30:00+00:00,68,0,68,No Signal
2022-02-14 15:30:00+00:00,63,1,62,No Signal
2022-02-14 16:30:00+00:00,67,0,67,No Signal
2022-02-14 17:30:00+00:00,56,0,56,No Signal
2022-02-14 18:30:00+00:00,58,0,58,No Signal
2022-02-14 19:30:00+00:00,52,0,52,No Signal
2022-02-14 20:30:00+00:00,48,0,48,No Signal
2022-02-15 14:30:00+00:00,15,0,15,No Signal
2022-02-15 15:30:00+00:00,6,0,6,No Signal
2022-02-15 16:30:00+00:00,10,0,10,No Signal
2022-02-15 17:30:00+00:00,6,0,6,No Signal
2022-02-15 18:30:00+00:00,3,22,-19,No Signal
2022-02-15 19:30:00+00:00,3,28,-25,Long
2022-02-15 20:30:00+00:00,1,35,-34,No Signal
2022-02-16 14:30:00+00:00,1,12,-11,No Signal
2022-02-16 15:30:00+00:00,2,11,-9,No Signal
2022-02-16 16:30:00+00:00,2,12,-10,No Signal
2022-02-16 17:30:00+00:00,2,15,-13,No Signal
2022-02-16 18:30:00+00:00,2,31,-29,No Signal
2022-02-16 19:30:00+00:00,2,38,-36,No Signal
2022-02-16 20:30:00+00:00,2,32,-30,No Signal
2022-02-17 14:30:00+00:00,13,5,8,No Signal
2022-02-17 15:30:00+00:00,10,5,5,No Signal
2022-02-17 16:30:00+00:00,11,1,10,No Signal
2022-02-17 17:30:00+00:00,16,2,14,No Signal
2022-02-17 18:30:00+00:00,17,2,15,No Signal
2022-02-17 19:30:00+00:00,28,0,28,Short
2022-02-17 20:30:00+00:00,38,0,38,No Signal
2022-02-18 14:30:00+00:00,27,1,26,No Signal
2022-02-18 15:30:00+00:00,40,2,38,No Signal
2022-02-18 16:30:00+00:00,41,1,40,No Signal
2022-02-18 17:30:00+00:00,49,1,48,No Signal
2022-02-18 18:30:00+00:00,43,1,42,No Signal
2022-02-18 19:30:00+00:00,61,1,60,No Signal
2022-02-18 20:30:00+00:00,55,1,54,No Signal
2022-02-22 14:30:00+00:00,18,1,17,No Signal
2022-02-22 15:30:00+00:00,37,2,35,No Signal
2022-02-22 16:30:00+00:00,32,0,32,No Signal
2022-02-22 17:30:00+00:00,36,0,36,No Signal
2022-02-22 18:30:00+00:00,34,0,34,No Signal
2022-02-22 19:30:00+00:00,12,0,12,No Signal
2022-02-22 20:30:00+00:00,15,0,15,No Signal
2022-02-23 14:30:00+00:00,15,0,15,No Signal
2022-02-23 15:30:00+00:00,13,0,13,No Signal
2022-02-23 16:30:00+00:00,6,1,5,No Signal
2022-02-23 17:30:00+00:00,9,0,9,No Signal
2022-02-23 18:30:00+00:00,21,1,20,No Signal
2022-02-23 19:30:00+00:00,19,0,19,No Signal
2022-02-23 20:30:00+00:00,26,0,26,No Signal
2022-02-24 14:30:00+00:00,61,0,61,No Signal
2022-02-24 15:30:00+00:00,31,1,30,No Signal
2022-02-24 16:30:00+00:00,30,1,29,No Signal
2022-02-24 17:30:00+00:00,23,4,19,No Signal
2022-02-24 18:30:00+00:00,15,2,13,No Signal
2022-02-24 19:30:00+00:00,15,1,14,No Signal
2022-02-24 20:30:00+00:00,6,7,-1,No Signal
2022-02-25 14:30:00+00:00,3,8,-5,No Signal
2022-02-25 15:30:00+00:00,3,16,-13,No Signal
2022-02-25 16:30:00+00:00,1,14,-13,No Signal
2022-02-25 17:30:00+00:00,3,28,-25,Long
2022-02-25 18:30:00+00:00,1,44,-43,No Signal
2022-02-25 19:30:00+00:00,1,47,-46,No Signal
2022-02-25 20:30:00+00:00,0,62,-62,No Signal
2022-02-28 14:30:00+00:00,0,60,-60,No Signal
2022-02-28 15:30:00+00:00,0,65,-65,No Signal
2022-02-28 16:30:00+00:00,0,51,-51,No Signal
2022-02-28 17:30:00+00:00,0,44,-44,No Signal
2022-02-28 18:30:00+00:00,0,23,-23,No Signal
2022-02-28 19:30:00+00:00,0,21,-21,No Signal
2022-02-28 20:30:00+00:00,0,20,-20,No Signal
2022-03-01 14:30:00+00:00,1,19,-18,No Signal
2022-03-01 15:30:00+00:00,1,13,-12,No Signal
2022-03-01 16:30:00+00:00,8,8,0,No Signal
2022-03-01 17:30:00+00:00,9,9,0,No Signal
2022-03-01 18:30:00+00:00,6,9,-3,No Signal
2022-03-01 19:30:00+00:00,7,4,3,No Signal
2022-03-01 20:30:00+00:00,11,3,8,No Signal
2022-03-02 14:30:00+00:00,3,6,-3,No Signal
2022-03-02 15:30:00+00:00,7,2,5,No Signal
2022-03-02 16:30:00+00:00,6,6,0,No Signal
2022-03-02 17:30:00+00:00,4,7,-3,No Signal
2022-03-02 18:30:00+00:00,2,16,-14,No Signal
2022-03-02 19:30:00+00:00,5,12,-7,No Signal
2022-03-02 20:30:00+00:00,6,8,-2,No Signal
2022-03-03 14:30:00+00:00,18,11,7,No Signal
2022-03-03 15:30:00+00:00,9,10,-1,No Signal
2022-03-03 16:30:00+00:00,13,13,0,No Signal
2022-03-03 17:30:00+00:00,6,24,-18,No Signal
2022-03-03 18:30:00+00:00,9,19,-10,No Signal
2022-03-03 19:30:00+00:00,10,17,-7,No Signal
2022-03-03 20:30:00+00:00,9,14,-5,No Signal
2022-03-04 14:30:00+00:00,23,3,20,Short
2022-03-04 15:30:00+00:00,45,4,41,No Signal
2022-03-04 16:30:00+00:00,40,6,34,No Signal
2022-03-04 17:30:00+00:00,46,7,39,No Signal
2022-03-04 18:30:00+00:00,47,5,42,No Signal
2022-03-04 19:30:00+00:00,50,5,45,No Signal
2022-03-04 20:30:00+00:00,47,5,42,No Signal
2022-03-07 14:30:00+00:00,53,6,47,No Signal
2022-03-07 15:30:00+00:00,48,5,43,No Signal
2022-03-07 16:30:00+00:00,48,6,42,No Signal
2022-03-07 17:30:00+00:00,61,5,56,No Signal
2022-03-07 18:30:00+00:00,63,2,61,No Signal
2022-03-07 19:30:00+00:00,59,4,55,No Signal
2022-03-07 20:30:00+00:00,63,3,60,No Signal
2022-03-08 14:30:00+00:00,61,3,58,No Signal
2022-03-08 15:30:00+00:00,54,2,52,No Signal
2022-03-08 16:30:00+00:00,26,2,24,No Signal
2022-03-08 17:30:00+00:00,28,2,26,No Signal
2022-03-08 18:30:00+00:00,26,2,24,No Signal
2022-03-08 19:30:00+00:00,28,1,27,No Signal
2022-03-08 20:30:00+00:00,39,1,38,No Signal
2022-03-09 14:30:00+00:00,8,6,2,No Signal
2022-03-09 15:30:00+00:00,8,2,6,No Signal
2022-03-09 16:30:00+00:00,5,6,-1,No Signal
2022-03-09 17:30:00+00:00,4,14,-10,No Signal
2022-03-09 18:30:00+00:00,4,9,-5,No Signal
2022-03-09 19:30:00+00:00,0,21,-21,Long
2022-03-09 20:30:00+00:00,2,30,-28,No Signal
2022-03-10 14:30:00+00:00,4,15,-11,No Signal
2022-03-10 15:30:00+00:00,4,10,-6,No Signal
2022-03-10 16:30:00+00:00,8,4,4,No Signal
2022-03-10 17:30:00+00:00,6,2,4,No Signal
2022-03-10 18:30:00+00:00,2,10,-8,No Signal
2022-03-10 19:30:00+00:00,2,10,-8,No Signal
2022-03-10 20:30:00+00:00,1,16,-15,No Signal
2022-03-11 14:30:00+00:00,11,7,4,No Signal
2022-03-11 15:30:00+00:00,9,7,2,No Signal
2022-03-11 16:30:00+00:00,27,4,23,Short
2022-03-11 17:30:00+00:00,28,4,24,No Signal
2022-03-11 18:30:00+00:00,24,5,19,No Signal
2022-03-11 19:30:00+00:00,39,5,34,No Signal
2022-03-11 20:30:00+00:00,41,0,41,No Signal
2022-03-14 13:30:00+00:00,18,5,13,No Signal
2022-03-14 14:30:00+00:00,19,8,11,No Signal
2022-03-14 15:30:00+00:00,36,4,32,No Signal
2022-03-14 16:30:00+00:00,41,1,40,No Signal
2022-03-14 17:30:00+00:00,56,0,56,No Signal
2022-03-14 18:30:00+00:00,47,0,47,No Signal
2022-03-14 19:30:00+00:00,49,0,49,No Signal
2022-03-15 13:30:00+00:00,26,1,25,No Signal
2022-03-15 14:30:00+00:00,17,2,15,No Signal
2022-03-15 15:30:00+00:00,13,3,10,No Signal
2022-03-15 16:30:00+00:00,17,1,16,No Signal
2022-03-15 17:30:00+00:00,16,0,16,No Signal
2022-03-15 18:30:00+00:00,5,5,0,No Signal
2022-03-15 19:30:00+00:00,3,9,-6,No Signal
2022-03-16 13:30:00+00:00,0,30,-30,Long
2022-03-16 14:30:00+00:00,0,37,-37,No Signal
2022-03-16 15:30:00+00:00,3,45,-42,No Signal
2022-03-16 16:30:00+00:00,0,49,-49,No Signal
2022-03-16 17:30:00+00:00,1,21,-20,No Signal
2022-03-16 18:30:00+00:00,0,50,-50,No Signal
2022-03-16 19:30:00+00:00,0,63,-63,No Signal
2022-03-17 13:30:00+00:00,1,45,-44,No Signal
2022-03-17 14:30:00+00:00,0,35,-35,No Signal
2022-03-17 15:30:00+00:00,0,37,-37,No Signal
2022-03-17 16:30:00+00:00,0,59,-59,No Signal
2022-03-17 17:30:00+00:00,0,56,-56,No Signal
2022-03-17 18:30:00+00:00,0,40,-40,No Signal
2022-03-17 19:30:00+00:00,0,48,-48,No Signal
2022-03-18 13:30:00+00:00,0,28,-28,No Signal
2022-03-18 14:30:00+00:00,0,31,-31,No Signal
2022-03-18 15:30:00+00:00,0,39,-39,No Signal
2022-03-18 16:30:00+00:00,0,54,-54,No Signal
2022-03-18 17:30:00+00:00,0,69,-69,No Signal
2022-03-18 18:30:00+00:00,0,60,-60,No Signal
2022-03-18 19:30:00+00:00,0,57,-57,No Signal
2022-03-21 13:30:00+00:00,1,15,-14,No Signal
2022-03-21 14:30:00+00:00,0,28,-28,No Signal
2022-03-21 15:30:00+00:00,1,21,-20,No Signal
2022-03-21 16:30:00+00:00,2,3,-1,No Signal
2022-03-21 17:30:00+00:00,1,5,-4,No Signal
2022-03-21 18:30:00+00:00,0,4,-4,No Signal
2022-03-21 19:30:00+00:00,0,5,-5,No Signal
2022-03-22 13:30:00+00:00,0,9,-9,No Signal
2022-03-22 14:30:00+00:00,0,11,-11,No Signal
2022-03-22 15:30:00+00:00,0,8,-8,No Signal
2022-03-22 16:30:00+00:00,0,8,-8,No Signal
2022-03-22 17:30:00+00:00,0,3,-3,No Signal
2022-03-22 18:30:00+00:00,0,2,-2,No Signal
2022-03-22 19:30:00+00:00,0,1,-1,No Signal
2022-03-23 13:30:00+00:00,1,11,-10,No Signal
2022-03-23 14:30:00+00:00,0,10,-10,No Signal
2022-03-23 15:30:00+00:00,1,11,-10,No Signal
2022-03-23 16:30:00+00:00,1,15,-14,No Signal
2022-03-23 17:30:00+00:00,4,12,-8,No Signal
2022-03-23 18:30:00+00:00,3,11,-8,No Signal
2022-03-23 19:30:00+00:00,11,5,6,No Signal
2022-03-24 13:30:00+00:00,23,4,19,No Signal
2022-03-24 14:30:00+00:00,15,5,10,No Signal
2022-03-24 15:30:00+00:00,12,4,8,No Signal
2022-03-24 16:30:00+00:00,12,5,7,No Signal
2022-03-24 17:30:00+00:00,11,5,6,No Signal
2022-03-24 18:30:00+00:00,7,8,-1,No Signal
2022-03-24 19:30:00+00:00,5,8,-3,No Signal
2022-03-25 13:30:00+00:00,4,14,-10,No Signal
2022-03-25 14:30:00+00:00,16,3,13,No Signal
2022-03-25 15:30:00+00:00,8,8,0,No Signal
2022-03-25 16:30:00+00:00,3,14,-11,No Signal
2022-03-25 17:30:00+00:00,3,18,-15,No Signal
2022-03-25 18:30:00+00:00,6,11,-5,No Signal
2022-03-25 19:30:00+00:00,2,24,-22,No Signal
2022-03-28 14:30:00+01:00,1,14,-13,No Signal
2022-03-28 15:30:00+01:00,1,9,-8,No Signal
2022-03-28 16:30:00+01:00,2,8,-6,No Signal
2022-03-28 17:30:00+01:00,1,9,-8,No Signal
2022-03-28 18:30:00+01:00,2,10,-8,No Signal
2022-03-28 19:30:00+01:00,2,10,-8,No Signal
2022-03-28 20:30:00+01:00,2,10,-8,No Signal
2022-03-29 14:30:00+01:00,0,21,-21,No Signal
2022-03-29 15:30:00+01:00,0,61,-61,No Signal
2022-03-29 16:30:00+01:00,1,52,-51,No Signal
2022-03-29 17:30:00+01:00,1,49,-48,No Signal
2022-03-29 18:30:00+01:00,0,48,-48,No Signal
2022-03-29 19:30:00+01:00,0,63,-63,No Signal
2022-03-29 20:30:00+01:00,0,55,-55,No Signal
2022-03-30 14:30:00+01:00,0,48,-48,No Signal
2022-03-30 15:30:00+01:00,0,34,-34,No Signal
2022-03-30 16:30:00+01:00,1,53,-52,No Signal
2022-03-30 17:30:00+01:00,1,41,-40,No Signal
2022-03-30 18:30:00+01:00,0,27,-27,No Signal
2022-03-30 19:30:00+01:00,0,14,-14,No Signal
2022-03-30 20:30:00+01:00,2,14,-12,No Signal
2022-03-31 14:30:00+01:00,15,13,2,No Signal
2022-03-31 15:30:00+01:00,16,17,-1,No Signal
2022-03-31 16:30:00+01:00,16,14,2,No Signal
2022-03-31 17:30:00+01:00,12,16,-4,No Signal
2022-03-31 18:30:00+01:00,30,12,18,No Signal
2022-03-31 19:30:00+01:00,34,6,28,Short
2022-03-31 20:30:00+01:00,45,1,44,No Signal
2022-04-01 14:30:00+01:00,33,0,33,No Signal
2022-04-01 15:30:00+01:00,27,1,26,No Signal
2022-04-01 16:30:00+01:00,37,1,36,No Signal
2022-04-01 17:30:00+01:00,38,1,37,No Signal
2022-04-01 18:30:00+01:00,25,1,24,No Signal
2022-04-01 19:30:00+01:00,22,4,18,No Signal
2022-04-01 20:30:00+01:00,14,3,11,No Signal
2022-04-04 14:30:00+01:00,7,11,-4,No Signal
2022-04-04 15:30:00+01:00,9,10,-1,No Signal
2022-04-04 16:30:00+01:00,7,16,-9,No Signal
2022-04-04 17:30:00+01:00,9,16,-7,No Signal
2022-04-04 18:30:00+01:00,9,15,-6,No Signal
2022-04-04 19:30:00+01:00,4,17,-13,No Signal
2022-04-04 20:30:00+01:00,3,33,-30,Long
2022-04-05 14:30:00+01:00,9,14,-5,No Signal
2022-04-05 15:30:00+01:00,10,17,-7,No Signal
2022-04-05 16:30:00+01:00,8,13,-5,No Signal
2022-04-05 17:30:00+01:00,4,14,-10,No Signal
2022-04-05 18:30:00+01:00,6,9,-3,No Signal
2022-04-05 19:30:00+01:00,8,5,3,No Signal
2022-04-05 20:30:00+01:00,8,2,6,No Signal
2022-04-06 14:30:00+01:00,56,5,51,Short
2022-04-06 15:30:00+01:00,57,4,53,No Signal
2022-04-06 16:30:00+01:00,61,8,53,No Signal
2022-04-06 17:30:00+01:00,49,11,38,No Signal
2022-04-06 18:30:00+01:00,54,6,48,No Signal
2022-04-06 19:30:00+01:00,53,6,47,No Signal
2022-04-06 20:30:00+01:00,50,8,42,No Signal
2022-04-07 14:30:00+01:00,36,4,32,No Signal
2022-04-07 15:30:00+01:00,42,4,38,No Signal
2022-04-07 16:30:00+01:00,38,4,34,No Signal
2022-04-07 17:30:00+01:00,33,6,27,No Signal
2022-04-07 18:30:00+01:00,28,8,20,No Signal
2022-04-07 19:30:00+01:00,13,7,6,No Signal
2022-04-07 20:30:00+01:00,17,10,7,No Signal
2022-04-08 14:30:00+01:00,1,12,-11,No Signal
2022-04-08 15:30:00+01:00,1,13,-12,No Signal
2022-04-08 16:30:00+01:00,3,15,-12,No Signal
2022-04-08 17:30:00+01:00,3,10,-7,No Signal
2022-04-08 18:30:00+01:00,3,13,-10,No Signal
2022-04-08 19:30:00+01:00,5,10,-5,No Signal
2022-04-08 20:30:00+01:00,9,8,1,No Signal
2022-04-11 14:30:00+01:00,34,7,27,No Signal
2022-04-11 15:30:00+01:00,18,9,9,No Signal
2022-04-11 16:30:00+01:00,16,8,8,No Signal
2022-04-11 17:30:00+01:00,20,3,17,No Signal
2022-04-11 18:30:00+01:00,29,1,28,No Signal
2022-04-11 19:30:00+01:00,45,1,44,No Signal
2022-04-11 20:30:00+01:00,50,2,48,No Signal
2022-04-12 14:30:00+01:00,11,3,8,No Signal
2022-04-12 15:30:00+01:00,16,1,15,No Signal
2022-04-12 16:30:00+01:00,24,1,23,No Signal
2022-04-12 17:30:00+01:00,22,2,20,No Signal
2022-04-12 18:30:00+01:00,26,2,24,No Signal
2022-04-12 19:30:00+01:00,35,1,34,No Signal
2022-04-12 20:30:00+01:00,26,1,25,No Signal
2022-04-13 14:30:00+01:00,5,3,2,No Signal
2022-04-13 15:30:00+01:00,4,8,-4,No Signal
2022-04-13 16:30:00+01:00,6,6,0,No Signal
2022-04-13 17:30:00+01:00,5,6,-1,No Signal
2022-04-13 18:30:00+01:00,3,8,-5,No Signal
2022-04-13 19:30:00+01:00,1,9,-8,No Signal
2022-04-13 20:30:00+01:00,0,11,-11,No Signal
2022-04-14 14:30:00+01:00,5,6,-1,No Signal
2022-04-14 15:30:00+01:00,5,4,1,No Signal
2022-04-14 16:30:00+01:00,4,7,-3,No Signal
2022-04-14 17:30:00+01:00,4,9,-5,No Signal
2022-04-14 18:30:00+01:00,1,17,-16,No Signal
2022-04-14 19:30:00+01:00,2,15,-13,No Signal
2022-04-14 20:30:00+01:00,3,11,-8,No Signal
2022-04-18 14:30:00+01:00,16,3,13,No Signal
2022-04-18 15:30:00+01:00,35,2,33,No Signal
2022-04-18 16:30:00+01:00,46,1,45,No Signal
2022-04-18 17:30:00+01:00,39,1,38,No Signal
2022-04-18 18:30:00+01:00,26,3,23,No Signal
2022-04-18 19:30:00+01:00,43,1,42,No Signal
2022-04-18 20:30:00+01:00,34,1,33,No Signal
2022-04-19 14:30:00+01:00,6,2,4,No Signal
2022-04-19 15:30:00+01:00,4,4,0,No Signal
2022-04-19 16:30:00+01:00,4,8,-4,No Signal
2022-04-19 17:30:00+01:00,5,7,-2,No Signal
2022-04-19 18:30:00+01:00,5,4,1,No Signal
2022-04-19 19:30:00+01:00,3,18,-15,No Signal
2022-04-19 20:30:00+01:00,2,27,-25,Long
2022-04-20 14:30:00+01:00,1,33,-32,No Signal
2022-04-20 15:30:00+01:00,1,35,-34,No Signal
2022-04-20 16:30:00+01:00,1,45,-44,No Signal
2022-04-20 17:30:00+01:00,1,45,-44,No Signal
2022-04-20 18:30:00+01:00,5,34,-29,No Signal
2022-04-20 19:30:00+01:00,4,40,-36,No Signal
2022-04-20 20:30:00+01:00,6,34,-28,No Signal
2022-04-21 14:30:00+01:00,11,31,-20,No Signal
2022-04-21 15:30:00+01:00,20,17,3,No Signal
2022-04-21 16:30:00+01:00,26,12,14,No Signal
2022-04-21 17:30:00+01:00,26,15,11,No Signal
2022-04-21 18:30:00+01:00,32,11,21,Short
2022-04-21 19:30:00+01:00,38,4,34,No Signal
2022-04-21 20:30:00+01:00,40,2,38,No Signal
2022-04-22 14:30:00+01:00,61,1,60,No Signal
2022-04-22 15:30:00+01:00,51,1,50,No Signal
2022-04-22 16:30:00+01:00,58,0,58,No Signal
2022-04-22 17:30:00+01:00,65,2,63,No Signal
2022-04-22 18:30:00+01:00,71,0,71,No Signal
2022-04-22 19:30:00+01:00,73,2,71,No Signal
2022-04-22 20:30:00+01:00,75,1,74,No Signal
2022-04-25 14:30:00+01:00,72,1,71,No Signal
2022-04-25 15:30:00+01:00,71,1,70,No Signal
2022-04-25 16:30:00+01:00,54,2,52,No Signal
2022-04-25 17:30:00+01:00,53,0,53,No Signal
2022-04-25 18:30:00+01:00,32,3,29,No Signal
2022-04-25 19:30:00+01:00,22,0,22,No Signal
2022-04-25 20:30:00+01:00,11,3,8,No Signal
2022-04-26 14:30:00+01:00,16,0,16,No Signal
2022-04-26 15:30:00+01:00,26,1,25,No Signal
2022-04-26 16:30:00+01:00,12,2,10,No Signal
2022-04-26 17:30:00+01:00,19,4,15,No Signal
2022-04-26 18:30:00+01:00,10,1,9,No Signal
2022-04-26 19:30:00+01:00,15,0,15,No Signal
2022-04-26 20:30:00+01:00,14,0,14,No Signal
2022-04-27 14:30:00+01:00,28,4,24,No Signal
2022-04-27 15:30:00+01:00,10,6,4,No Signal
2022-04-27 16:30:00+01:00,5,4,1,No Signal
2022-04-27 17:30:00+01:00,8,4,4,No Signal
2022-04-27 18:30:00+01:00,15,2,13,No Signal
2022-04-27 19:30:00+01:00,21,3,18,No Signal
2022-04-27 20:30:00+01:00,46,1,45,No Signal
2022-04-28 14:30:00+01:00,21,2,19,No Signal
2022-04-28 15:30:00+01:00,14,4,10,No Signal
2022-04-28 16:30:00+01:00,7,5,2,No Signal
2022-04-28 17:30:00+01:00,4,14,-10,No Signal
2022-04-28 18:30:00+01:00,4,16,-12,No Signal
2022-04-28 19:30:00+01:00,2,35,-33,Long
2022-04-28 20:30:00+01:00,2,43,-41,No Signal
2022-04-29 14:30:00+01:00,4,29,-25,No Signal
2022-04-29 15:30:00+01:00,6,21,-15,No Signal
2022-04-29 16:30:00+01:00,8,10,-2,No Signal
2022-04-29 17:30:00+01:00,8,10,-2,No Signal
2022-04-29 18:30:00+01:00,10,7,3,No Signal
2022-04-29 19:30:00+01:00,10,6,4,No Signal
2022-04-29 20:30:00+01:00,11,5,6,No Signal
2022-05-02 14:30:00+01:00,3,6,-3,No Signal
2022-05-02 15:30:00+01:00,13,3,10,No Signal
2022-05-02 16:30:00+01:00,22,4,18,No Signal
2022-05-02 17:30:00+01:00,42,2,40,Short
2022-05-02 18:30:00+01:00,60,2,58,No Signal
2022-05-02 19:30:00+01:00,28,2,26,No Signal
2022-05-02 20:30:00+01:00,22,2,20,No Signal
2022-05-03 14:30:00+01:00,9,0,9,No Signal
2022-05-03 15:30:00+01:00,8,0,8,No Signal
2022-05-03 16:30:00+01:00,9,1,8,No Signal
2022-05-03 17:30:00+01:00,8,0,8,No Signal
2022-05-03 18:30:00+01:00,9,1,8,No Signal
2022-05-03 19:30:00+01:00,3,2,1,No Signal
2022-05-03 20:30:00+01:00,0,6,-6,No Signal
2022-05-04 14:30:00+01:00,9,3,6,No Signal
2022-05-04 15:30:00+01:00,8,5,3,No Signal
2022-05-04 16:30:00+01:00,3,5,-2,No Signal
2022-05-04 17:30:00+01:00,1,16,-15,No Signal
2022-05-04 18:30:00+01:00,1,28,-27,Long
2022-05-04 19:30:00+01:00,0,36,-36,No Signal
2022-05-04 20:30:00+01:00,0,35,-35,No Signal
2022-05-05 14:30:00+01:00,3,6,-3,No Signal
2022-05-05 15:30:00+01:00,3,1,2,No Signal
2022-05-05 16:30:00+01:00,3,2,1,No Signal
2022-05-05 17:30:00+01:00,3,1,2,No Signal
2022-05-05 18:30:00+01:00,3,1,2,No Signal
2022-05-05 19:30:00+01:00,6,2,4,No Signal
2022-05-05 20:30:00+01:00,3,1,2,No Signal
2022-05-06 14:30:00+01:00,2,2,0,No Signal
2022-05-06 15:30:00+01:00,3,2,1,No Signal
2022-05-06 16:30:00+01:00,4,2,2,No Signal
2022-05-06 17:30:00+01:00,11,3,8,No Signal
2022-05-06 18:30:00+01:00,16,0,16,No Signal
2022-05-06 19:30:00+01:00,71,2,69,Short
2022-05-06 20:30:00+01:00,64,0,64,No Signal
2022-05-09 14:30:00+01:00,55,0,55,No Signal
2022-05-09 15:30:00+01:00,52,1,51,No Signal
2022-05-09 16:30:00+01:00,37,1,36,No Signal
2022-05-09 17:30:00+01:00,45,1,44,No Signal
2022-05-09 18:30:00+01:00,40,2,38,No Signal
2022-05-09 19:30:00+01:00,37,5,32,No Signal
2022-05-09 20:30:00+01:00,62,0,62,No Signal
2022-05-10 14:30:00+01:00,15,5,10,No Signal
2022-05-10 15:30:00+01:00,52,1,51,No Signal
2022-05-10 16:30:00+01:00,45,1,44,No Signal
2022-05-10 17:30:00+01:00,24,2,22,No Signal
2022-05-10 18:30:00+01:00,7,0,7,No Signal
2022-05-10 19:30:00+01:00,7,0,7,No Signal
2022-05-10 20:30:00+01:00,16,0,16,No Signal
2022-05-11 14:30:00+01:00,1,4,-3,No Signal
2022-05-11 15:30:00+01:00,2,5,-3,No Signal
2022-05-11 16:30:00+01:00,9,1,8,No Signal
2022-05-11 17:30:00+01:00,12,1,11,No Signal
2022-05-11 18:30:00+01:00,9,1,8,No Signal
2022-05-11 19:30:00+01:00,11,1,10,No Signal
2022-05-11 20:30:00+01:00,11,2,9,No Signal
2022-05-12 14:30:00+01:00,18,1,17,No Signal
2022-05-12 15:30:00+01:00,6,2,4,No Signal
2022-05-12 16:30:00+01:00,10,3,7,No Signal
2022-05-12 17:30:00+01:00,22,2,20,No Signal
2022-05-12 18:30:00+01:00,45,1,44,No Signal
2022-05-12 19:30:00+01:00,37,1,36,No Signal
2022-05-12 20:30:00+01:00,21,3,18,No Signal
2022-05-13 14:30:00+01:00,0,3,-3,No Signal
2022-05-13 15:30:00+01:00,0,5,-5,No Signal
2022-05-13 16:30:00+01:00,0,13,-13,No Signal
2022-05-13 17:30:00+01:00,0,21,-21,Long
2022-05-13 18:30:00+01:00,0,15,-15,No Signal
2022-05-13 19:30:00+01:00,0,37,-37,No Signal
2022-05-13 20:30:00+01:00,0,41,-41,No Signal
2022-05-16 14:30:00+01:00,0,33,-33,No Signal
2022-05-16 15:30:00+01:00,0,10,-10,No Signal
2022-05-16 16:30:00+01:00,0,19,-19,No Signal
2022-05-16 17:30:00+01:00,0,27,-27,No Signal
2022-05-16 18:30:00+01:00,1,52,-51,No Signal
2022-05-16 19:30:00+01:00,0,25,-25,No Signal
2022-05-16 20:30:00+01:00,0,12,-12,No Signal
2022-05-17 14:30:00+01:00,6,6,0,No Signal
2022-05-17 15:30:00+01:00,3,5,-2,No Signal
2022-05-17 16:30:00+01:00,5,7,-2,No Signal
2022-05-17 17:30:00+01:00,4,9,-5,No Signal
2022-05-17 18:30:00+01:00,5,8,-3,No Signal
2022-05-17 19:30:00+01:00,9,5,4,No Signal
2022-05-17 20:30:00+01:00,7,7,0,No Signal
2022-05-18 14:30:00+01:00,14,3,11,No Signal
2022-05-18 15:30:00+01:00,10,5,5,No Signal
2022-05-18 16:30:00+01:00,12,4,8,No Signal
2022-05-18 17:30:00+01:00,18,4,14,No Signal
2022-05-18 18:30:00+01:00,28,1,27,Short
2022-05-18 19:30:00+01:00,24,0,24,No Signal
2022-05-18 20:30:00+01:00,21,0,21,No Signal
2022-05-19 14:30:00+01:00,32,2,30,No Signal
2022-05-19 15:30:00+01:00,30,2,28,No Signal
2022-05-19 16:30:00+01:00,27,3,24,No Signal
2022-05-19 17:30:00+01:00,35,3,32,No Signal
2022-05-19 18:30:00+01:00,22,2,20,No Signal
2022-05-19 19:30:00+01:00,44,0,44,No Signal
2022-05-19 20:30:00+01:00,45,0,45,No Signal
2022-05-20 14:30:00+01:00,23,3,20,No Signal
2022-05-20 15:30:00+01:00,25,2,23,No Signal
2022-05-20 16:30:00+01:00,24,1,23,No Signal
2022-05-20 17:30:00+01:00,29,1,28,No Signal
2022-05-20 18:30:00+01:00,20,1,19,No Signal
2022-05-20 19:30:00+01:00,5,3,2,No Signal
2022-05-20 20:30:00+01:00,1,4,-3,No Signal
2022-05-23 14:30:00+01:00,0,11,-11,No Signal
2022-05-23 15:30:00+01:00,1,13,-12,No Signal
2022-05-23 16:30:00+01:00,0,10,-10,No Signal
2022-05-23 17:30:00+01:00,0,8,-8,No Signal
2022-05-23 18:30:00+01:00,0,6,-6,No Signal
2022-05-23 19:30:00+01:00,0,6,-6,No Signal
2022-05-23 20:30:00+01:00,0,8,-8,No Signal
2022-05-24 14:30:00+01:00,10,4,6,No Signal
2022-05-24 15:30:00+01:00,2,5,-3,No Signal
2022-05-24 16:30:00+01:00,0,12,-12,No Signal
2022-05-24 17:30:00+01:00,0,17,-17,No Signal
2022-05-24 18:30:00+01:00,1,18,-17,No Signal
2022-05-24 19:30:00+01:00,6,14,-8,No Signal
2022-05-24 20:30:00+01:00,11,9,2,No Signal
2022-05-25 14:30:00+01:00,4,6,-2,No Signal
2022-05-25 15:30:00+01:00,2,6,-4,No Signal
2022-05-25 16:30:00+01:00,12,4,8,No Signal
2022-05-25 17:30:00+01:00,7,7,0,No Signal
2022-05-25 18:30:00+01:00,6,6,0,No Signal
2022-05-25 19:30:00+01:00,1,10,-9,No Signal
2022-05-25 20:30:00+01:00,4,8,-4,No Signal
2022-05-26 14:30:00+01:00,0,59,-59,Long
2022-05-26 15:30:00+01:00,0,62,-62,No Signal
2022-05-26 16:30:00+01:00,0,60,-60,No Signal
2022-05-26 17:30:00+01:00,0,68,-68,No Signal
2022-05-26 18:30:00+01:00,0,65,-65,No Signal
2022-05-26 19:30:00+01:00,0,55,-55,No Signal
2022-05-26 20:30:00+01:00,1,52,-51,No Signal
2022-05-27 14:30:00+01:00,0,69,-69,No Signal
2022-05-27 15:30:00+01:00,0,71,-71,No Signal
2022-05-27 16:30:00+01:00,0,73,-73,No Signal
2022-05-27 17:30:00+01:00,0,74,-74,No Signal
2022-05-27 18:30:00+01:00,0,68,-68,No Signal
2022-05-27 19:30:00+01:00,1,68,-67,No Signal
2022-05-27 20:30:00+01:00,0,74,-74,No Signal
2022-05-31 14:30:00+01:00,3,37,-34,No Signal
2022-05-31 15:30:00+01:00,2,35,-33,No Signal
2022-05-31 16:30:00+01:00,1,34,-33,No Signal
2022-05-31 17:30:00+01:00,2,31,-29,No Signal
2022-05-31 18:30:00+01:00,0,28,-28,No Signal
2022-05-31 19:30:00+01:00,1,35,-34,No Signal
2022-05-31 20:30:00+01:00,1,26,-25,No Signal
2022-06-01 14:30:00+01:00,12,7,5,No Signal
2022-06-01 15:30:00+01:00,17,2,15,No Signal
2022-06-01 16:30:00+01:00,23,1,22,Short
2022-06-01 17:30:00+01:00,18,2,16,No Signal
2022-06-01 18:30:00+01:00,10,2,8,No Signal
2022-06-01 19:30:00+01:00,16,2,14,No Signal
2022-06-01 20:30:00+01:00,23,2,21,No Signal
2022-06-02 14:30:00+01:00,11,2,9,No Signal
2022-06-02 15:30:00+01:00,6,7,-1,No Signal
2022-06-02 16:30:00+01:00,5,8,-3,No Signal
2022-06-02 17:30:00+01:00,3,11,-8,No Signal
2022-06-02 18:30:00+01:00,3,11,-8,No Signal
2022-06-02 19:30:00+01:00,3,14,-11,No Signal
2022-06-02 20:30:00+01:00,2,21,-19,No Signal
2022-06-03 14:30:00+01:00,1,11,-10,No Signal
2022-06-03 15:30:00+01:00,2,8,-6,No Signal
2022-06-03 16:30:00+01:00,0,12,-12,No Signal
2022-06-03 17:30:00+01:00,0,12,-12,No Signal
2022-06-03 18:30:00+01:00,0,8,-8,No Signal
2022-06-03 19:30:00+01:00,2,6,-4,No Signal
2022-06-03 20:30:00+01:00,1,12,-11,No Signal
2022-06-06 14:30:00+01:00,0,23,-23,Long
2022-06-06 15:30:00+01:00,2,6,-4,No Signal
2022-06-06 16:30:00+01:00,4,2,2,No Signal
2022-06-06 17:30:00+01:00,8,2,6,No Signal
2022-06-06 18:30:00+01:00,14,1,13,No Signal
2022-06-06 19:30:00+01:00,16,1,15,No Signal
2022-06-06 20:30:00+01:00,22,1,21,Short
2022-06-07 14:30:00+01:00,12,5,7,No Signal
2022-06-07 15:30:00+01:00,6,12,-6,No Signal
2022-06-07 16:30:00+01:00,9,8,1,No Signal
2022-06-07 17:30:00+01:00,3,9,-6,No Signal
2022-06-07 18:30:00+01:00,3,11,-8,No Signal
2022-06-07 19:30:00+01:00,3,13,-10,No Signal
2022-06-07 20:30:00+01:00,0,14,-14,No Signal
2022-06-08 14:30:00+01:00,9,9,0,No Signal
2022-06-08 15:30:00+01:00,5,23,-18,No Signal
2022-06-08 16:30:00+01:00,3,25,-22,Long
2022-06-08 17:30:00+01:00,7,16,-9,No Signal
2022-06-08 18:30:00+01:00,9,13,-4,No Signal
2022-06-08 19:30:00+01:00,4,17,-13,No Signal
2022-06-08 20:30:00+01:00,8,13,-5,No Signal
2022-06-09 14:30:00+01:00,5,7,-2,No Signal
2022-06-09 15:30:00+01:00,9,1,8,No Signal
2022-06-09 16:30:00+01:00,4,2,2,No Signal
2022-06-09 17:30:00+01:00,15,1,14,No Signal
2022-06-09 18:30:00+01:00,31,1,30,Short
2022-06-09 19:30:00+01:00,47,0,47,No Signal
2022-06-09 20:30:00+01:00,59,0,59,No Signal
2022-06-10 14:30:00+01:00,81,0,81,No Signal
2022-06-10 15:30:00+01:00,86,0,86,No Signal
2022-06-10 16:30:00+01:00,84,0,84,No Signal
2022-06-10 17:30:00+01:00,75,1,74,No Signal
2022-06-10 18:30:00+01:00,72,0,72,No Signal
2022-06-10 19:30:00+01:00,74,0,74,No Signal
2022-06-10 20:30:00+01:00,81,0,81,No Signal
2022-06-13 14:30:00+01:00,91,1,90,No Signal
2022-06-13 15:30:00+01:00,91,0,91,No Signal
2022-06-13 16:30:00+01:00,89,0,89,No Signal
2022-06-13 17:30:00+01:00,90,0,90,No Signal
2022-06-13 18:30:00+01:00,89,0,89,No Signal
2022-06-13 19:30:00+01:00,89,0,89,No Signal
2022-06-13 20:30:00+01:00,86,0,86,No Signal
2022-06-14 14:30:00+01:00,67,0,67,No Signal
2022-06-14 15:30:00+01:00,60,0,60,No Signal
2022-06-14 16:30:00+01:00,59,1,58,No Signal
2022-06-14 17:30:00+01:00,55,0,55,No Signal
2022-06-14 18:30:00+01:00,62,1,61,No Signal
2022-06-14 19:30:00+01:00,76,0,76,No Signal
2022-06-14 20:30:00+01:00,58,0,58,No Signal
2022-06-15 14:30:00+01:00,3,9,-6,No Signal
2022-06-15 15:30:00+01:00,5,12,-7,No Signal
2022-06-15 16:30:00+01:00,5,9,-4,No Signal
2022-06-15 17:30:00+01:00,3,10,-7,No Signal
2022-06-15 18:30:00+01:00,4,7,-3,No Signal
2022-06-15 19:30:00+01:00,0,36,-36,Long
2022-06-15 20:30:00+01:00,0,14,-14,No Signal
2022-06-16 14:30:00+01:00,1,0,1,No Signal
2022-06-16 15:30:00+01:00,3,2,1,No Signal
2022-06-16 16:30:00+01:00,2,3,-1,No Signal
2022-06-16 17:30:00+01:00,4,1,3,No Signal
2022-06-16 18:30:00+01:00,7,1,6,No Signal
2022-06-16 19:30:00+01:00,3,1,2,No Signal
2022-06-16 20:30:00+01:00,3,0,3,No Signal
2022-06-17 14:30:00+01:00,20,2,18,No Signal
2022-06-17 15:30:00+01:00,7,0,7,No Signal
2022-06-17 16:30:00+01:00,13,2,11,No Signal
2022-06-17 17:30:00+01:00,5,0,5,No Signal
2022-06-17 18:30:00+01:00,3,2,1,No Signal
2022-06-17 19:30:00+01:00,31,0,31,Short
2022-06-17 20:30:00+01:00,27,2,25,No Signal
2022-06-21 14:30:00+01:00,1,33,-32,Long
2022-06-21 15:30:00+01:00,0,38,-38,No Signal
2022-06-21 16:30:00+01:00,1,34,-33,No Signal
2022-06-21 17:30:00+01:00,1,34,-33,No Signal
2022-06-21 18:30:00+01:00,1,56,-55,No Signal
2022-06-21 19:30:00+01:00,0,51,-51,No Signal
2022-06-21 20:30:00+01:00,1,47,-46,No Signal
2022-06-22 14:30:00+01:00,2,60,-58,No Signal
2022-06-22 15:30:00+01:00,3,47,-44,No Signal
2022-06-22 16:30:00+01:00,2,36,-34,No Signal
2022-06-22 17:30:00+01:00,2,32,-30,No Signal
2022-06-22 18:30:00+01:00,2,34,-32,No Signal
2022-06-22 19:30:00+01:00,3,20,-17,No Signal
2022-06-22 20:30:00+01:00,3,24,-21,No Signal
2022-06-23 14:30:00+01:00,15,20,-5,No Signal
2022-06-23 15:30:00+01:00,10,21,-11,No Signal
2022-06-23 16:30:00+01:00,14,21,-7,No Signal
2022-06-23 17:30:00+01:00,21,15,6,No Signal
2022-06-23 18:30:00+01:00,16,26,-10,No Signal
2022-06-23 19:30:00+01:00,11,27,-16,No Signal
2022-06-23 20:30:00+01:00,10,30,-20,No Signal
2022-06-24 14:30:00+01:00,0,41,-41,No Signal
2022-06-24 15:30:00+01:00,0,32,-32,No Signal
2022-06-24 16:30:00+01:00,0,47,-47,No Signal
2022-06-24 17:30:00+01:00,0,42,-42,No Signal
2022-06-24 18:30:00+01:00,0,41,-41,No Signal
2022-06-24 19:30:00+01:00,0,56,-56,No Signal
2022-06-24 20:30:00+01:00,0,65,-65,No Signal
2022-06-27 14:30:00+01:00,1,38,-37,No Signal
2022-06-27 15:30:00+01:00,0,45,-45,No Signal
2022-06-27 16:30:00+01:00,0,40,-40,No Signal
2022-06-27 17:30:00+01:00,0,54,-54,No Signal
2022-06-27 18:30:00+01:00,0,44,-44,No Signal
2022-06-27 19:30:00+01:00,0,40,-40,No Signal
2022-06-27 20:30:00+01:00,0,34,-34,No Signal
2022-06-28 14:30:00+01:00,0,11,-11,No Signal
2022-06-28 15:30:00+01:00,3,5,-2,No Signal
2022-06-28 16:30:00+01:00,13,5,8,No Signal
2022-06-28 17:30:00+01:00,18,4,14,No Signal
2022-06-28 18:30:00+01:00,21,4,17,No Signal
2022-06-28 19:30:00+01:00,29,4,25,Short
2022-06-28 20:30:00+01:00,54,1,53,No Signal
2022-06-29 14:30:00+01:00,38,2,36,No Signal
2022-06-29 15:30:00+01:00,63,2,61,No Signal
2022-06-29 16:30:00+01:00,61,0,61,No Signal
2022-06-29 17:30:00+01:00,58,0,58,No Signal
2022-06-29 18:30:00+01:00,48,1,47,No Signal
2022-06-29 19:30:00+01:00,49,2,47,No Signal
2022-06-29 20:30:00+01:00,47,1,46,No Signal
2022-06-30 14:30:00+01:00,71,1,70,No Signal
2022-06-30 15:30:00+01:00,22,1,21,No Signal
2022-06-30 16:30:00+01:00,5,2,3,No Signal
2022-06-30 17:30:00+01:00,5,2,3,No Signal
2022-06-30 18:30:00+01:00,4,2,2,No Signal
2022-06-30 19:30:00+01:00,5,6,-1,No Signal
2022-06-30 20:30:00+01:00,4,4,0,No Signal
2022-07-01 14:30:00+01:00,11,6,5,No Signal
2022-07-01 15:30:00+01:00,9,8,1,No Signal
2022-07-01 16:30:00+01:00,6,7,-1,No Signal
2022-07-01 17:30:00+01:00,8,6,2,No Signal
2022-07-01 18:30:00+01:00,6,9,-3,No Signal
2022-07-01 19:30:00+01:00,5,8,-3,No Signal
2022-07-01 20:30:00+01:00,5,12,-7,No Signal
2022-07-05 14:30:00+01:00,3,28,-25,Long
2022-07-05 15:30:00+01:00,18,17,1,No Signal
2022-07-05 16:30:00+01:00,16,17,-1,No Signal
2022-07-05 17:30:00+01:00,14,23,-9,No Signal
2022-07-05 18:30:00+01:00,9,26,-17,No Signal
2022-07-05 19:30:00+01:00,4,35,-31,No Signal
2022-07-05 20:30:00+01:00,4,41,-37,No Signal
2022-07-06 14:30:00+01:00,1,39,-38,No Signal
2022-07-06 15:30:00+01:00,3,33,-30,No Signal
2022-07-06 16:30:00+01:00,2,35,-33,No Signal
2022-07-06 17:30:00+01:00,1,39,-38,No Signal
2022-07-06 18:30:00+01:00,1,37,-36,No Signal
2022-07-06 19:30:00+01:00,1,41,-40,No Signal
2022-07-06 20:30:00+01:00,0,26,-26,No Signal
2022-07-07 14:30:00+01:00,2,52,-50,No Signal
2022-07-07 15:30:00+01:00,0,64,-64,No Signal
2022-07-07 16:30:00+01:00,0,54,-54,No Signal
2022-07-07 17:30:00+01:00,1,53,-52,No Signal
2022-07-07 18:30:00+01:00,1,51,-50,No Signal
2022-07-07 19:30:00+01:00,1,45,-44,No Signal
2022-07-07 20:30:00+01:00,3,41,-38,No Signal
2022-07-08 14:30:00+01:00,0,40,-40,No Signal
2022-07-08 15:30:00+01:00,0,56,-56,No Signal
2022-07-08 16:30:00+01:00,0,23,-23,No Signal
2022-07-08 17:30:00+01:00,1,24,-23,No Signal
2022-07-08 18:30:00+01:00,1,25,-24,No Signal
2022-07-08 19:30:00+01:00,1,13,-12,No Signal
2022-07-08 20:30:00+01:00,1,24,-23,No Signal
2022-07-11 14:30:00+01:00,8,2,6,No Signal
2022-07-11 15:30:00+01:00,9,1,8,No Signal
2022-07-11 16:30:00+01:00,15,1,14,No Signal
2022-07-11 17:30:00+01:00,8,0,8,No Signal
2022-07-11 18:30:00+01:00,16,0,16,No Signal
2022-07-11 19:30:00+01:00,21,0,21,Short
2022-07-11 20:30:00+01:00,20,0,20,No Signal
2022-07-12 14:30:00+01:00,30,0,30,No Signal
2022-07-12 15:30:00+01:00,32,2,30,No Signal
2022-07-12 16:30:00+01:00,20,2,18,No Signal
2022-07-12 17:30:00+01:00,29,1,28,No Signal
2022-07-12 18:30:00+01:00,34,1,33,No Signal
2022-07-12 19:30:00+01:00,45,0,45,No Signal
2022-07-12 20:30:00+01:00,42,0,42,No Signal
2022-07-13 14:30:00+01:00,34,2,32,No Signal
2022-07-13 15:30:00+01:00,27,2,25,No Signal
2022-07-13 16:30:00+01:00,19,3,16,No Signal
2022-07-13 17:30:00+01:00,22,2,20,No Signal
2022-07-13 18:30:00+01:00,20,3,17,No Signal
2022-07-13 19:30:00+01:00,18,4,14,No Signal
2022-07-13 20:30:00+01:00,21,2,19,No Signal
2022-07-14 14:30:00+01:00,35,1,34,No Signal
2022-07-14 15:30:00+01:00,32,0,32,No Signal
2022-07-14 16:30:00+01:00,29,2,27,No Signal
2022-07-14 17:30:00+01:00,20,2,18,No Signal
2022-07-14 18:30:00+01:00,19,3,16,No Signal
2022-07-14 19:30:00+01:00,7,12,-5,No Signal
2022-07-14 20:30:00+01:00,11,10,1,No Signal
2022-07-15 14:30:00+01:00,4,24,-20,Long
2022-07-15 15:30:00+01:00,11,19,-8,No Signal
2022-07-15 16:30:00+01:00,9,15,-6,No Signal
2022-07-15 17:30:00+01:00,8,13,-5,No Signal
2022-07-15 18:30:00+01:00,8,12,-4,No Signal
2022-07-15 19:30:00+01:00,4,17,-13,No Signal
2022-07-15 20:30:00+01:00,3,22,-19,No Signal
2022-07-18 14:30:00+01:00,0,71,-71,No Signal
2022-07-18 15:30:00+01:00,0,62,-62,No Signal
2022-07-18 16:30:00+01:00,0,69,-69,No Signal
2022-07-18 17:30:00+01:00,0,65,-65,No Signal
2022-07-18 18:30:00+01:00,2,16,-14,No Signal
2022-07-18 19:30:00+01:00,6,8,-2,No Signal
2022-07-18 20:30:00+01:00,4,7,-3,No Signal
2022-07-19 14:30:00+01:00,2,20,-18,No Signal
2022-07-19 15:30:00+01:00,0,28,-28,No Signal
2022-07-19 16:30:00+01:00,0,28,-28,No Signal
2022-07-19 17:30:00+01:00,1,28,-27,No Signal
2022-07-19 18:30:00+01:00,0,29,-29,No Signal
2022-07-19 19:30:00+01:00,0,33,-33,No Signal
2022-07-19 20:30:00+01:00,1,29,-28,No Signal
2022-07-20 14:30:00+01:00,3,38,-35,No Signal
2022-07-20 15:30:00+01:00,1,42,-41,No Signal
2022-07-20 16:30:00+01:00,4,43,-39,No Signal
2022-07-20 17:30:00+01:00,3,36,-33,No Signal
2022-07-20 18:30:00+01:00,0,64,-64,No Signal
2022-07-20 19:30:00+01:00,0,73,-73,No Signal
2022-07-20 20:30:00+01:00,1,69,-68,No Signal
2022-07-21 14:30:00+01:00,4,53,-49,No Signal
2022-07-21 15:30:00+01:00,3,54,-51,No Signal
2022-07-21 16:30:00+01:00,1,55,-54,No Signal
2022-07-21 17:30:00+01:00,2,53,-51,No Signal
2022-07-21 18:30:00+01:00,4,52,-48,No Signal
2022-07-21 19:30:00+01:00,4,48,-44,No Signal
2022-07-21 20:30:00+01:00,4,51,-47,No Signal
2022-07-22 14:30:00+01:00,2,26,-24,No Signal
2022-07-22 15:30:00+01:00,5,8,-3,No Signal
2022-07-22 16:30:00+01:00,9,6,3,No Signal
2022-07-22 17:30:00+01:00,8,8,0,No Signal
2022-07-22 18:30:00+01:00,9,2,7,No Signal
2022-07-22 19:30:00+01:00,10,3,7,No Signal
2022-07-22 20:30:00+01:00,10,5,5,No Signal
2022-07-25 14:30:00+01:00,11,8,3,No Signal
2022-07-25 15:30:00+01:00,17,7,10,No Signal
2022-07-25 16:30:00+01:00,28,6,22,Short
2022-07-25 17:30:00+01:00,25,8,17,No Signal
2022-07-25 18:30:00+01:00,36,5,31,No Signal
2022-07-25 19:30:00+01:00,38,4,34,No Signal
2022-07-25 20:30:00+01:00,31,5,26,No Signal
2022-07-26 14:30:00+01:00,47,4,43,No Signal
2022-07-26 15:30:00+01:00,42,5,37,No Signal
2022-07-26 16:30:00+01:00,32,6,26,No Signal
2022-07-26 17:30:00+01:00,27,9,18,No Signal
2022-07-26 18:30:00+01:00,28,8,20,No Signal
2022-07-26 19:30:00+01:00,40,9,31,No Signal
2022-07-26 20:30:00+01:00,41,7,34,No Signal
2022-07-27 14:30:00+01:00,5,12,-7,No Signal
2022-07-27 15:30:00+01:00,5,6,-1,No Signal
2022-07-27 16:30:00+01:00,4,6,-2,No Signal
2022-07-27 17:30:00+01:00,5,6,-1,No Signal
2022-07-27 18:30:00+01:00,5,12,-7,No Signal
2022-07-27 19:30:00+01:00,0,37,-37,Long
2022-07-27 20:30:00+01:00,2,14,-12,No Signal
2022-07-28 14:30:00+01:00,2,25,-23,No Signal
2022-07-28 15:30:00+01:00,1,51,-50,No Signal
2022-07-28 16:30:00+01:00,3,47,-44,No Signal
2022-07-28 17:30:00+01:00,4,50,-46,No Signal
2022-07-28 18:30:00+01:00,1,62,-61,No Signal
2022-07-28 19:30:00+01:00,1,68,-67,No Signal
2022-07-28 20:30:00+01:00,1,68,-67,No Signal
2022-07-29 14:30:00+01:00,2,55,-53,No Signal
2022-07-29 15:30:00+01:00,5,38,-33,No Signal
2022-07-29 16:30:00+01:00,4,38,-34,No Signal
2022-07-29 17:30:00+01:00,4,49,-45,No Signal
2022-07-29 18:30:00+01:00,3,49,-46,No Signal
2022-07-29 19:30:00+01:00,4,36,-32,No Signal
2022-07-29 20:30:00+01:00,6,45,-39,No Signal
2022-08-01 14:30:00+01:00,0,48,-48,No Signal
2022-08-01 15:30:00+01:00,5,36,-31,No Signal
2022-08-01 16:30:00+01:00,3,30,-27,No Signal
2022-08-01 17:30:00+01:00,3,17,-14,No Signal
2022-08-01 18:30:00+01:00,8,14,-6,No Signal
2022-08-01 19:30:00+01:00,6,12,-6,No Signal
2022-08-01 20:30:00+01:00,3,15,-12,No Signal
2022-08-02 14:30:00+01:00,3,4,-1,No Signal
2022-08-02 15:30:00+01:00,0,20,-20,No Signal
2022-08-02 16:30:00+01:00,0,27,-27,No Signal
2022-08-02 17:30:00+01:00,0,12,-12,No Signal
2022-08-02 18:30:00+01:00,0,13,-13,No Signal
2022-08-02 19:30:00+01:00,0,10,-10,No Signal
2022-08-02 20:30:00+01:00,0,4,-4,No Signal
2022-08-03 14:30:00+01:00,4,18,-14,No Signal
2022-08-03 15:30:00+01:00,2,13,-11,No Signal
2022-08-03 16:30:00+01:00,1,20,-19,No Signal
2022-08-03 17:30:00+01:00,1,30,-29,No Signal
2022-08-03 18:30:00+01:00,1,37,-36,No Signal
2022-08-03 19:30:00+01:00,2,35,-33,No Signal
2022-08-03 20:30:00+01:00,2,28,-26,No Signal
2022-08-04 14:30:00+01:00,2,39,-37,No Signal
2022-08-04 15:30:00+01:00,5,25,-20,No Signal
2022-08-04 16:30:00+01:00,3,24,-21,No Signal
2022-08-04 17:30:00+01:00,2,30,-28,No Signal
2022-08-04 18:30:00+01:00,3,38,-35,No Signal
2022-08-04 19:30:00+01:00,4,44,-40,No Signal
2022-08-04 20:30:00+01:00,1,50,-49,No Signal
2022-08-05 14:30:00+01:00,6,30,-24,No Signal
2022-08-05 15:30:00+01:00,14,3,11,No Signal
2022-08-05 16:30:00+01:00,12,7,5,No Signal
2022-08-05 17:30:00+01:00,11,5,6,No Signal
2022-08-05 18:30:00+01:00,16,6,10,No Signal
2022-08-05 19:30:00+01:00,10,6,4,No Signal
2022-08-05 20:30:00+01:00,9,9,0,No Signal
2022-08-08 14:30:00+01:00,5,18,-13,No Signal
2022-08-08 15:30:00+01:00,6,18,-12,No Signal
2022-08-08 16:30:00+01:00,13,5,8,No Signal
2022-08-08 17:30:00+01:00,9,5,4,No Signal
2022-08-08 18:30:00+01:00,11,3,8,No Signal
2022-08-08 19:30:00+01:00,10,4,6,No Signal
2022-08-08 20:30:00+01:00,9,3,6,No Signal
2022-08-09 14:30:00+01:00,20,7,13,No Signal
2022-08-09 15:30:00+01:00,6,12,-6,No Signal
2022-08-09 16:30:00+01:00,23,6,17,No Signal
2022-08-09 17:30:00+01:00,24,3,21,Short
2022-08-09 18:30:00+01:00,22,1,21,No Signal
2022-08-09 19:30:00+01:00,19,3,16,No Signal
2022-08-09 20:30:00+01:00,27,1,26,No Signal
2022-08-10 14:30:00+01:00,10,0,10,No Signal
2022-08-10 15:30:00+01:00,4,1,3,No Signal
2022-08-10 16:30:00+01:00,2,11,-9,No Signal
2022-08-10 17:30:00+01:00,2,11,-9,No Signal
2022-08-10 18:30:00+01:00,1,12,-11,No Signal
2022-08-10 19:30:00+01:00,2,15,-13,No Signal
2022-08-10 20:30:00+01:00,2,18,-16,No Signal
2022-08-11 14:30:00+01:00,0,61,-61,Long
2022-08-11 15:30:00+01:00,0,35,-35,No Signal
2022-08-11 16:30:00+01:00,1,43,-42,No Signal
2022-08-11 17:30:00+01:00,2,47,-45,No Signal
2022-08-11 18:30:00+01:00,1,34,-33,No Signal
2022-08-11 19:30:00+01:00,1,17,-16,No Signal
2022-08-11 20:30:00+01:00,2,23,-21,No Signal
2022-08-12 14:30:00+01:00,3,13,-10,No Signal
2022-08-12 15:30:00+01:00,3,9,-6,No Signal
2022-08-12 16:30:00+01:00,2,14,-12,No Signal
2022-08-12 17:30:00+01:00,1,13,-12,No Signal
2022-08-12 18:30:00+01:00,0,15,-15,No Signal
2022-08-12 19:30:00+01:00,1,16,-15,No Signal
2022-08-12 20:30:00+01:00,2,14,-12,No Signal
2022-08-15 14:30:00+01:00,9,9,0,No Signal
2022-08-15 15:30:00+01:00,2,22,-20,No Signal
2022-08-15 16:30:00+01:00,2,34,-32,No Signal
2022-08-15 17:30:00+01:00,1,32,-31,No Signal
2022-08-15 18:30:00+01:00,1,43,-42,No Signal
2022-08-15 19:30:00+01:00,1,63,-62,No Signal
2022-08-15 20:30:00+01:00,0,65,-65,No Signal
2022-08-16 14:30:00+01:00,5,30,-25,No Signal
2022-08-16 15:30:00+01:00,2,28,-26,No Signal
2022-08-16 16:30:00+01:00,1,26,-25,No Signal
2022-08-16 17:30:00+01:00,1,29,-28,No Signal
2022-08-16 18:30:00+01:00,2,30,-28,No Signal
2022-08-16 19:30:00+01:00,1,17,-16,No Signal
2022-08-16 20:30:00+01:00,2,16,-14,No Signal
2022-08-17 14:30:00+01:00,10,5,5,No Signal
2022-08-17 15:30:00+01:00,19,6,13,No Signal
2022-08-17 16:30:00+01:00,32,2,30,Short
2022-08-17 17:30:00+01:00,26,1,25,No Signal
2022-08-17 18:30:00+01:00,12,5,7,No Signal
2022-08-17 19:30:00+01:00,25,2,23,No Signal
2022-08-17 20:30:00+01:00,24,2,22,No Signal
2022-08-18 14:30:00+01:00,15,2,13,No Signal
2022-08-18 15:30:00+01:00,10,2,8,No Signal
2022-08-18 16:30:00+01:00,19,2,17,No Signal
2022-08-18 17:30:00+01:00,15,2,13,No Signal
2022-08-18 18:30:00+01:00,28,2,26,No Signal
2022-08-18 19:30:00+01:00,17,6,11,No Signal
2022-08-18 20:30:00+01:00,20,4,16,No Signal
2022-08-19 14:30:00+01:00,25,2,23,No Signal
2022-08-19 15:30:00+01:00,23,2,21,No Signal
2022-08-19 16:30:00+01:00,25,2,23,No Signal
2022-08-19 17:30:00+01:00,25,2,23,No Signal
2022-08-19 18:30:00+01:00,48,1,47,No Signal
2022-08-19 19:30:00+01:00,32,1,31,No Signal
2022-08-19 20:30:00+01:00,33,2,31,No Signal
2022-08-22 14:30:00+01:00,68,3,65,No Signal
2022-08-22 15:30:00+01:00,76,0,76,No Signal
2022-08-22 16:30:00+01:00,72,2,70,No Signal
2022-08-22 17:30:00+01:00,76,2,74,No Signal
2022-08-22 18:30:00+01:00,81,1,80,No Signal
2022-08-22 19:30:00+01:00,81,0,81,No Signal
2022-08-22 20:30:00+01:00,80,1,79,No Signal
2022-08-23 14:30:00+01:00,58,5,53,No Signal
2022-08-23 15:30:00+01:00,56,5,51,No Signal
2022-08-23 16:30:00+01:00,62,6,56,No Signal
2022-08-23 17:30:00+01:00,54,5,49,No Signal
2022-08-23 18:30:00+01:00,54,4,50,No Signal
2022-08-23 19:30:00+01:00,58,5,53,No Signal
2022-08-23 20:30:00+01:00,60,5,55,No Signal
2022-08-24 14:30:00+01:00,19,11,8,No Signal
2022-08-24 15:30:00+01:00,13,13,0,No Signal
2022-08-24 16:30:00+01:00,11,12,-1,No Signal
2022-08-24 17:30:00+01:00,12,7,5,No Signal
2022-08-24 18:30:00+01:00,6,9,-3,No Signal
2022-08-24 19:30:00+01:00,3,9,-6,No Signal
2022-08-24 20:30:00+01:00,5,9,-4,No Signal
2022-08-25 14:30:00+01:00,2,19,-17,No Signal
2022-08-25 15:30:00+01:00,2,12,-10,No Signal
2022-08-25 16:30:00+01:00,2,17,-15,No Signal
2022-08-25 17:30:00+01:00,2,17,-15,No Signal
2022-08-25 18:30:00+01:00,2,22,-20,Long
2022-08-25 19:30:00+01:00,2,26,-24,No Signal
2022-08-25 20:30:00+01:00,0,48,-48,No Signal
2022-08-26 14:30:00+01:00,2,6,-4,No Signal
2022-08-26 15:30:00+01:00,7,5,2,No Signal
2022-08-26 16:30:00+01:00,6,5,1,No Signal
2022-08-26 17:30:00+01:00,2,4,-2,No Signal
2022-08-26 18:30:00+01:00,9,3,6,No Signal
2022-08-26 19:30:00+01:00,14,3,11,No Signal
2022-08-26 20:30:00+01:00,20,2,18,No Signal
2022-08-29 14:30:00+01:00,67,1,66,Short
2022-08-29 15:30:00+01:00,67,1,66,No Signal
2022-08-29 16:30:00+01:00,61,2,59,No Signal
2022-08-29 17:30:00+01:00,57,0,57,No Signal
2022-08-29 18:30:00+01:00,68,1,67,No Signal
2022-08-29 19:30:00+01:00,68,0,68,No Signal
2022-08-29 20:30:00+01:00,78,0,78,No Signal
2022-08-30 14:30:00+01:00,77,0,77,No Signal
2022-08-30 15:30:00+01:00,69,1,68,No Signal
2022-08-30 16:30:00+01:00,68,1,67,No Signal
2022-08-30 17:30:00+01:00,76,0,76,No Signal
2022-08-30 18:30:00+01:00,69,2,67,No Signal
2022-08-30 19:30:00+01:00,51,1,50,No Signal
2022-08-30 20:30:00+01:00,35,1,34,No Signal
2022-08-31 14:30:00+01:00,27,2,25,No Signal
2022-08-31 15:30:00+01:00,26,1,25,No Signal
2022-08-31 16:30:00+01:00,29,3,26,No Signal
2022-08-31 17:30:00+01:00,43,0,43,No Signal
2022-08-31 18:30:00+01:00,34,0,34,No Signal
2022-08-31 19:30:00+01:00,28,3,25,No Signal
2022-08-31 20:30:00+01:00,25,5,20,No Signal
2022-09-01 14:30:00+01:00,34,3,31,No Signal
2022-09-01 15:30:00+01:00,35,2,33,No Signal
2022-09-01 16:30:00+01:00,29,4,25,No Signal
2022-09-01 17:30:00+01:00,15,4,11,No Signal
2022-09-01 18:30:00+01:00,11,3,8,No Signal
2022-09-01 19:30:00+01:00,12,4,8,No Signal
2022-09-01 20:30:00+01:00,8,7,1,No Signal
2022-09-02 14:30:00+01:00,5,11,-6,No Signal
2022-09-02 15:30:00+01:00,3,12,-9,No Signal
2022-09-02 16:30:00+01:00,4,5,-1,No Signal
2022-09-02 17:30:00+01:00,8,2,6,No Signal
2022-09-02 18:30:00+01:00,7,3,4,No Signal
2022-09-02 19:30:00+01:00,11,3,8,No Signal
2022-09-02 20:30:00+01:00,9,2,7,No Signal
2022-09-06 14:30:00+01:00,9,2,7,No Signal
2022-09-06 15:30:00+01:00,2,6,-4,No Signal
2022-09-06 16:30:00+01:00,5,5,0,No Signal
2022-09-06 17:30:00+01:00,9,3,6,No Signal
2022-09-06 18:30:00+01:00,6,5,1,No Signal
2022-09-06 19:30:00+01:00,10,4,6,No Signal
2022-09-06 20:30:00+01:00,21,4,17,No Signal
2022-09-07 14:30:00+01:00,30,2,28,No Signal
2022-09-07 15:30:00+01:00,29,3,26,No Signal
2022-09-07 16:30:00+01:00,17,7,10,No Signal
2022-09-07 17:30:00+01:00,4,17,-13,No Signal
2022-09-07 18:30:00+01:00,3,19,-16,No Signal
2022-09-07 19:30:00+01:00,0,31,-31,Long
2022-09-07 20:30:00+01:00,1,27,-26,No Signal
2022-09-08 14:30:00+01:00,3,39,-36,No Signal
2022-09-08 15:30:00+01:00,0,44,-44,No Signal
2022-09-08 16:30:00+01:00,1,19,-18,No Signal
2022-09-08 17:30:00+01:00,0,46,-46,No Signal
2022-09-08 18:30:00+01:00,0,33,-33,No Signal
2022-09-08 19:30:00+01:00,0,35,-35,No Signal
2022-09-08 20:30:00+01:00,0,42,-42,No Signal
2022-09-09 14:30:00+01:00,0,50,-50,No Signal
2022-09-09 15:30:00+01:00,0,50,-50,No Signal
2022-09-09 16:30:00+01:00,0,44,-44,No Signal
2022-09-09 17:30:00+01:00,0,47,-47,No Signal
2022-09-09 18:30:00+01:00,0,39,-39,No Signal
2022-09-09 19:30:00+01:00,0,34,-34,No Signal
2022-09-09 20:30:00+01:00,0,39,-39,No Signal
2022-09-12 14:30:00+01:00,0,58,-58,No Signal
2022-09-12 15:30:00+01:00,1,35,-34,No Signal
2022-09-12 16:30:00+01:00,0,67,-67,No Signal
2022-09-12 17:30:00+01:00,1,60,-59,No Signal
2022-09-12 18:30:00+01:00,2,51,-49,No Signal
2022-09-12 19:30:00+01:00,3,56,-53,No Signal
2022-09-12 20:30:00+01:00,1,55,-54,No Signal
2022-09-13 14:30:00+01:00,23,2,21,Short
2022-09-13 15:30:00+01:00,36,0,36,No Signal
2022-09-13 16:30:00+01:00,33,2,31,No Signal
2022-09-13 17:30:00+01:00,29,1,28,No Signal
2022-09-13 18:30:00+01:00,45,2,43,No Signal
2022-09-13 19:30:00+01:00,57,1,56,No Signal
2022-09-13 20:30:00+01:00,55,0,55,No Signal
2022-09-14 14:30:00+01:00,80,0,80,No Signal
2022-09-14 15:30:00+01:00,64,0,64,No Signal
2022-09-14 16:30:00+01:00,60,1,59,No Signal
2022-09-14 17:30:00+01:00,60,1,59,No Signal
2022-09-14 18:30:00+01:00,61,0,61,No Signal
2022-09-14 19:30:00+01:00,70,0,70,No Signal
2022-09-14 20:30:00+01:00,62,0,62,No Signal
2022-09-15 14:30:00+01:00,31,2,29,No Signal
2022-09-15 15:30:00+01:00,26,4,22,No Signal
2022-09-15 16:30:00+01:00,30,3,27,No Signal
2022-09-15 17:30:00+01:00,16,2,14,No Signal
2022-09-15 18:30:00+01:00,15,1,14,No Signal
2022-09-15 19:30:00+01:00,13,0,13,No Signal
2022-09-15 20:30:00+01:00,5,2,3,No Signal
2022-09-16 14:30:00+01:00,14,0,14,No Signal
2022-09-16 15:30:00+01:00,25,0,25,No Signal
2022-09-16 16:30:00+01:00,34,0,34,No Signal
2022-09-16 17:30:00+01:00,39,0,39,No Signal
2022-09-16 18:30:00+01:00,16,1,15,No Signal
2022-09-16 19:30:00+01:00,13,2,11,No Signal
2022-09-16 20:30:00+01:00,21,2,19,No Signal
2022-09-19 14:30:00+01:00,23,0,23,No Signal
2022-09-19 15:30:00+01:00,13,0,13,No Signal
2022-09-19 16:30:00+01:00,12,0,12,No Signal
2022-09-19 17:30:00+01:00,24,0,24,No Signal
2022-09-19 18:30:00+01:00,17,1,16,No Signal
2022-09-19 19:30:00+01:00,1,11,-10,No Signal
2022-09-19 20:30:00+01:00,5,10,-5,No Signal
2022-09-20 14:30:00+01:00,2,10,-8,No Signal
2022-09-20 15:30:00+01:00,2,14,-12,No Signal
2022-09-20 16:30:00+01:00,3,19,-16,No Signal
2022-09-20 17:30:00+01:00,4,7,-3,No Signal
2022-09-20 18:30:00+01:00,5,4,1,No Signal
2022-09-20 19:30:00+01:00,5,5,0,No Signal
2022-09-20 20:30:00+01:00,8,2,6,No Signal
2022-09-21 14:30:00+01:00,3,9,-6,No Signal
2022-09-21 15:30:00+01:00,1,6,-5,No Signal
2022-09-21 16:30:00+01:00,1,9,-8,No Signal
2022-09-21 17:30:00+01:00,4,7,-3,No Signal
2022-09-21 18:30:00+01:00,8,1,7,No Signal
2022-09-21 19:30:00+01:00,21,0,21,No Signal
2022-09-21 20:30:00+01:00,39,0,39,No Signal
2022-09-22 14:30:00+01:00,45,0,45,No Signal
2022-09-22 15:30:00+01:00,54,0,54,No Signal
2022-09-22 16:30:00+01:00,47,0,47,No Signal
2022-09-22 17:30:00+01:00,42,1,41,No Signal
2022-09-22 18:30:00+01:00,46,0,46,No Signal
2022-09-22 19:30:00+01:00,38,0,38,No Signal
2022-09-22 20:30:00+01:00,44,0,44,No Signal
2022-09-23 14:30:00+01:00,82,0,82,No Signal
2022-09-23 15:30:00+01:00,83,0,83,No Signal
2022-09-23 16:30:00+01:00,87,0,87,No Signal
2022-09-23 17:30:00+01:00,86,0,86,No Signal
2022-09-23 18:30:00+01:00,82,0,82,No Signal
2022-09-23 19:30:00+01:00,71,0,71,No Signal
2022-09-23 20:30:00+01:00,41,1,40,No Signal
2022-09-26 14:30:00+01:00,6,1,5,No Signal
2022-09-26 15:30:00+01:00,9,0,9,No Signal
2022-09-26 16:30:00+01:00,23,0,23,No Signal
2022-09-26 17:30:00+01:00,18,0,18,No Signal
2022-09-26 18:30:00+01:00,19,0,19,No Signal
2022-09-26 19:30:00+01:00,22,0,22,No Signal
2022-09-26 20:30:00+01:00,22,1,21,No Signal
2022-09-27 14:30:00+01:00,6,3,3,No Signal
2022-09-27 15:30:00+01:00,6,3,3,No Signal
2022-09-27 16:30:00+01:00,4,0,4,No Signal
2022-09-27 17:30:00+01:00,7,0,7,No Signal
2022-09-27 18:30:00+01:00,6,1,5,No Signal
2022-09-27 19:30:00+01:00,8,1,7,No Signal
2022-09-27 20:30:00+01:00,11,0,11,No Signal
2022-09-28 14:30:00+01:00,8,1,7,No Signal
2022-09-28 15:30:00+01:00,4,6,-2,No Signal
2022-09-28 16:30:00+01:00,1,27,-26,Long
2022-09-28 17:30:00+01:00,1,30,-29,No Signal
2022-09-28 18:30:00+01:00,1,28,-27,No Signal
2022-09-28 19:30:00+01:00,1,30,-29,No Signal
2022-09-28 20:30:00+01:00,2,49,-47,No Signal
2022-09-29 14:30:00+01:00,12,3,9,No Signal
2022-09-29 15:30:00+01:00,10,4,6,No Signal
2022-09-29 16:30:00+01:00,7,13,-6,No Signal
2022-09-29 17:30:00+01:00,7,9,-2,No Signal
2022-09-29 18:30:00+01:00,11,5,6,No Signal
2022-09-29 19:30:00+01:00,11,5,6,No Signal
2022-09-29 20:30:00+01:00,9,6,3,No Signal
2022-09-30 14:30:00+01:00,8,2,6,No Signal
2022-09-30 15:30:00+01:00,5,3,2,No Signal
2022-09-30 16:30:00+01:00,13,1,12,No Signal
2022-09-30 17:30:00+01:00,13,1,12,No Signal
2022-09-30 18:30:00+01:00,19,0,19,No Signal
2022-09-30 19:30:00+01:00,41,1,40,Short
2022-09-30 20:30:00+01:00,48,0,48,No Signal
2022-10-03 14:30:00+01:00,2,5,-3,No Signal
2022-10-03 15:30:00+01:00,3,4,-1,No Signal
2022-10-03 16:30:00+01:00,5,2,3,No Signal
2022-10-03 17:30:00+01:00,3,6,-3,No Signal
2022-10-03 18:30:00+01:00,1,15,-14,No Signal
2022-10-03 19:30:00+01:00,1,13,-12,No Signal
2022-10-03 20:30:00+01:00,2,3,-1,No Signal
2022-10-04 14:30:00+01:00,0,32,-32,Long
2022-10-04 15:30:00+01:00,0,26,-26,No Signal
2022-10-04 16:30:00+01:00,1,59,-58,No Signal
2022-10-04 17:30:00+01:00,1,29,-28,No Signal
2022-10-04 18:30:00+01:00,0,53,-53,No Signal
2022-10-04 19:30:00+01:00,0,68,-68,No Signal
2022-10-04 20:30:00+01:00,0,82,-82,No Signal
2022-10-05 14:30:00+01:00,0,16,-16,No Signal
2022-10-05 15:30:00+01:00,1,17,-16,No Signal
2022-10-05 16:30:00+01:00,1,36,-35,No Signal
2022-10-05 17:30:00+01:00,0,37,-37,No Signal
2022-10-05 18:30:00+01:00,1,28,-27,No Signal
2022-10-05 19:30:00+01:00,1,33,-32,No Signal
2022-10-05 20:30:00+01:00,0,35,-35,No Signal
2022-10-06 14:30:00+01:00,6,4,2,No Signal
2022-10-06 15:30:00+01:00,3,5,-2,No Signal
2022-10-06 16:30:00+01:00,6,3,3,No Signal
2022-10-06 17:30:00+01:00,5,6,-1,No Signal
2022-10-06 18:30:00+01:00,6,2,4,No Signal
2022-10-06 19:30:00+01:00,6,2,4,No Signal
2022-10-06 20:30:00+01:00,7,3,4,No Signal
2022-10-07 14:30:00+01:00,6,1,5,No Signal
2022-10-07 15:30:00+01:00,10,1,9,No Signal
2022-10-07 16:30:00+01:00,37,1,36,Short
2022-10-07 17:30:00+01:00,62,1,61,No Signal
2022-10-07 18:30:00+01:00,66,1,65,No Signal
2022-10-07 19:30:00+01:00,77,1,76,No Signal
2022-10-07 20:30:00+01:00,72,1,71,No Signal
2022-10-10 14:30:00+01:00,51,3,48,No Signal
2022-10-10 15:30:00+01:00,72,1,71,No Signal
2022-10-10 16:30:00+01:00,75,1,74,No Signal
2022-10-10 17:30:00+01:00,75,1,74,No Signal
2022-10-10 18:30:00+01:00,65,0,65,No Signal
2022-10-10 19:30:00+01:00,64,0,64,No Signal
2022-10-10 20:30:00+01:00,63,0,63,No Signal
2022-10-11 14:30:00+01:00,63,1,62,No Signal
2022-10-11 15:30:00+01:00,39,3,36,No Signal
2022-10-11 16:30:00+01:00,27,5,22,No Signal
2022-10-11 17:30:00+01:00,28,5,23,No Signal
2022-10-11 18:30:00+01:00,24,8,16,No Signal
2022-10-11 19:30:00+01:00,30,6,24,No Signal
2022-10-11 20:30:00+01:00,27,3,24,No Signal
2022-10-12 14:30:00+01:00,26,4,22,No Signal
2022-10-12 15:30:00+01:00,14,7,7,No Signal
2022-10-12 16:30:00+01:00,14,6,8,No Signal
2022-10-12 17:30:00+01:00,12,4,8,No Signal
2022-10-12 18:30:00+01:00,18,6,12,No Signal
2022-10-12 19:30:00+01:00,21,3,18,No Signal
2022-10-12 20:30:00+01:00,23,2,21,No Signal
2022-10-13 14:30:00+01:00,27,0,27,No Signal
2022-10-13 15:30:00+01:00,5,2,3,No Signal
2022-10-13 16:30:00+01:00,8,2,6,No Signal
2022-10-13 17:30:00+01:00,0,2,-2,No Signal
2022-10-13 18:30:00+01:00,2,1,1,No Signal
2022-10-13 19:30:00+01:00,0,12,-12,No Signal
2022-10-13 20:30:00+01:00,1,8,-7,No Signal
2022-10-14 14:30:00+01:00,1,3,-2,No Signal
2022-10-14 15:30:00+01:00,1,3,-2,No Signal
2022-10-14 16:30:00+01:00,1,2,-1,No Signal
2022-10-14 17:30:00+01:00,3,2,1,No Signal
2022-10-14 18:30:00+01:00,4,1,3,No Signal
2022-10-14 19:30:00+01:00,4,1,3,No Signal
2022-10-14 20:30:00+01:00,4,1,3,No Signal
2022-10-17 14:30:00+01:00,0,32,-32,Long
2022-10-17 15:30:00+01:00,0,11,-11,No Signal
2022-10-17 16:30:00+01:00,1,6,-5,No Signal
2022-10-17 17:30:00+01:00,5,2,3,No Signal
2022-10-17 18:30:00+01:00,3,2,1,No Signal
2022-10-17 19:30:00+01:00,6,1,5,No Signal
2022-10-17 20:30:00+01:00,5,0,5,No Signal
2022-10-18 14:30:00+01:00,0,32,-32,No Signal
2022-10-18 15:30:00+01:00,0,4,-4,No Signal
2022-10-18 16:30:00+01:00,0,35,-35,No Signal
2022-10-18 17:30:00+01:00,0,40,-40,No Signal
2022-10-18 18:30:00+01:00,0,49,-49,No Signal
2022-10-18 19:30:00+01:00,0,35,-35,No Signal
2022-10-18 20:30:00+01:00,0,52,-52,No Signal
2022-10-19 14:30:00+01:00,7,7,0,No Signal
2022-10-19 15:30:00+01:00,7,3,4,No Signal
2022-10-19 16:30:00+01:00,11,4,7,No Signal
2022-10-19 17:30:00+01:00,13,4,9,No Signal
2022-10-19 18:30:00+01:00,9,3,6,No Signal
2022-10-19 19:30:00+01:00,10,1,9,No Signal
2022-10-19 20:30:00+01:00,8,3,5,No Signal
2022-10-20 14:30:00+01:00,12,5,7,No Signal
2022-10-20 15:30:00+01:00,8,9,-1,No Signal
2022-10-20 16:30:00+01:00,14,3,11,No Signal
2022-10-20 17:30:00+01:00,25,3,22,Short
2022-10-20 18:30:00+01:00,35,1,34,No Signal
2022-10-20 19:30:00+01:00,26,3,23,No Signal
2022-10-20 20:30:00+01:00,34,3,31,No Signal
2022-10-21 14:30:00+01:00,29,2,27,No Signal
2022-10-21 15:30:00+01:00,17,4,13,No Signal
2022-10-21 16:30:00+01:00,5,7,-2,No Signal
2022-10-21 17:30:00+01:00,1,12,-11,No Signal
2022-10-21 18:30:00+01:00,1,11,-10,No Signal
2022-10-21 19:30:00+01:00,2,22,-20,Long
2022-10-21 20:30:00+01:00,2,18,-16,No Signal
2022-10-24 14:30:00+01:00,15,11,4,No Signal
2022-10-24 15:30:00+01:00,6,21,-15,No Signal
2022-10-24 16:30:00+01:00,5,41,-36,No Signal
2022-10-24 17:30:00+01:00,5,38,-33,No Signal
2022-10-24 18:30:00+01:00,5,52,-47,No Signal
2022-10-24 19:30:00+01:00,3,57,-54,No Signal
2022-10-24 20:30:00+01:00,3,56,-53,No Signal
2022-10-25 14:30:00+01:00,0,70,-70,No Signal
2022-10-25 15:30:00+01:00,0,68,-68,No Signal
2022-10-25 16:30:00+01:00,0,66,-66,No Signal
2022-10-25 17:30:00+01:00,0,52,-52,No Signal
2022-10-25 18:30:00+01:00,0,47,-47,No Signal
2022-10-25 19:30:00+01:00,2,46,-44,No Signal
2022-10-25 20:30:00+01:00,1,51,-50,No Signal
2022-10-26 14:30:00+01:00,1,74,-73,No Signal
2022-10-26 15:30:00+01:00,1,70,-69,No Signal
2022-10-26 16:30:00+01:00,2,57,-55,No Signal
2022-10-26 17:30:00+01:00,1,43,-42,No Signal
2022-10-26 18:30:00+01:00,1,35,-34,No Signal
2022-10-26 19:30:00+01:00,6,21,-15,No Signal
2022-10-26 20:30:00+01:00,5,21,-16,No Signal
2022-10-27 14:30:00+01:00,10,21,-11,No Signal
2022-10-27 15:30:00+01:00,11,11,0,No Signal
2022-10-27 16:30:00+01:00,15,10,5,No Signal
2022-10-27 17:30:00+01:00,13,11,2,No Signal
2022-10-27 18:30:00+01:00,15,11,4,No Signal
2022-10-27 19:30:00+01:00,14,9,5,No Signal
2022-10-27 20:30:00+01:00,16,5,11,No Signal
2022-10-28 14:30:00+01:00,17,8,9,No Signal
2022-10-28 15:30:00+01:00,15,10,5,No Signal
2022-10-28 16:30:00+01:00,9,10,-1,No Signal
2022-10-28 17:30:00+01:00,7,17,-10,No Signal
2022-10-28 18:30:00+01:00,7,20,-13,No Signal
2022-10-28 19:30:00+01:00,6,28,-22,No Signal
2022-10-28 20:30:00+01:00,6,27,-21,No Signal
2022-10-31 13:30:00+00:00,11,10,1,No Signal
2022-10-31 14:30:00+00:00,8,21,-13,No Signal
2022-10-31 15:30:00+00:00,5,30,-25,No Signal
2022-10-31 16:30:00+00:00,6,26,-20,No Signal
2022-10-31 17:30:00+00:00,6,28,-22,No Signal
2022-10-31 18:30:00+00:00,7,28,-21,No Signal
2022-10-31 19:30:00+00:00,6,34,-28,No Signal
2022-11-01 13:30:00+00:00,2,23,-21,No Signal
2022-11-01 14:30:00+00:00,4,9,-5,No Signal
2022-11-01 15:30:00+00:00,9,5,4,No Signal
2022-11-01 16:30:00+00:00,13,2,11,No Signal
2022-11-01 17:30:00+00:00,14,4,10,No Signal
2022-11-01 18:30:00+00:00,15,4,11,No Signal
2022-11-01 19:30:00+00:00,17,2,15,No Signal
2022-11-02 13:30:00+00:00,21,13,8,No Signal
2022-11-02 14:30:00+00:00,29,10,19,No Signal
2022-11-02 15:30:00+00:00,32,10,22,Short
2022-11-02 16:30:00+00:00,31,9,22,No Signal
2022-11-02 17:30:00+00:00,6,23,-17,No Signal
2022-11-02 18:30:00+00:00,26,1,25,No Signal
2022-11-02 19:30:00+00:00,32,1,31,No Signal
2022-11-03 13:30:00+00:00,39,0,39,No Signal
2022-11-03 14:30:00+00:00,35,0,35,No Signal
2022-11-03 15:30:00+00:00,29,0,29,No Signal
2022-11-03 16:30:00+00:00,32,0,32,No Signal
2022-11-03 17:30:00+00:00,33,0,33,No Signal
2022-11-03 18:30:00+00:00,33,2,31,No Signal
2022-11-03 19:30:00+00:00,33,0,33,No Signal
2022-11-04 13:30:00+00:00,17,2,15,No Signal
2022-11-04 14:30:00+00:00,19,2,17,No Signal
2022-11-04 15:30:00+00:00,24,2,22,No Signal
2022-11-04 16:30:00+00:00,26,2,24,No Signal
2022-11-04 17:30:00+00:00,45,2,43,No Signal
2022-11-04 18:30:00+00:00,18,11,7,No Signal
2022-11-04 19:30:00+00:00,12,14,-2,No Signal
2022-11-07 14:30:00+00:00,14,21,-7,No Signal
2022-11-07 15:30:00+00:00,11,29,-18,No Signal
2022-11-07 16:30:00+00:00,13,18,-5,No Signal
2022-11-07 17:30:00+00:00,12,19,-7,No Signal
2022-11-07 18:30:00+00:00,9,27,-18,No Signal
2022-11-07 19:30:00+00:00,7,29,-22,Long
2022-11-07 20:30:00+00:00,7,35,-28,No Signal
2022-11-08 14:30:00+00:00,3,30,-27,No Signal
2022-11-08 15:30:00+00:00,1,50,-49,No Signal
2022-11-08 16:30:00+00:00,1,56,-55,No Signal
2022-11-08 17:30:00+00:00,1,49,-48,No Signal
2022-11-08 18:30:00+00:00,2,19,-17,No Signal
2022-11-08 19:30:00+00:00,1,23,-22,No Signal
2022-11-08 20:30:00+00:00,1,15,-14,No Signal
2022-11-09 14:30:00+00:00,0,11,-11,No Signal
2022-11-09 15:30:00+00:00,4,9,-5,No Signal
2022-11-09 16:30:00+00:00,4,8,-4,No Signal
2022-11-09 17:30:00+00:00,4,6,-2,No Signal
2022-11-09 18:30:00+00:00,7,6,1,No Signal
2022-11-09 19:30:00+00:00,9,3,6,No Signal
2022-11-09 20:30:00+00:00,9,1,8,No Signal
2022-11-10 14:30:00+00:00,1,13,-12,No Signal
2022-11-10 15:30:00+00:00,2,7,-5,No Signal
2022-11-10 16:30:00+00:00,1,9,-8,No Signal
2022-11-10 17:30:00+00:00,1,21,-20,No Signal
2022-11-10 18:30:00+00:00,2,50,-48,No Signal
2022-11-10 19:30:00+00:00,1,45,-44,No Signal
2022-11-10 20:30:00+00:00,1,49,-48,No Signal
2022-11-11 14:30:00+00:00,5,67,-62,No Signal
2022-11-11 15:30:00+00:00,6,58,-52,No Signal
2022-11-11 16:30:00+00:00,5,61,-56,No Signal
2022-11-11 17:30:00+00:00,2,63,-61,No Signal
2022-11-11 18:30:00+00:00,1,63,-62,No Signal
2022-11-11 19:30:00+00:00,1,65,-64,No Signal
2022-11-11 20:30:00+00:00,1,67,-66,No Signal
2022-11-14 14:30:00+00:00,2,37,-35,No Signal
2022-11-14 15:30:00+00:00,3,31,-28,No Signal
2022-11-14 16:30:00+00:00,0,36,-36,No Signal
2022-11-14 17:30:00+00:00,0,43,-43,No Signal
2022-11-14 18:30:00+00:00,0,38,-38,No Signal
2022-11-14 19:30:00+00:00,3,22,-19,No Signal
2022-11-14 20:30:00+00:00,6,7,-1,No Signal
2022-11-15 14:30:00+00:00,2,16,-14,No Signal
2022-11-15 15:30:00+00:00,0,24,-24,No Signal
2022-11-15 16:30:00+00:00,0,17,-17,No Signal
2022-11-15 17:30:00+00:00,0,7,-7,No Signal
2022-11-15 18:30:00+00:00,1,7,-6,No Signal
2022-11-15 19:30:00+00:00,2,8,-6,No Signal
2022-11-15 20:30:00+00:00,2,6,-4,No Signal
2022-11-16 14:30:00+00:00,0,1,-1,No Signal
2022-11-16 15:30:00+00:00,0,3,-3,No Signal
2022-11-16 16:30:00+00:00,2,2,0,No Signal
2022-11-16 17:30:00+00:00,2,2,0,No Signal
2022-11-16 18:30:00+00:00,2,2,0,No Signal
2022-11-16 19:30:00+00:00,2,2,0,No Signal
2022-11-16 20:30:00+00:00,1,4,-3,No Signal
2022-11-17 14:30:00+00:00,49,0,49,Short
2022-11-17 15:30:00+00:00,41,0,41,No Signal
2022-11-17 16:30:00+00:00,45,2,43,No Signal
2022-11-17 17:30:00+00:00,17,10,7,No Signal
2022-11-17 18:30:00+00:00,35,4,31,No Signal
2022-11-17 19:30:00+00:00,41,1,40,No Signal
2022-11-17 20:30:00+00:00,29,3,26,No Signal
2022-11-18 14:30:00+00:00,15,8,7,No Signal
2022-11-18 15:30:00+00:00,16,11,5,No Signal
2022-11-18 16:30:00+00:00,24,6,18,No Signal
2022-11-18 17:30:00+00:00,22,8,14,No Signal
2022-11-18 18:30:00+00:00,21,9,12,No Signal
2022-11-18 19:30:00+00:00,14,11,3,No Signal
2022-11-18 20:30:00+00:00,13,10,3,No Signal
2022-11-21 14:30:00+00:00,14,20,-6,No Signal
2022-11-21 15:30:00+00:00,14,20,-6,No Signal
2022-11-21 16:30:00+00:00,18,11,7,No Signal
2022-11-21 17:30:00+00:00,18,10,8,No Signal
2022-11-21 18:30:00+00:00,17,13,4,No Signal
2022-11-21 19:30:00+00:00,14,19,-5,No Signal
2022-11-21 20:30:00+00:00,23,14,9,No Signal
2022-11-22 14:30:00+00:00,20,11,9,No Signal
2022-11-22 15:30:00+00:00,17,9,8,No Signal
2022-11-22 16:30:00+00:00,10,19,-9,No Signal
2022-11-22 17:30:00+00:00,10,18,-8,No Signal
2022-11-22 18:30:00+00:00,10,23,-13,No Signal
2022-11-22 19:30:00+00:00,11,25,-14,No Signal
2022-11-22 20:30:00+00:00,9,24,-15,No Signal
2022-11-23 14:30:00+00:00,0,46,-46,Long
2022-11-23 15:30:00+00:00,0,46,-46,No Signal
2022-11-23 16:30:00+00:00,0,42,-42,No Signal
2022-11-23 17:30:00+00:00,0,31,-31,No Signal
2022-11-23 18:30:00+00:00,0,46,-46,No Signal
2022-11-23 19:30:00+00:00,0,51,-51,No Signal
2022-11-23 20:30:00+00:00,0,47,-47,No Signal
2022-11-25 14:30:00+00:00,0,29,-29,No Signal
2022-11-25 15:30:00+00:00,0,28,-28,No Signal
2022-11-25 16:30:00+00:00,1,28,-27,No Signal
2022-11-28 14:30:00+00:00,4,14,-10,No Signal
2022-11-28 15:30:00+00:00,2,9,-7,No Signal
2022-11-28 16:30:00+00:00,5,9,-4,No Signal
2022-11-28 17:30:00+00:00,6,8,-2,No Signal
2022-11-28 18:30:00+00:00,37,3,34,Short
2022-11-28 19:30:00+00:00,47,2,45,No Signal
2022-11-28 20:30:00+00:00,31,3,28,No Signal
2022-11-29 14:30:00+00:00,28,6,22,No Signal
2022-11-29 15:30:00+00:00,54,2,52,No Signal
2022-11-29 16:30:00+00:00,52,2,50,No Signal
2022-11-29 17:30:00+00:00,51,2,49,No Signal
2022-11-29 18:30:00+00:00,40,4,36,No Signal
2022-11-29 19:30:00+00:00,37,4,33,No Signal
2022-11-29 20:30:00+00:00,37,4,33,No Signal
2022-11-30 14:30:00+00:00,21,5,16,No Signal
2022-11-30 15:30:00+00:00,18,5,13,No Signal
2022-11-30 16:30:00+00:00,23,4,19,No Signal
2022-11-30 17:30:00+00:00,12,4,8,No Signal
2022-11-30 18:30:00+00:00,1,33,-32,Long
2022-11-30 19:30:00+00:00,1,43,-42,No Signal
2022-11-30 20:30:00+00:00,2,45,-43,No Signal
2022-12-01 14:30:00+00:00,3,37,-34,No Signal
2022-12-01 15:30:00+00:00,0,62,-62,No Signal
2022-12-01 16:30:00+00:00,2,61,-59,No Signal
2022-12-01 17:30:00+00:00,1,60,-59,No Signal
2022-12-01 18:30:00+00:00,2,60,-58,No Signal
2022-12-01 19:30:00+00:00,1,62,-61,No Signal
2022-12-01 20:30:00+00:00,0,64,-64,No Signal
2022-12-02 14:30:00+00:00,1,31,-30,No Signal
2022-12-02 15:30:00+00:00,1,37,-36,No Signal
2022-12-02 16:30:00+00:00,0,43,-43,No Signal
2022-12-02 17:30:00+00:00,1,41,-40,No Signal
2022-12-02 18:30:00+00:00,3,18,-15,No Signal
2022-12-02 19:30:00+00:00,2,17,-15,No Signal
2022-12-02 20:30:00+00:00,5,10,-5,No Signal
2022-12-05 14:30:00+00:00,13,7,6,No Signal
2022-12-05 15:30:00+00:00,18,9,9,No Signal
2022-12-05 16:30:00+00:00,22,7,15,No Signal
2022-12-05 17:30:00+00:00,25,6,19,No Signal
2022-12-05 18:30:00+00:00,36,3,33,Short
2022-12-05 19:30:00+00:00,43,4,39,No Signal
2022-12-05 20:30:00+00:00,29,4,25,No Signal
2022-12-06 14:30:00+00:00,36,2,34,No Signal
2022-12-06 15:30:00+00:00,44,2,42,No Signal
2022-12-06 16:30:00+00:00,54,2,52,No Signal
2022-12-06 17:30:00+00:00,60,1,59,No Signal
2022-12-06 18:30:00+00:00,63,2,61,No Signal
2022-12-06 19:30:00+00:00,78,1,77,No Signal
2022-12-06 20:30:00+00:00,62,2,60,No Signal
2022-12-07 14:30:00+00:00,41,4,37,No Signal
2022-12-07 15:30:00+00:00,53,2,51,No Signal
2022-12-07 16:30:00+00:00,44,2,42,No Signal
2022-12-07 17:30:00+00:00,28,2,26,No Signal
2022-12-07 18:30:00+00:00,24,3,21,No Signal
2022-12-07 19:30:00+00:00,20,0,20,No Signal
2022-12-07 20:30:00+00:00,28,0,28,No Signal
2022-12-08 14:30:00+00:00,4,10,-6,No Signal
2022-12-08 15:30:00+00:00,6,8,-2,No Signal
2022-12-08 16:30:00+00:00,7,11,-4,No Signal
2022-12-08 17:30:00+00:00,5,22,-17,No Signal
2022-12-08 18:30:00+00:00,5,20,-15,No Signal
2022-12-08 19:30:00+00:00,3,24,-21,Long
2022-12-08 20:30:00+00:00,5,21,-16,No Signal
2022-12-09 14:30:00+00:00,6,25,-19,No Signal
2022-12-09 15:30:00+00:00,4,31,-27,No Signal
2022-12-09 16:30:00+00:00,4,32,-28,No Signal
2022-12-09 17:30:00+00:00,9,21,-12,No Signal
2022-12-09 18:30:00+00:00,8,24,-16,No Signal
2022-12-09 19:30:00+00:00,8,25,-17,No Signal
2022-12-09 20:30:00+00:00,10,10,0,No Signal
2022-12-12 14:30:00+00:00,24,4,20,Short
2022-12-12 15:30:00+00:00,19,8,11,No Signal
2022-12-12 16:30:00+00:00,14,9,5,No Signal
2022-12-12 17:30:00+00:00,17,8,9,No Signal
2022-12-12 18:30:00+00:00,12,6,6,No Signal
2022-12-12 19:30:00+00:00,9,11,-2,No Signal
2022-12-12 20:30:00+00:00,7,8,-1,No Signal
2022-12-13 14:30:00+00:00,4,45,-41,Long
2022-12-13 15:30:00+00:00,4,35,-31,No Signal
2022-12-13 16:30:00+00:00,4,5,-1,No Signal
2022-12-13 17:30:00+00:00,4,8,-4,No Signal
2022-12-13 18:30:00+00:00,5,9,-4,No Signal
2022-12-13 19:30:00+00:00,3,13,-10,No Signal
2022-12-13 20:30:00+00:00,3,26,-23,No Signal
2022-12-14 14:30:00+00:00,2,40,-38,No Signal
2022-12-14 15:30:00+00:00,3,37,-34,No Signal
2022-12-14 16:30:00+00:00,3,14,-11,No Signal
2022-12-14 17:30:00+00:00,2,17,-15,No Signal
2022-12-14 18:30:00+00:00,3,7,-4,No Signal
2022-12-14 19:30:00+00:00,10,6,4,No Signal
2022-12-14 20:30:00+00:00,9,5,4,No Signal
2022-12-15 14:30:00+00:00,52,0,52,Short
2022-12-15 15:30:00+00:00,52,1,51,No Signal
2022-12-15 16:30:00+00:00,39,1,38,No Signal
2022-12-15 17:30:00+00:00,61,1,60,No Signal
2022-12-15 18:30:00+00:00,60,0,60,No Signal
2022-12-15 19:30:00+00:00,50,0,50,No Signal
2022-12-15 20:30:00+00:00,53,0,53,No Signal
2022-12-16 14:30:00+00:00,72,0,72,No Signal
2022-12-16 15:30:00+00:00,73,0,73,No Signal
2022-12-16 16:30:00+00:00,76,1,75,No Signal
2022-12-16 17:30:00+00:00,79,0,79,No Signal
2022-12-16 18:30:00+00:00,75,0,75,No Signal
2022-12-16 19:30:00+00:00,55,0,55,No Signal
2022-12-16 20:30:00+00:00,59,2,57,No Signal
2022-12-19 14:30:00+00:00,26,2,24,No Signal
2022-12-19 15:30:00+00:00,29,1,28,No Signal
2022-12-19 16:30:00+00:00,33,3,30,No Signal
2022-12-19 17:30:00+00:00,25,1,24,No Signal
2022-12-19 18:30:00+00:00,30,1,29,No Signal
2022-12-19 19:30:00+00:00,41,1,40,No Signal
2022-12-19 20:30:00+00:00,26,1,25,No Signal
2022-12-20 14:30:00+00:00,7,5,2,No Signal
2022-12-20 15:30:00+00:00,16,1,15,No Signal
2022-12-20 16:30:00+00:00,7,0,7,No Signal
2022-12-20 17:30:00+00:00,5,5,0,No Signal
2022-12-20 18:30:00+00:00,6,1,5,No Signal
2022-12-20 19:30:00+00:00,15,0,15,No Signal
2022-12-20 20:30:00+00:00,12,0,12,No Signal
2022-12-21 14:30:00+00:00,6,6,0,No Signal
2022-12-21 15:30:00+00:00,3,10,-7,No Signal
2022-12-21 16:30:00+00:00,3,10,-7,No Signal
2022-12-21 17:30:00+00:00,3,11,-8,No Signal
2022-12-21 18:30:00+00:00,1,32,-31,Long
2022-12-21 19:30:00+00:00,3,20,-17,No Signal
2022-12-21 20:30:00+00:00,3,18,-15,No Signal
2022-12-22 14:30:00+00:00,11,4,7,No Signal
2022-12-22 15:30:00+00:00,5,4,1,No Signal
2022-12-22 16:30:00+00:00,22,4,18,No Signal
2022-12-22 17:30:00+00:00,24,5,19,No Signal
2022-12-22 18:30:00+00:00,12,3,9,No Signal
2022-12-22 19:30:00+00:00,5,4,1,No Signal
2022-12-22 20:30:00+00:00,4,3,1,No Signal
2022-12-23 14:30:00+00:00,11,2,9,No Signal
2022-12-23 15:30:00+00:00,27,2,25,Short
2022-12-23 16:30:00+00:00,14,2,12,No Signal
2022-12-23 17:30:00+00:00,20,3,17,No Signal
2022-12-23 18:30:00+00:00,23,2,21,No Signal
2022-12-23 19:30:00+00:00,19,3,16,No Signal
2022-12-23 20:30:00+00:00,17,1,16,No Signal
2022-12-27 14:30:00+00:00,6,10,-4,No Signal
2022-12-27 15:30:00+00:00,7,10,-3,No Signal
2022-12-27 16:30:00+00:00,3,20,-17,No Signal
2022-12-27 17:30:00+00:00,2,27,-25,Long
2022-12-27 18:30:00+00:00,9,16,-7,No Signal
2022-12-27 19:30:00+00:00,18,14,4,No Signal
2022-12-27 20:30:00+00:00,17,10,7,No Signal
2022-12-28 14:30:00+00:00,14,3,11,No Signal
2022-12-28 15:30:00+00:00,15,4,11,No Signal
2022-12-28 16:30:00+00:00,31,1,30,Short
2022-12-28 17:30:00+00:00,15,2,13,No Signal
2022-12-28 18:30:00+00:00,24,2,22,No Signal
2022-12-28 19:30:00+00:00,25,2,23,No Signal
2022-12-28 20:30:00+00:00,37,2,35,No Signal
2022-12-29 14:30:00+00:00,3,2,1,No Signal
2022-12-29 15:30:00+00:00,2,4,-2,No Signal
2022-12-29 16:30:00+00:00,0,8,-8,No Signal
2022-12-29 17:30:00+00:00,2,11,-9,No Signal
2022-12-29 18:30:00+00:00,1,14,-13,No Signal
2022-12-29 19:30:00+00:00,3,11,-8,No Signal
2022-12-29 20:30:00+00:00,1,14,-13,No Signal
2022-12-30 14:30:00+00:00,4,10,-6,No Signal
2022-12-30 15:30:00+00:00,4,14,-10,No Signal
2022-12-30 16:30:00+00:00,0,15,-15,No Signal
2022-12-30 17:30:00+00:00,4,4,0,No Signal
2022-12-30 18:30:00+00:00,6,14,-8,No Signal
2022-12-30 19:30:00+00:00,1,23,-22,Long
2022-12-30 20:30:00+00:00,0,35,-35,No Signal
2023-01-03 14:30:00+00:00,5,12,-7,No Signal
2023-01-03 15:30:00+00:00,10,8,2,No Signal
2023-01-03 16:30:00+00:00,22,3,19,No Signal
2023-01-03 17:30:00+00:00,13,4,9,No Signal
2023-01-03 18:30:00+00:00,12,4,8,No Signal
2023-01-03 19:30:00+00:00,5,3,2,No Signal
2023-01-03 20:30:00+00:00,5,2,3,No Signal
2023-01-04 14:30:00+00:00,4,21,-17,No Signal
2023-01-04 15:30:00+00:00,2,30,-28,No Signal
2023-01-04 16:30:00+00:00,1,34,-33,No Signal
2023-01-04 17:30:00+00:00,1,40,-39,No Signal
2023-01-04 18:30:00+00:00,1,22,-21,No Signal
2023-01-04 19:30:00+00:00,2,18,-16,No Signal
2023-01-04 20:30:00+00:00,6,18,-12,No Signal
2023-01-05 14:30:00+00:00,7,13,-6,No Signal
2023-01-05 15:30:00+00:00,6,15,-9,No Signal
2023-01-05 16:30:00+00:00,8,18,-10,No Signal
2023-01-05 17:30:00+00:00,8,20,-12,No Signal
2023-01-05 18:30:00+00:00,7,17,-10,No Signal
2023-01-05 19:30:00+00:00,14,14,0,No Signal
2023-01-05 20:30:00+00:00,15,16,-1,No Signal
2023-01-06 14:30:00+00:00,9,11,-2,No Signal
2023-01-06 15:30:00+00:00,8,11,-3,No Signal
2023-01-06 16:30:00+00:00,11,12,-1,No Signal
2023-01-06 17:30:00+00:00,7,14,-7,No Signal
2023-01-06 18:30:00+00:00,5,33,-28,No Signal
2023-01-06 19:30:00+00:00,5,30,-25,No Signal
2023-01-06 20:30:00+00:00,5,24,-19,No Signal
2023-01-09 14:30:00+00:00,4,55,-51,No Signal
2023-01-09 15:30:00+00:00,2,63,-61,No Signal
2023-01-09 16:30:00+00:00,3,64,-61,No Signal
2023-01-09 17:30:00+00:00,2,59,-57,No Signal
2023-01-09 18:30:00+00:00,2,56,-54,No Signal
2023-01-09 19:30:00+00:00,3,48,-45,No Signal
2023-01-09 20:30:00+00:00,5,47,-42,No Signal
2023-01-10 14:30:00+00:00,3,31,-28,No Signal
2023-01-10 15:30:00+00:00,3,18,-15,No Signal
2023-01-10 16:30:00+00:00,3,21,-18,No Signal
2023-01-10 17:30:00+00:00,3,17,-14,No Signal
2023-01-10 18:30:00+00:00,3,17,-14,No Signal
2023-01-10 19:30:00+00:00,5,12,-7,No Signal
2023-01-10 20:30:00+00:00,2,17,-15,No Signal
2023-01-11 14:30:00+00:00,3,10,-7,No Signal
2023-01-11 15:30:00+00:00,10,7,3,No Signal
2023-01-11 16:30:00+00:00,8,8,0,No Signal
2023-01-11 17:30:00+00:00,8,12,-4,No Signal
2023-01-11 18:30:00+00:00,5,14,-9,No Signal
2023-01-11 19:30:00+00:00,2,34,-32,No Signal
2023-01-11 20:30:00+00:00,2,47,-45,No Signal
2023-01-12 14:30:00+00:00,3,35,-32,No Signal
2023-01-12 15:30:00+00:00,4,34,-30,No Signal
2023-01-12 16:30:00+00:00,1,45,-44,No Signal
2023-01-12 17:30:00+00:00,2,31,-29,No Signal
2023-01-12 18:30:00+00:00,4,33,-29,No Signal
2023-01-12 19:30:00+00:00,3,32,-29,No Signal
2023-01-12 20:30:00+00:00,3,30,-27,No Signal
2023-01-13 14:30:00+00:00,3,24,-21,No Signal
2023-01-13 15:30:00+00:00,3,20,-17,No Signal
2023-01-13 16:30:00+00:00,3,19,-16,No Signal
2023-01-13 17:30:00+00:00,3,18,-15,No Signal
2023-01-13 18:30:00+00:00,4,20,-16,No Signal
2023-01-13 19:30:00+00:00,8,24,-16,No Signal
2023-01-13 20:30:00+00:00,4,21,-17,No Signal
2023-01-17 14:30:00+00:00,1,33,-32,No Signal
2023-01-17 15:30:00+00:00,2,30,-28,No Signal
2023-01-17 16:30:00+00:00,10,20,-10,No Signal
2023-01-17 17:30:00+00:00,3,33,-30,No Signal
2023-01-17 18:30:00+00:00,11,27,-16,No Signal
2023-01-17 19:30:00+00:00,7,28,-21,No Signal
2023-01-17 20:30:00+00:00,7,26,-19,No Signal
2023-01-18 14:30:00+00:00,10,36,-26,No Signal
2023-01-18 15:30:00+00:00,15,9,6,No Signal
2023-01-18 16:30:00+00:00,15,2,13,No Signal
2023-01-18 17:30:00+00:00,17,6,11,No Signal
2023-01-18 18:30:00+00:00,17,2,15,No Signal
2023-01-18 19:30:00+00:00,20,2,18,No Signal
2023-01-18 20:30:00+00:00,27,1,26,Short
2023-01-19 14:30:00+00:00,37,0,37,No Signal
2023-01-19 15:30:00+00:00,36,0,36,No Signal
2023-01-19 16:30:00+00:00,34,0,34,No Signal
2023-01-19 17:30:00+00:00,40,0,40,No Signal
2023-01-19 18:30:00+00:00,33,0,33,No Signal
2023-01-19 19:30:00+00:00,29,0,29,No Signal
2023-01-19 20:30:00+00:00,38,0,38,No Signal
2023-01-20 14:30:00+00:00,53,3,50,No Signal
2023-01-20 15:30:00+00:00,27,7,20,No Signal
2023-01-20 16:30:00+00:00,22,10,12,No Signal
2023-01-20 17:30:00+00:00,22,7,15,No Signal
2023-01-20 18:30:00+00:00,10,9,1,No Signal
2023-01-20 19:30:00+00:00,6,10,-4,No Signal
2023-01-20 20:30:00+00:00,2,15,-13,No Signal
2023-01-23 14:30:00+00:00,2,52,-50,Long
2023-01-23 15:30:00+00:00,2,68,-66,No Signal
2023-01-23 16:30:00+00:00,1,64,-63,No Signal
2023-01-23 17:30:00+00:00,1,65,-64,No Signal
2023-01-23 18:30:00+00:00,1,57,-56,No Signal
2023-01-23 19:30:00+00:00,1,58,-57,No Signal
2023-01-23 20:30:00+00:00,1,70,-69,No Signal
2023-01-24 14:30:00+00:00,1,50,-49,No Signal
2023-01-24 15:30:00+00:00,1,52,-51,No Signal
2023-01-24 16:30:00+00:00,1,51,-50,No Signal
2023-01-24 17:30:00+00:00,1,55,-54,No Signal
2023-01-24 18:30:00+00:00,1,46,-45,No Signal
2023-01-24 19:30:00+00:00,1,43,-42,No Signal
2023-01-24 20:30:00+00:00,2,40,-38,No Signal
2023-01-25 14:30:00+00:00,29,3,26,Short
2023-01-25 15:30:00+00:00,19,6,13,No Signal
2023-01-25 16:30:00+00:00,18,4,14,No Signal
2023-01-25 17:30:00+00:00,14,3,11,No Signal
2023-01-25 18:30:00+00:00,10,6,4,No Signal
2023-01-25 19:30:00+00:00,9,10,-1,No Signal
2023-01-25 20:30:00+00:00,7,8,-1,No Signal
2023-01-26 14:30:00+00:00,3,16,-13,No Signal
2023-01-26 15:30:00+00:00,5,9,-4,No Signal
2023-01-26 16:30:00+00:00,3,11,-8,No Signal
2023-01-26 17:30:00+00:00,2,13,-11,No Signal
2023-01-26 18:30:00+00:00,3,15,-12,No Signal
2023-01-26 19:30:00+00:00,3,16,-13,No Signal
2023-01-26 20:30:00+00:00,5,16,-11,No Signal
2023-01-27 14:30:00+00:00,2,59,-57,Long
2023-01-27 15:30:00+00:00,4,53,-49,No Signal
2023-01-27 16:30:00+00:00,4,51,-47,No Signal
2023-01-27 17:30:00+00:00,4,48,-44,No Signal
2023-01-27 18:30:00+00:00,4,49,-45,No Signal
2023-01-27 19:30:00+00:00,7,49,-42,No Signal
2023-01-27 20:30:00+00:00,7,35,-28,No Signal
2023-01-30 14:30:00+00:00,6,6,0,No Signal
2023-01-30 15:30:00+00:00,3,9,-6,No Signal
2023-01-30 16:30:00+00:00,8,6,2,No Signal
2023-01-30 17:30:00+00:00,9,5,4,No Signal
2023-01-30 18:30:00+00:00,12,3,9,No Signal
2023-01-30 19:30:00+00:00,25,0,25,Short
2023-01-30 20:30:00+00:00,27,0,27,No Signal
2023-01-31 14:30:00+00:00,15,1,14,No Signal
2023-01-31 15:30:00+00:00,8,0,8,No Signal
2023-01-31 16:30:00+00:00,13,0,13,No Signal
2023-01-31 17:30:00+00:00,18,2,16,No Signal
2023-01-31 18:30:00+00:00,18,2,16,No Signal
2023-01-31 19:30:00+00:00,32,1,31,No Signal
2023-01-31 20:30:00+00:00,13,7,6,No Signal
2023-02-01 14:30:00+00:00,5,15,-10,No Signal
2023-02-01 15:30:00+00:00,6,11,-5,No Signal
2023-02-01 16:30:00+00:00,7,9,-2,No Signal
2023-02-01 17:30:00+00:00,6,16,-10,No Signal
2023-02-01 18:30:00+00:00,5,22,-17,No Signal
2023-02-01 19:30:00+00:00,2,59,-57,Long
2023-02-01 20:30:00+00:00,2,59,-57,No Signal
2023-02-02 14:30:00+00:00,4,63,-59,No Signal
2023-02-02 15:30:00+00:00,4,65,-61,No Signal
2023-02-02 16:30:00+00:00,4,62,-58,No Signal
2023-02-02 17:30:00+00:00,3,59,-56,No Signal
2023-02-02 18:30:00+00:00,4,54,-50,No Signal
2023-02-02 19:30:00+00:00,3,56,-53,No Signal
2023-02-02 20:30:00+00:00,4,52,-48,No Signal
2023-02-03 14:30:00+00:00,3,28,-25,No Signal
2023-02-03 15:30:00+00:00,2,37,-35,No Signal
2023-02-03 16:30:00+00:00,2,39,-37,No Signal
2023-02-03 17:30:00+00:00,4,19,-15,No Signal
2023-02-03 18:30:00+00:00,5,9,-4,No Signal
2023-02-03 19:30:00+00:00,11,3,8,No Signal
2023-02-03 20:30:00+00:00,12,4,8,No Signal
2023-02-06 14:30:00+00:00,29,3,26,Short
2023-02-06 15:30:00+00:00,26,3,23,No Signal
2023-02-06 16:30:00+00:00,36,2,34,No Signal
2023-02-06 17:30:00+00:00,43,2,41,No Signal
2023-02-06 18:30:00+00:00,33,4,29,No Signal
2023-02-06 19:30:00+00:00,38,2,36,No Signal
2023-02-06 20:30:00+00:00,46,1,45,No Signal
2023-02-07 14:30:00+00:00,37,0,37,No Signal
2023-02-07 15:30:00+00:00,43,0,43,No Signal
2023-02-07 16:30:00+00:00,39,1,38,No Signal
2023-02-07 17:30:00+00:00,24,2,22,No Signal
2023-02-07 18:30:00+00:00,7,4,3,No Signal
2023-02-07 19:30:00+00:00,2,9,-7,No Signal
2023-02-07 20:30:00+00:00,1,10,-9,No Signal
2023-02-08 14:30:00+00:00,1,11,-10,No Signal
2023-02-08 15:30:00+00:00,8,4,4,No Signal
2023-02-08 16:30:00+00:00,4,8,-4,No Signal
2023-02-08 17:30:00+00:00,4,5,-1,No Signal
2023-02-08 18:30:00+00:00,5,6,-1,No Signal
2023-02-08 19:30:00+00:00,5,7,-2,No Signal
2023-02-08 20:30:00+00:00,8,8,0,No Signal
2023-02-09 14:30:00+00:00,3,21,-18,No Signal
2023-02-09 15:30:00+00:00,6,12,-6,No Signal
2023-02-09 16:30:00+00:00,7,15,-8,No Signal
2023-02-09 17:30:00+00:00,7,11,-4,No Signal
2023-02-09 18:30:00+00:00,20,4,16,No Signal
2023-02-09 19:30:00+00:00,44,1,43,No Signal
2023-02-09 20:30:00+00:00,41,1,40,No Signal
2023-02-10 14:30:00+00:00,28,3,25,No Signal
2023-02-10 15:30:00+00:00,24,5,19,No Signal
2023-02-10 16:30:00+00:00,37,5,32,No Signal
2023-02-10 17:30:00+00:00,20,4,16,No Signal
2023-02-10 18:30:00+00:00,24,4,20,No Signal
2023-02-10 19:30:00+00:00,19,4,15,No Signal
2023-02-10 20:30:00+00:00,15,6,9,No Signal
2023-02-13 14:30:00+00:00,18,4,14,No Signal
2023-02-13 15:30:00+00:00,11,12,-1,No Signal
2023-02-13 16:30:00+00:00,10,12,-2,No Signal
2023-02-13 17:30:00+00:00,5,18,-13,No Signal
2023-02-13 18:30:00+00:00,5,23,-18,No Signal
2023-02-13 19:30:00+00:00,4,24,-20,Long
2023-02-13 20:30:00+00:00,4,28,-24,No Signal
2023-02-14 14:30:00+00:00,4,28,-24,No Signal
2023-02-14 15:30:00+00:00,4,15,-11,No Signal
2023-02-14 16:30:00+00:00,2,24,-22,No Signal
2023-02-14 17:30:00+00:00,1,25,-24,No Signal
2023-02-14 18:30:00+00:00,2,39,-37,No Signal
2023-02-14 19:30:00+00:00,1,41,-40,No Signal
2023-02-14 20:30:00+00:00,2,37,-35,No Signal
2023-02-15 14:30:00+00:00,6,21,-15,No Signal
2023-02-15 15:30:00+00:00,7,22,-15,No Signal
2023-02-15 16:30:00+00:00,8,18,-10,No Signal
2023-02-15 17:30:00+00:00,8,23,-15,No Signal
2023-02-15 18:30:00+00:00,6,27,-21,No Signal
2023-02-15 19:30:00+00:00,4,24,-20,No Signal
2023-02-15 20:30:00+00:00,1,25,-24,No Signal
2023-02-16 14:30:00+00:00,7,10,-3,No Signal
2023-02-16 15:30:00+00:00,2,26,-24,No Signal
2023-02-16 16:30:00+00:00,5,22,-17,No Signal
2023-02-16 17:30:00+00:00,7,16,-9,No Signal
2023-02-16 18:30:00+00:00,6,17,-11,No Signal
2023-02-16 19:30:00+00:00,12,5,7,No Signal
2023-02-16 20:30:00+00:00,16,5,11,No Signal
2023-02-17 14:30:00+00:00,20,5,15,No Signal
2023-02-17 15:30:00+00:00,35,1,34,Short
2023-02-17 16:30:00+00:00,32,2,30,No Signal
2023-02-17 17:30:00+00:00,46,1,45,No Signal
2023-02-17 18:30:00+00:00,45,1,44,No Signal
2023-02-17 19:30:00+00:00,40,1,39,No Signal
2023-02-17 20:30:00+00:00,45,1,44,No Signal
2023-02-21 14:30:00+00:00,55,3,52,No Signal
2023-02-21 15:30:00+00:00,60,2,58,No Signal
2023-02-21 16:30:00+00:00,62,2,60,No Signal
2023-02-21 17:30:00+00:00,60,0,60,No Signal
2023-02-21 18:30:00+00:00,66,1,65,No Signal
2023-02-21 19:30:00+00:00,57,2,55,No Signal
2023-02-21 20:30:00+00:00,55,3,52,No Signal
2023-02-22 14:30:00+00:00,45,2,43,No Signal
2023-02-22 15:30:00+00:00,32,2,30,No Signal
2023-02-22 16:30:00+00:00,33,4,29,No Signal
2023-02-22 17:30:00+00:00,23,5,18,No Signal
2023-02-22 18:30:00+00:00,36,3,33,No Signal
2023-02-22 19:30:00+00:00,49,3,46,No Signal
2023-02-22 20:30:00+00:00,49,2,47,No Signal
2023-02-23 14:30:00+00:00,23,9,14,No Signal
2023-02-23 15:30:00+00:00,30,4,26,No Signal
2023-02-23 16:30:00+00:00,31,6,25,No Signal
2023-02-23 17:30:00+00:00,22,5,17,No Signal
2023-02-23 18:30:00+00:00,12,8,4,No Signal
2023-02-23 19:30:00+00:00,7,10,-3,No Signal
2023-02-23 20:30:00+00:00,6,11,-5,No Signal
2023-02-24 14:30:00+00:00,18,5,13,No Signal
2023-02-24 15:30:00+00:00,22,4,18,No Signal
2023-02-24 16:30:00+00:00,23,3,20,No Signal
2023-02-24 17:30:00+00:00,28,2,26,No Signal
2023-02-24 18:30:00+00:00,19,2,17,No Signal
2023-02-24 19:30:00+00:00,17,2,15,No Signal
2023-02-24 20:30:00+00:00,14,3,11,No Signal
2023-02-27 14:30:00+00:00,5,1,4,No Signal
2023-02-27 15:30:00+00:00,6,3,3,No Signal
2023-02-27 16:30:00+00:00,4,4,0,No Signal
2023-02-27 17:30:00+00:00,3,4,-1,No Signal
2023-02-27 18:30:00+00:00,8,2,6,No Signal
2023-02-27 19:30:00+00:00,19,0,19,No Signal
2023-02-27 20:30:00+00:00,15,2,13,No Signal
2023-02-28 14:30:00+00:00,3,23,-20,Long
2023-02-28 15:30:00+00:00,4,20,-16,No Signal
2023-02-28 16:30:00+00:00,3,22,-19,No Signal
2023-02-28 17:30:00+00:00,1,27,-26,No Signal
2023-02-28 18:30:00+00:00,3,25,-22,No Signal
2023-02-28 19:30:00+00:00,2,20,-18,No Signal
2023-02-28 20:30:00+00:00,3,12,-9,No Signal
2023-03-01 14:30:00+00:00,28,5,23,Short
2023-03-01 15:30:00+00:00,27,7,20,No Signal
2023-03-01 16:30:00+00:00,15,11,4,No Signal
2023-03-01 17:30:00+00:00,24,4,20,No Signal
2023-03-01 18:30:00+00:00,26,3,23,No Signal
2023-03-01 19:30:00+00:00,20,4,16,No Signal
2023-03-01 20:30:00+00:00,17,6,11,No Signal
2023-03-02 14:30:00+00:00,17,6,11,No Signal
2023-03-02 15:30:00+00:00,24,6,18,No Signal
2023-03-02 16:30:00+00:00,23,8,15,No Signal
2023-03-02 17:30:00+00:00,25,8,17,No Signal
2023-03-02 18:30:00+00:00,5,12,-7,No Signal
2023-03-02 19:30:00+00:00,3,14,-11,No Signal
2023-03-02 20:30:00+00:00,3,18,-15,No Signal
2023-03-03 14:30:00+00:00,0,34,-34,Long
2023-03-03 15:30:00+00:00,1,45,-44,No Signal
2023-03-03 16:30:00+00:00,1,40,-39,No Signal
2023-03-03 17:30:00+00:00,0,55,-55,No Signal
2023-03-03 18:30:00+00:00,0,60,-60,No Signal
2023-03-03 19:30:00+00:00,0,60,-60,No Signal
2023-03-03 20:30:00+00:00,0,57,-57,No Signal
2023-03-06 14:30:00+00:00,1,68,-67,No Signal
2023-03-06 15:30:00+00:00,1,72,-71,No Signal
2023-03-06 16:30:00+00:00,1,68,-67,No Signal
2023-03-06 17:30:00+00:00,1,61,-60,No Signal
2023-03-06 18:30:00+00:00,5,36,-31,No Signal
2023-03-06 19:30:00+00:00,5,30,-25,No Signal
2023-03-06 20:30:00+00:00,5,31,-26,No Signal
2023-03-07 14:30:00+00:00,8,9,-1,No Signal
2023-03-07 15:30:00+00:00,10,4,6,No Signal
2023-03-07 16:30:00+00:00,10,4,6,No Signal
2023-03-07 17:30:00+00:00,19,4,15,No Signal
2023-03-07 18:30:00+00:00,25,4,21,Short
2023-03-07 19:30:00+00:00,32,1,31,No Signal
2023-03-07 20:30:00+00:00,30,2,28,No Signal
2023-03-08 14:30:00+00:00,36,1,35,No Signal
2023-03-08 15:30:00+00:00,36,1,35,No Signal
2023-03-08 16:30:00+00:00,43,2,41,No Signal
2023-03-08 17:30:00+00:00,40,1,39,No Signal
2023-03-08 18:30:00+00:00,32,2,30,No Signal
2023-03-08 19:30:00+00:00,25,3,22,No Signal
2023-03-08 20:30:00+00:00,16,2,14,No Signal
2023-03-09 14:30:00+00:00,13,15,-2,No Signal
2023-03-09 15:30:00+00:00,13,15,-2,No Signal
2023-03-09 16:30:00+00:00,15,12,3,No Signal
2023-03-09 17:30:00+00:00,15,5,10,No Signal
2023-03-09 18:30:00+00:00,16,2,14,No Signal
2023-03-09 19:30:00+00:00,24,0,24,No Signal
2023-03-09 20:30:00+00:00,24,1,23,No Signal
2023-03-10 14:30:00+00:00,39,2,37,No Signal
2023-03-10 15:30:00+00:00,17,1,16,No Signal
2023-03-10 16:30:00+00:00,31,1,30,No Signal
2023-03-10 17:30:00+00:00,35,0,35,No Signal
2023-03-10 18:30:00+00:00,50,1,49,No Signal
2023-03-10 19:30:00+00:00,35,1,34,No Signal
2023-03-10 20:30:00+00:00,53,0,53,No Signal
2023-03-13 13:30:00+00:00,61,0,61,No Signal
2023-03-13 14:30:00+00:00,17,3,14,No Signal
2023-03-13 15:30:00+00:00,24,2,22,No Signal
2023-03-13 16:30:00+00:00,20,2,18,No Signal
2023-03-13 17:30:00+00:00,5,3,2,No Signal
2023-03-13 18:30:00+00:00,4,3,1,No Signal
2023-03-13 19:30:00+00:00,4,2,2,No Signal
2023-03-14 13:30:00+00:00,0,3,-3,No Signal
2023-03-14 14:30:00+00:00,1,3,-2,No Signal
2023-03-14 15:30:00+00:00,0,7,-7,No Signal
2023-03-14 16:30:00+00:00,0,10,-10,No Signal
2023-03-14 17:30:00+00:00,0,13,-13,No Signal
2023-03-14 18:30:00+00:00,0,10,-10,No Signal
2023-03-14 19:30:00+00:00,0,14,-14,No Signal
2023-03-15 13:30:00+00:00,1,7,-6,No Signal
2023-03-15 14:30:00+00:00,9,3,6,No Signal
2023-03-15 15:30:00+00:00,7,4,3,No Signal
2023-03-15 16:30:00+00:00,4,9,-5,No Signal
2023-03-15 17:30:00+00:00,5,10,-5,No Signal
2023-03-15 18:30:00+00:00,2,18,-16,No Signal
2023-03-15 19:30:00+00:00,3,19,-16,No Signal
2023-03-16 13:30:00+00:00,9,11,-2,No Signal
2023-03-16 14:30:00+00:00,2,16,-14,No Signal
2023-03-16 15:30:00+00:00,2,13,-11,No Signal
2023-03-16 16:30:00+00:00,1,17,-16,No Signal
2023-03-16 17:30:00+00:00,0,20,-20,Long
2023-03-16 18:30:00+00:00,0,34,-34,No Signal
2023-03-16 19:30:00+00:00,0,20,-20,No Signal
2023-03-17 13:30:00+00:00,1,37,-36,No Signal
2023-03-17 14:30:00+00:00,2,28,-26,No Signal
2023-03-17 15:30:00+00:00,0,35,-35,No Signal
2023-03-17 16:30:00+00:00,3,35,-32,No Signal
2023-03-17 17:30:00+00:00,3,21,-18,No Signal
2023-03-17 18:30:00+00:00,4,22,-18,No Signal
2023-03-17 19:30:00+00:00,3,22,-19,No Signal
2023-03-20 13:30:00+00:00,1,20,-19,No Signal
2023-03-20 14:30:00+00:00,4,8,-4,No Signal
2023-03-20 15:30:00+00:00,7,4,3,No Signal
2023-03-20 16:30:00+00:00,7,5,2,No Signal
2023-03-20 17:30:00+00:00,3,4,-1,No Signal
2023-03-20 18:30:00+00:00,5,4,1,No Signal
2023-03-20 19:30:00+00:00,4,5,-1,No Signal
2023-03-21 13:30:00+00:00,4,18,-14,No Signal
2023-03-21 14:30:00+00:00,2,28,-26,No Signal
2023-03-21 15:30:00+00:00,2,19,-17,No Signal
2023-03-21 16:30:00+00:00,3,20,-17,No Signal
2023-03-21 17:30:00+00:00,2,33,-31,No Signal
2023-03-21 18:30:00+00:00,1,34,-33,No Signal
2023-03-21 19:30:00+00:00,3,38,-35,No Signal
2023-03-22 13:30:00+00:00,3,31,-28,No Signal
2023-03-22 14:30:00+00:00,3,20,-17,No Signal
2023-03-22 15:30:00+00:00,3,32,-29,No Signal
2023-03-22 16:30:00+00:00,6,25,-19,No Signal
2023-03-22 17:30:00+00:00,5,33,-28,No Signal
2023-03-22 18:30:00+00:00,6,28,-22,No Signal
2023-03-22 19:30:00+00:00,16,0,16,No Signal
2023-03-23 13:30:00+00:00,9,4,5,No Signal
2023-03-23 14:30:00+00:00,2,7,-5,No Signal
2023-03-23 15:30:00+00:00,4,7,-3,No Signal
2023-03-23 16:30:00+00:00,5,3,2,No Signal
2023-03-23 17:30:00+00:00,11,2,9,No Signal
2023-03-23 18:30:00+00:00,16,1,15,No Signal
2023-03-23 19:30:00+00:00,16,3,13,No Signal
2023-03-24 13:30:00+00:00,9,3,6,No Signal
2023-03-24 14:30:00+00:00,12,2,10,No Signal
2023-03-24 15:30:00+00:00,7,5,2,No Signal
2023-03-24 16:30:00+00:00,4,4,0,No Signal
2023-03-24 17:30:00+00:00,10,4,6,No Signal
2023-03-24 18:30:00+00:00,4,5,-1,No Signal
2023-03-24 19:30:00+00:00,1,20,-19,No Signal
2023-03-27 14:30:00+01:00,9,13,-4,No Signal
2023-03-27 15:30:00+01:00,19,6,13,No Signal
2023-03-27 16:30:00+01:00,17,5,12,No Signal
2023-03-27 17:30:00+01:00,11,15,-4,No Signal
2023-03-27 18:30:00+01:00,6,23,-17,No Signal
2023-03-27 19:30:00+01:00,6,30,-24,No Signal
2023-03-27 20:30:00+01:00,15,20,-5,No Signal
2023-03-28 14:30:00+01:00,19,22,-3,No Signal
2023-03-28 15:30:00+01:00,9,35,-26,No Signal
2023-03-28 16:30:00+01:00,14,19,-5,No Signal
2023-03-28 17:30:00+01:00,13,15,-2,No Signal
2023-03-28 18:30:00+01:00,17,6,11,No Signal
2023-03-28 19:30:00+01:00,22,5,17,No Signal
2023-03-28 20:30:00+01:00,16,9,7,No Signal
2023-03-29 14:30:00+01:00,8,15,-7,No Signal
2023-03-29 15:30:00+01:00,6,16,-10,No Signal
2023-03-29 16:30:00+01:00,3,21,-18,No Signal
2023-03-29 17:30:00+01:00,4,22,-18,No Signal
2023-03-29 18:30:00+01:00,6,17,-11,No Signal
2023-03-29 19:30:00+01:00,4,25,-21,No Signal
2023-03-29 20:30:00+01:00,2,27,-25,No Signal
2023-03-30 14:30:00+01:00,2,57,-55,No Signal
2023-03-30 15:30:00+01:00,2,51,-49,No Signal
2023-03-30 16:30:00+01:00,2,51,-49,No Signal
2023-03-30 17:30:00+01:00,4,47,-43,No Signal
2023-03-30 18:30:00+01:00,3,57,-54,No Signal
2023-03-30 19:30:00+01:00,3,62,-59,No Signal
2023-03-30 20:30:00+01:00,5,55,-50,No Signal
2023-03-31 14:30:00+01:00,2,48,-46,No Signal
2023-03-31 15:30:00+01:00,2,57,-55,No Signal
2023-03-31 16:30:00+01:00,2,57,-55,No Signal
2023-03-31 17:30:00+01:00,2,46,-44,No Signal
2023-03-31 18:30:00+01:00,2,44,-42,No Signal
2023-03-31 19:30:00+01:00,2,53,-51,No Signal
2023-03-31 20:30:00+01:00,3,51,-48,No Signal
2023-04-03 14:30:00+01:00,5,24,-19,No Signal
2023-04-03 15:30:00+01:00,5,19,-14,No Signal
2023-04-03 16:30:00+01:00,6,31,-25,No Signal
2023-04-03 17:30:00+01:00,5,29,-24,No Signal
2023-04-03 18:30:00+01:00,4,25,-21,No Signal
2023-04-03 19:30:00+01:00,4,24,-20,No Signal
2023-04-03 20:30:00+01:00,4,24,-20,No Signal
2023-04-04 14:30:00+01:00,5,15,-10,No Signal
2023-04-04 15:30:00+01:00,11,12,-1,No Signal
2023-04-04 16:30:00+01:00,24,6,18,No Signal
2023-04-04 17:30:00+01:00,16,8,8,No Signal
2023-04-04 18:30:00+01:00,19,5,14,No Signal
2023-04-04 19:30:00+01:00,33,4,29,Short
2023-04-04 20:30:00+01:00,26,5,21,No Signal
2023-04-05 14:30:00+01:00,34,8,26,No Signal
2023-04-05 15:30:00+01:00,36,9,27,No Signal
2023-04-05 16:30:00+01:00,35,7,28,No Signal
2023-04-05 17:30:00+01:00,31,9,22,No Signal
2023-04-05 18:30:00+01:00,28,9,19,No Signal
2023-04-05 19:30:00+01:00,36,8,28,No Signal
2023-04-05 20:30:00+01:00,39,8,31,No Signal
2023-04-06 14:30:00+01:00,47,8,39,No Signal
2023-04-06 15:30:00+01:00,36,10,26,No Signal
2023-04-06 16:30:00+01:00,21,14,7,No Signal
2023-04-06 17:30:00+01:00,25,14,11,No Signal
2023-04-06 18:30:00+01:00,18,14,4,No Signal
2023-04-06 19:30:00+01:00,17,14,3,No Signal
2023-04-06 20:30:00+01:00,24,12,12,No Signal
2023-04-10 14:30:00+01:00,16,3,13,No Signal
2023-04-10 15:30:00+01:00,4,10,-6,No Signal
2023-04-10 16:30:00+01:00,7,9,-2,No Signal
2023-04-10 17:30:00+01:00,2,13,-11,No Signal
2023-04-10 18:30:00+01:00,3,14,-11,No Signal
2023-04-10 19:30:00+01:00,2,12,-10,No Signal
2023-04-10 20:30:00+01:00,1,11,-10,No Signal
2023-04-11 14:30:00+01:00,2,20,-18,No Signal
2023-04-11 15:30:00+01:00,3,18,-15,No Signal
2023-04-11 16:30:00+01:00,7,17,-10,No Signal
2023-04-11 17:30:00+01:00,5,16,-11,No Signal
2023-04-11 18:30:00+01:00,1,16,-15,No Signal
2023-04-11 19:30:00+01:00,3,20,-17,No Signal
2023-04-11 20:30:00+01:00,4,14,-10,No Signal
2023-04-12 14:30:00+01:00,2,39,-37,Long
2023-04-12 15:30:00+01:00,4,17,-13,No Signal
2023-04-12 16:30:00+01:00,3,18,-15,No Signal
2023-04-12 17:30:00+01:00,5,13,-8,No Signal
2023-04-12 18:30:00+01:00,8,9,-1,No Signal
2023-04-12 19:30:00+01:00,16,5,11,No Signal
2023-04-12 20:30:00+01:00,16,3,13,No Signal
2023-04-13 14:30:00+01:00,13,6,7,No Signal
2023-04-13 15:30:00+01:00,12,9,3,No Signal
2023-04-13 16:30:00+01:00,7,4,3,No Signal
2023-04-13 17:30:00+01:00,4,3,1,No Signal
2023-04-13 18:30:00+01:00,4,6,-2,No Signal
2023-04-13 19:30:00+01:00,5,6,-1,No Signal
2023-04-13 20:30:00+01:00,4,8,-4,No Signal
2023-04-14 14:30:00+01:00,5,2,3,No Signal
2023-04-14 15:30:00+01:00,4,10,-6,No Signal
2023-04-14 16:30:00+01:00,8,6,2,No Signal
2023-04-14 17:30:00+01:00,9,3,6,No Signal
2023-04-14 18:30:00+01:00,1,10,-9,No Signal
2023-04-14 19:30:00+01:00,2,23,-21,No Signal
2023-04-14 20:30:00+01:00,1,26,-25,No Signal
2023-04-17 14:30:00+01:00,6,18,-12,No Signal
2023-04-17 15:30:00+01:00,8,12,-4,No Signal
2023-04-17 16:30:00+01:00,12,9,3,No Signal
2023-04-17 17:30:00+01:00,10,9,1,No Signal
2023-04-17 18:30:00+01:00,11,7,4,No Signal
2023-04-17 19:30:00+01:00,11,9,2,No Signal
2023-04-17 20:30:00+01:00,8,9,-1,No Signal
2023-04-18 14:30:00+01:00,5,17,-12,No Signal
2023-04-18 15:30:00+01:00,6,22,-16,No Signal
2023-04-18 16:30:00+01:00,5,25,-20,No Signal
2023-04-18 17:30:00+01:00,7,26,-19,No Signal
2023-04-18 18:30:00+01:00,7,22,-15,No Signal
2023-04-18 19:30:00+01:00,7,22,-15,No Signal
2023-04-18 20:30:00+01:00,8,19,-11,No Signal
2023-04-19 14:30:00+01:00,14,5,9,No Signal
2023-04-19 15:30:00+01:00,11,7,4,No Signal
2023-04-19 16:30:00+01:00,5,14,-9,No Signal
2023-04-19 17:30:00+01:00,8,13,-5,No Signal
2023-04-19 18:30:00+01:00,8,13,-5,No Signal
2023-04-19 19:30:00+01:00,15,12,3,No Signal
2023-04-19 20:30:00+01:00,19,10,9,No Signal
2023-04-20 14:30:00+01:00,19,10,9,No Signal
2023-04-20 15:30:00+01:00,20,14,6,No Signal
2023-04-20 16:30:00+01:00,22,16,6,No Signal
2023-04-20 17:30:00+01:00,11,26,-15,No Signal
2023-04-20 18:30:00+01:00,18,10,8,No Signal
2023-04-20 19:30:00+01:00,25,2,23,Short
2023-04-20 20:30:00+01:00,17,2,15,No Signal
2023-04-21 14:30:00+01:00,15,8,7,No Signal
2023-04-21 15:30:00+01:00,13,6,7,No Signal
2023-04-21 16:30:00+01:00,18,4,14,No Signal
2023-04-21 17:30:00+01:00,24,3,21,No Signal
2023-04-21 18:30:00+01:00,12,6,6,No Signal
2023-04-21 19:30:00+01:00,17,6,11,No Signal
2023-04-21 20:30:00+01:00,9,4,5,No Signal
2023-04-24 14:30:00+01:00,6,7,-1,No Signal
2023-04-24 15:30:00+01:00,13,2,11,No Signal
2023-04-24 16:30:00+01:00,15,2,13,No Signal
2023-04-24 17:30:00+01:00,18,1,17,No Signal
2023-04-24 18:30:00+01:00,9,2,7,No Signal
2023-04-24 19:30:00+01:00,6,12,-6,No Signal
2023-04-24 20:30:00+01:00,7,10,-3,No Signal
2023-04-25 14:30:00+01:00,24,9,15,No Signal
2023-04-25 15:30:00+01:00,27,9,18,No Signal
2023-04-25 16:30:00+01:00,34,8,26,No Signal
2023-04-25 17:30:00+01:00,36,7,29,No Signal
2023-04-25 18:30:00+01:00,45,3,42,No Signal
2023-04-25 19:30:00+01:00,44,4,40,No Signal
2023-04-25 20:30:00+01:00,53,4,49,No Signal
2023-04-26 14:30:00+01:00,54,2,52,No Signal
2023-04-26 15:30:00+01:00,39,6,33,No Signal
2023-04-26 16:30:00+01:00,38,5,33,No Signal
2023-04-26 17:30:00+01:00,42,5,37,No Signal
2023-04-26 18:30:00+01:00,52,5,47,No Signal
2023-04-26 19:30:00+01:00,55,3,52,No Signal
2023-04-26 20:30:00+01:00,57,0,57,No Signal
2023-04-27 14:30:00+01:00,31,8,23,No Signal
2023-04-27 15:30:00+01:00,27,10,17,No Signal
2023-04-27 16:30:00+01:00,21,16,5,No Signal
2023-04-27 17:30:00+01:00,18,20,-2,No Signal
2023-04-27 18:30:00+01:00,14,24,-10,No Signal
2023-04-27 19:30:00+01:00,11,30,-19,No Signal
2023-04-27 20:30:00+01:00,10,33,-23,Long
2023-04-28 14:30:00+01:00,5,41,-36,No Signal
2023-04-28 15:30:00+01:00,12,31,-19,No Signal
2023-04-28 16:30:00+01:00,8,35,-27,No Signal
2023-04-28 17:30:00+01:00,7,47,-40,No Signal
2023-04-28 18:30:00+01:00,6,50,-44,No Signal
2023-04-28 19:30:00+01:00,4,56,-52,No Signal
2023-04-28 20:30:00+01:00,2,59,-57,No Signal
2023-05-01 14:30:00+01:00,5,49,-44,No Signal
2023-05-01 15:30:00+01:00,5,47,-42,No Signal
2023-05-01 16:30:00+01:00,7,44,-37,No Signal
2023-05-01 17:30:00+01:00,9,44,-35,No Signal
2023-05-01 18:30:00+01:00,10,35,-25,No Signal
2023-05-01 19:30:00+01:00,9,26,-17,No Signal
2023-05-01 20:30:00+01:00,7,30,-23,No Signal
2023-05-02 14:30:00+01:00,19,8,11,No Signal
2023-05-02 15:30:00+01:00,20,8,12,No Signal
2023-05-02 16:30:00+01:00,23,6,17,No Signal
2023-05-02 17:30:00+01:00,25,6,19,No Signal
2023-05-02 18:30:00+01:00,25,5,20,Short
2023-05-02 19:30:00+01:00,22,8,14,No Signal
2023-05-02 20:30:00+01:00,31,6,25,No Signal
2023-05-03 14:30:00+01:00,19,8,11,No Signal
2023-05-03 15:30:00+01:00,15,6,9,No Signal
2023-05-03 16:30:00+01:00,19,5,14,No Signal
2023-05-03 17:30:00+01:00,17,5,12,No Signal
2023-05-03 18:30:00+01:00,11,7,4,No Signal
2023-05-03 19:30:00+01:00,17,5,12,No Signal
2023-05-03 20:30:00+01:00,22,5,17,No Signal
2023-05-04 14:30:00+01:00,15,5,10,No Signal
2023-05-04 15:30:00+01:00,8,11,-3,No Signal
2023-05-04 16:30:00+01:00,7,9,-2,No Signal
2023-05-04 17:30:00+01:00,9,7,2,No Signal
2023-05-04 18:30:00+01:00,7,7,0,No Signal
2023-05-04 19:30:00+01:00,12,7,5,No Signal
2023-05-04 20:30:00+01:00,11,4,7,No Signal
2023-05-05 14:30:00+01:00,9,12,-3,No Signal
2023-05-05 15:30:00+01:00,7,11,-4,No Signal
2023-05-05 16:30:00+01:00,7,13,-6,No Signal
2023-05-05 17:30:00+01:00,7,11,-4,No Signal
2023-05-05 18:30:00+01:00,9,10,-1,No Signal
2023-05-05 19:30:00+01:00,3,29,-26,Long
2023-05-05 20:30:00+01:00,3,32,-29,No Signal
2023-05-08 14:30:00+01:00,4,33,-29,No Signal
2023-05-08 15:30:00+01:00,5,32,-27,No Signal
2023-05-08 16:30:00+01:00,5,33,-28,No Signal
2023-05-08 17:30:00+01:00,5,30,-25,No Signal
2023-05-08 18:30:00+01:00,5,37,-32,No Signal
2023-05-08 19:30:00+01:00,5,37,-32,No Signal
2023-05-08 20:30:00+01:00,3,42,-39,No Signal
2023-05-09 14:30:00+01:00,8,17,-9,No Signal
2023-05-09 15:30:00+01:00,8,16,-8,No Signal
2023-05-09 16:30:00+01:00,9,14,-5,No Signal
2023-05-09 17:30:00+01:00,13,16,-3,No Signal
2023-05-09 18:30:00+01:00,11,10,1,No Signal
2023-05-09 19:30:00+01:00,23,8,15,No Signal
2023-05-09 20:30:00+01:00,18,11,7,No Signal
2023-05-10 14:30:00+01:00,4,18,-14,No Signal
2023-05-10 15:30:00+01:00,6,17,-11,No Signal
2023-05-10 16:30:00+01:00,7,12,-5,No Signal
2023-05-10 17:30:00+01:00,15,7,8,No Signal
2023-05-10 18:30:00+01:00,6,11,-5,No Signal
2023-05-10 19:30:00+01:00,3,13,-10,No Signal
2023-05-10 20:30:00+01:00,5,12,-7,No Signal
2023-05-11 14:30:00+01:00,5,9,-4,No Signal
2023-05-11 15:30:00+01:00,7,9,-2,No Signal
2023-05-11 16:30:00+01:00,7,9,-2,No Signal
2023-05-11 17:30:00+01:00,7,8,-1,No Signal
2023-05-11 18:30:00+01:00,7,11,-4,No Signal
2023-05-11 19:30:00+01:00,5,10,-5,No Signal
2023-05-11 20:30:00+01:00,4,12,-8,No Signal
2023-05-12 14:30:00+01:00,11,6,5,No Signal
2023-05-12 15:30:00+01:00,10,4,6,No Signal
2023-05-12 16:30:00+01:00,16,7,9,No Signal
2023-05-12 17:30:00+01:00,9,10,-1,No Signal
2023-05-12 18:30:00+01:00,15,5,10,No Signal
2023-05-12 19:30:00+01:00,24,4,20,Short
2023-05-12 20:30:00+01:00,11,7,4,No Signal
2023-05-15 14:30:00+01:00,7,6,1,No Signal
2023-05-15 15:30:00+01:00,6,17,-11,No Signal
2023-05-15 16:30:00+01:00,5,19,-14,No Signal
2023-05-15 17:30:00+01:00,2,28,-26,Long
2023-05-15 18:30:00+01:00,3,25,-22,No Signal
2023-05-15 19:30:00+01:00,4,24,-20,No Signal
2023-05-15 20:30:00+01:00,6,26,-20,No Signal
2023-05-16 14:30:00+01:00,12,24,-12,No Signal
2023-05-16 15:30:00+01:00,12,34,-22,No Signal
2023-05-16 16:30:00+01:00,12,30,-18,No Signal
2023-05-16 17:30:00+01:00,10,28,-18,No Signal
2023-05-16 18:30:00+01:00,10,33,-23,No Signal
2023-05-16 19:30:00+01:00,11,29,-18,No Signal
2023-05-16 20:30:00+01:00,18,16,2,No Signal
2023-05-17 14:30:00+01:00,20,13,7,No Signal
2023-05-17 15:30:00+01:00,20,16,4,No Signal
2023-05-17 16:30:00+01:00,15,16,-1,No Signal
2023-05-17 17:30:00+01:00,10,20,-10,No Signal
2023-05-17 18:30:00+01:00,10,18,-8,No Signal
2023-05-17 19:30:00+01:00,12,17,-5,No Signal
2023-05-17 20:30:00+01:00,12,16,-4,No Signal
2023-05-18 14:30:00+01:00,9,38,-29,No Signal
2023-05-18 15:30:00+01:00,8,36,-28,No Signal
2023-05-18 16:30:00+01:00,12,29,-17,No Signal
2023-05-18 17:30:00+01:00,13,36,-23,No Signal
2023-05-18 18:30:00+01:00,11,36,-25,No Signal
2023-05-18 19:30:00+01:00,11,40,-29,No Signal
2023-05-18 20:30:00+01:00,6,51,-45,No Signal
2023-05-19 14:30:00+01:00,3,47,-44,No Signal
2023-05-19 15:30:00+01:00,3,37,-34,No Signal
2023-05-19 16:30:00+01:00,4,32,-28,No Signal
2023-05-19 17:30:00+01:00,4,22,-18,No Signal
2023-05-19 18:30:00+01:00,4,27,-23,No Signal
2023-05-19 19:30:00+01:00,5,27,-22,No Signal
2023-05-19 20:30:00+01:00,4,27,-23,No Signal
2023-05-22 14:30:00+01:00,3,20,-17,No Signal
2023-05-22 15:30:00+01:00,7,19,-12,No Signal
2023-05-22 16:30:00+01:00,7,24,-17,No Signal
2023-05-22 17:30:00+01:00,6,26,-20,No Signal
2023-05-22 18:30:00+01:00,5,30,-25,No Signal
2023-05-22 19:30:00+01:00,12,22,-10,No Signal
2023-05-22 20:30:00+01:00,15,14,1,No Signal
2023-05-23 14:30:00+01:00,26,8,18,No Signal
2023-05-23 15:30:00+01:00,20,17,3,No Signal
2023-05-23 16:30:00+01:00,23,13,10,No Signal
2023-05-23 17:30:00+01:00,26,5,21,Short
2023-05-23 18:30:00+01:00,27,6,21,No Signal
2023-05-23 19:30:00+01:00,28,5,23,No Signal
2023-05-23 20:30:00+01:00,33,3,30,No Signal
2023-05-24 14:30:00+01:00,56,1,55,No Signal
2023-05-24 15:30:00+01:00,49,2,47,No Signal
2023-05-24 16:30:00+01:00,52,2,50,No Signal
2023-05-24 17:30:00+01:00,53,1,52,No Signal
2023-05-24 18:30:00+01:00,55,1,54,No Signal
2023-05-24 19:30:00+01:00,42,1,41,No Signal
2023-05-24 20:30:00+01:00,47,3,44,No Signal
2023-05-25 14:30:00+01:00,39,4,35,No Signal
2023-05-25 15:30:00+01:00,38,6,32,No Signal
2023-05-25 16:30:00+01:00,30,6,24,No Signal
2023-05-25 17:30:00+01:00,28,14,14,No Signal
2023-05-25 18:30:00+01:00,23,18,5,No Signal
2023-05-25 19:30:00+01:00,22,17,5,No Signal
2023-05-25 20:30:00+01:00,23,16,7,No Signal
2023-05-26 14:30:00+01:00,9,46,-37,Long
2023-05-26 15:30:00+01:00,12,42,-30,No Signal
2023-05-26 16:30:00+01:00,9,49,-40,No Signal
2023-05-26 17:30:00+01:00,10,46,-36,No Signal
2023-05-26 18:30:00+01:00,8,44,-36,No Signal
2023-05-26 19:30:00+01:00,12,39,-27,No Signal
2023-05-26 20:30:00+01:00,10,40,-30,No Signal
2023-05-30 14:30:00+01:00,7,39,-32,No Signal
2023-05-30 15:30:00+01:00,6,41,-35,No Signal
2023-05-30 16:30:00+01:00,7,38,-31,No Signal
2023-05-30 17:30:00+01:00,7,35,-28,No Signal
2023-05-30 18:30:00+01:00,7,34,-27,No Signal
2023-05-30 19:30:00+01:00,9,36,-27,No Signal
2023-05-30 20:30:00+01:00,3,36,-33,No Signal
2023-05-31 14:30:00+01:00,19,8,11,No Signal
2023-05-31 15:30:00+01:00,19,8,11,No Signal
2023-05-31 16:30:00+01:00,17,6,11,No Signal
2023-05-31 17:30:00+01:00,15,11,4,No Signal
2023-05-31 18:30:00+01:00,12,11,1,No Signal
2023-05-31 19:30:00+01:00,16,12,4,No Signal
2023-05-31 20:30:00+01:00,17,11,6,No Signal
2023-06-01 14:30:00+01:00,11,10,1,No Signal
2023-06-01 15:30:00+01:00,9,14,-5,No Signal
2023-06-01 16:30:00+01:00,6,20,-14,No Signal
2023-06-01 17:30:00+01:00,6,20,-14,No Signal
2023-06-01 18:30:00+01:00,4,16,-12,No Signal
2023-06-01 19:30:00+01:00,4,16,-12,No Signal
2023-06-01 20:30:00+01:00,6,14,-8,No Signal
2023-06-02 14:30:00+01:00,4,43,-39,No Signal
2023-06-02 15:30:00+01:00,3,48,-45,No Signal
2023-06-02 16:30:00+01:00,4,45,-41,No Signal
2023-06-02 17:30:00+01:00,3,42,-39,No Signal
2023-06-02 18:30:00+01:00,6,35,-29,No Signal
2023-06-02 19:30:00+01:00,4,36,-32,No Signal
2023-06-02 20:30:00+01:00,3,40,-37,No Signal
2023-06-05 14:30:00+01:00,0,36,-36,No Signal
2023-06-05 15:30:00+01:00,2,35,-33,No Signal
2023-06-05 16:30:00+01:00,4,34,-30,No Signal
2023-06-05 17:30:00+01:00,3,28,-25,No Signal
2023-06-05 18:30:00+01:00,10,25,-15,No Signal
2023-06-05 19:30:00+01:00,10,27,-17,No Signal
2023-06-05 20:30:00+01:00,8,28,-20,No Signal
2023-06-06 14:30:00+01:00,9,18,-9,No Signal
2023-06-06 15:30:00+01:00,7,13,-6,No Signal
2023-06-06 16:30:00+01:00,10,16,-6,No Signal
2023-06-06 17:30:00+01:00,14,10,4,No Signal
2023-06-06 18:30:00+01:00,9,14,-5,No Signal
2023-06-06 19:30:00+01:00,11,12,-1,No Signal
2023-06-06 20:30:00+01:00,10,14,-4,No Signal
2023-06-07 14:30:00+01:00,14,17,-3,No Signal
2023-06-07 15:30:00+01:00,22,12,10,No Signal
2023-06-07 16:30:00+01:00,34,5,29,Short
2023-06-07 17:30:00+01:00,31,6,25,No Signal
2023-06-07 18:30:00+01:00,33,7,26,No Signal
2023-06-07 19:30:00+01:00,38,9,29,No Signal
2023-06-07 20:30:00+01:00,39,8,31,No Signal
2023-06-08 14:30:00+01:00,26,6,20,No Signal
2023-06-08 15:30:00+01:00,20,5,15,No Signal
2023-06-08 16:30:00+01:00,17,6,11,No Signal
2023-06-08 17:30:00+01:00,16,12,4,No Signal
2023-06-08 18:30:00+01:00,15,9,6,No Signal
2023-06-08 19:30:00+01:00,14,11,3,No Signal
2023-06-08 20:30:00+01:00,12,9,3,No Signal
2023-06-09 14:30:00+01:00,3,10,-7,No Signal
2023-06-09 15:30:00+01:00,8,6,2,No Signal
2023-06-09 16:30:00+01:00,2,10,-8,No Signal
2023-06-09 17:30:00+01:00,2,15,-13,No Signal
2023-06-09 18:30:00+01:00,3,17,-14,No Signal
2023-06-09 19:30:00+01:00,3,17,-14,No Signal
2023-06-09 20:30:00+01:00,3,18,-15,No Signal
2023-06-12 14:30:00+01:00,5,21,-16,No Signal
2023-06-12 15:30:00+01:00,5,13,-8,No Signal
2023-06-12 16:30:00+01:00,4,12,-8,No Signal
2023-06-12 17:30:00+01:00,6,17,-11,No Signal
2023-06-12 18:30:00+01:00,7,19,-12,No Signal
2023-06-12 19:30:00+01:00,3,21,-18,No Signal
2023-06-12 20:30:00+01:00,4,30,-26,Long
2023-06-13 14:30:00+01:00,1,27,-26,No Signal
2023-06-13 15:30:00+01:00,1,59,-58,No Signal
2023-06-13 16:30:00+01:00,0,61,-61,No Signal
2023-06-13 17:30:00+01:00,0,57,-57,No Signal
2023-06-13 18:30:00+01:00,1,45,-44,No Signal
2023-06-13 19:30:00+01:00,2,51,-49,No Signal
2023-06-13 20:30:00+01:00,0,56,-56,No Signal
2023-06-14 14:30:00+01:00,1,49,-48,No Signal
2023-06-14 15:30:00+01:00,1,51,-50,No Signal
2023-06-14 16:30:00+01:00,1,40,-39,No Signal
2023-06-14 17:30:00+01:00,2,36,-34,No Signal
2023-06-14 18:30:00+01:00,2,17,-15,No Signal
2023-06-14 19:30:00+01:00,2,22,-20,No Signal
2023-06-14 20:30:00+01:00,4,20,-16,No Signal
2023-06-15 14:30:00+01:00,3,26,-23,No Signal
2023-06-15 15:30:00+01:00,1,22,-21,No Signal
2023-06-15 16:30:00+01:00,2,25,-23,No Signal
2023-06-15 17:30:00+01:00,2,25,-23,No Signal
2023-06-15 18:30:00+01:00,1,33,-32,No Signal
2023-06-15 19:30:00+01:00,2,39,-37,No Signal
2023-06-15 20:30:00+01:00,2,32,-30,No Signal
2023-06-16 14:30:00+01:00,1,36,-35,No Signal
2023-06-16 15:30:00+01:00,4,16,-12,No Signal
2023-06-16 16:30:00+01:00,1,14,-13,No Signal
2023-06-16 17:30:00+01:00,1,19,-18,No Signal
2023-06-16 18:30:00+01:00,0,39,-39,No Signal
2023-06-16 19:30:00+01:00,2,20,-18,No Signal
2023-06-16 20:30:00+01:00,7,19,-12,No Signal
2023-06-20 14:30:00+01:00,15,4,11,No Signal
2023-06-20 15:30:00+01:00,18,2,16,No Signal
2023-06-20 16:30:00+01:00,12,2,10,No Signal
2023-06-20 17:30:00+01:00,10,4,6,No Signal
2023-06-20 18:30:00+01:00,18,3,15,No Signal
2023-06-20 19:30:00+01:00,32,3,29,Short
2023-06-20 20:30:00+01:00,28,2,26,No Signal
2023-06-21 14:30:00+01:00,48,1,47,No Signal
2023-06-21 15:30:00+01:00,47,1,46,No Signal
2023-06-21 16:30:00+01:00,46,1,45,No Signal
2023-06-21 17:30:00+01:00,46,1,45,No Signal
2023-06-21 18:30:00+01:00,35,3,32,No Signal
2023-06-21 19:30:00+01:00,34,4,30,No Signal
2023-06-21 20:30:00+01:00,34,5,29,No Signal
2023-06-22 14:30:00+01:00,14,6,8,No Signal
2023-06-22 15:30:00+01:00,17,6,11,No Signal
2023-06-22 16:30:00+01:00,23,5,18,No Signal
2023-06-22 17:30:00+01:00,27,3,24,No Signal
2023-06-22 18:30:00+01:00,20,5,15,No Signal
2023-06-22 19:30:00+01:00,22,5,17,No Signal
2023-06-22 20:30:00+01:00,18,7,11,No Signal
2023-06-23 14:30:00+01:00,23,5,18,No Signal
2023-06-23 15:30:00+01:00,22,2,20,No Signal
2023-06-23 16:30:00+01:00,17,3,14,No Signal
2023-06-23 17:30:00+01:00,14,2,12,No Signal
2023-06-23 18:30:00+01:00,25,0,25,No Signal
2023-06-23 19:30:00+01:00,25,1,24,No Signal
2023-06-23 20:30:00+01:00,20,2,18,No Signal
2023-06-26 14:30:00+01:00,16,3,13,No Signal
2023-06-26 15:30:00+01:00,14,3,11,No Signal
2023-06-26 16:30:00+01:00,14,2,12,No Signal
2023-06-26 17:30:00+01:00,13,3,10,No Signal
2023-06-26 18:30:00+01:00,20,2,18,No Signal
2023-06-26 19:30:00+01:00,20,2,18,No Signal
2023-06-26 20:30:00+01:00,22,1,21,No Signal
2023-06-27 14:30:00+01:00,12,13,-1,No Signal
2023-06-27 15:30:00+01:00,9,20,-11,No Signal
2023-06-27 16:30:00+01:00,11,19,-8,No Signal
2023-06-27 17:30:00+01:00,6,21,-15,No Signal
2023-06-27 18:30:00+01:00,5,27,-22,Long
2023-06-27 19:30:00+01:00,5,32,-27,No Signal
2023-06-27 20:30:00+01:00,6,29,-23,No Signal
2023-06-28 14:30:00+01:00,3,15,-12,No Signal
2023-06-28 15:30:00+01:00,2,22,-20,No Signal
2023-06-28 16:30:00+01:00,4,26,-22,No Signal
2023-06-28 17:30:00+01:00,6,20,-14,No Signal
2023-06-28 18:30:00+01:00,4,29,-25,No Signal
2023-06-28 19:30:00+01:00,5,21,-16,No Signal
2023-06-28 20:30:00+01:00,4,38,-34,No Signal
2023-06-29 14:30:00+01:00,7,23,-16,No Signal
2023-06-29 15:30:00+01:00,6,23,-17,No Signal
2023-06-29 16:30:00+01:00,8,18,-10,No Signal
2023-06-29 17:30:00+01:00,9,14,-5,No Signal
2023-06-29 18:30:00+01:00,13,9,4,No Signal
2023-06-29 19:30:00+01:00,14,9,5,No Signal
2023-06-29 20:30:00+01:00,14,14,0,No Signal
2023-06-30 14:30:00+01:00,2,22,-20,No Signal
2023-06-30 15:30:00+01:00,2,27,-25,No Signal
2023-06-30 16:30:00+01:00,1,28,-27,No Signal
2023-06-30 17:30:00+01:00,3,36,-33,No Signal
2023-06-30 18:30:00+01:00,2,41,-39,No Signal
2023-06-30 19:30:00+01:00,2,40,-38,No Signal
2023-06-30 20:30:00+01:00,2,32,-30,No Signal
2023-07-03 14:30:00+01:00,2,37,-35,No Signal
2023-07-03 15:30:00+01:00,3,27,-24,No Signal
2023-07-03 16:30:00+01:00,2,32,-30,No Signal
2023-07-05 14:30:00+01:00,3,24,-21,No Signal
2023-07-05 15:30:00+01:00,2,26,-24,No Signal
2023-07-05 16:30:00+01:00,2,23,-21,No Signal
2023-07-05 17:30:00+01:00,2,21,-19,No Signal
2023-07-05 18:30:00+01:00,12,7,5,No Signal
2023-07-05 19:30:00+01:00,9,12,-3,No Signal
2023-07-05 20:30:00+01:00,11,11,0,No Signal
2023-07-06 14:30:00+01:00,39,2,37,Short
2023-07-06 15:30:00+01:00,42,3,39,No Signal
2023-07-06 16:30:00+01:00,30,2,28,No Signal
2023-07-06 17:30:00+01:00,24,2,22,No Signal
2023-07-06 18:30:00+01:00,26,2,24,No Signal
2023-07-06 19:30:00+01:00,20,2,18,No Signal
2023-07-06 20:30:00+01:00,27,2,25,No Signal
2023-07-07 14:30:00+01:00,21,2,19,No Signal
2023-07-07 15:30:00+01:00,17,0,17,No Signal
2023-07-07 16:30:00+01:00,14,1,13,No Signal
2023-07-07 17:30:00+01:00,8,3,5,No Signal
2023-07-07 18:30:00+01:00,11,3,8,No Signal
2023-07-07 19:30:00+01:00,16,1,15,No Signal
2023-07-07 20:30:00+01:00,22,1,21,No Signal
2023-07-10 14:30:00+01:00,3,31,-28,Long
2023-07-10 15:30:00+01:00,5,44,-39,No Signal
2023-07-10 16:30:00+01:00,10,39,-29,No Signal
2023-07-10 17:30:00+01:00,10,38,-28,No Signal
2023-07-10 18:30:00+01:00,9,37,-28,No Signal
2023-07-10 19:30:00+01:00,10,36,-26,No Signal
2023-07-10 20:30:00+01:00,8,35,-27,No Signal
2023-07-11 14:30:00+01:00,6,28,-22,No Signal
2023-07-11 15:30:00+01:00,6,30,-24,No Signal
2023-07-11 16:30:00+01:00,9,28,-19,No Signal
2023-07-11 17:30:00+01:00,9,24,-15,No Signal
2023-07-11 18:30:00+01:00,9,23,-14,No Signal
2023-07-11 19:30:00+01:00,6,38,-32,No Signal
2023-07-11 20:30:00+01:00,4,50,-46,No Signal
2023-07-12 14:30:00+01:00,1,53,-52,No Signal
2023-07-12 15:30:00+01:00,3,44,-41,No Signal
2023-07-12 16:30:00+01:00,3,28,-25,No Signal
2023-07-12 17:30:00+01:00,2,30,-28,No Signal
2023-07-12 18:30:00+01:00,2,33,-31,No Signal
2023-07-12 19:30:00+01:00,2,30,-28,No Signal
2023-07-12 20:30:00+01:00,4,32,-28,No Signal
2023-07-13 14:30:00+01:00,2,50,-48,No Signal
2023-07-13 15:30:00+01:00,3,49,-46,No Signal
2023-07-13 16:30:00+01:00,3,54,-51,No Signal
2023-07-13 17:30:00+01:00,2,51,-49,No Signal
2023-07-13 18:30:00+01:00,2,55,-53,No Signal
2023-07-13 19:30:00+01:00,2,55,-53,No Signal
2023-07-13 20:30:00+01:00,2,51,-49,No Signal
2023-07-14 14:30:00+01:00,9,30,-21,No Signal
2023-07-14 15:30:00+01:00,6,31,-25,No Signal
2023-07-14 16:30:00+01:00,4,42,-38,No Signal
2023-07-14 17:30:00+01:00,6,37,-31,No Signal
2023-07-14 18:30:00+01:00,6,30,-24,No Signal
2023-07-14 19:30:00+01:00,4,31,-27,No Signal
2023-07-14 20:30:00+01:00,4,31,-27,No Signal
2023-07-17 14:30:00+01:00,3,26,-23,No Signal
2023-07-17 15:30:00+01:00,7,25,-18,No Signal
2023-07-17 16:30:00+01:00,5,26,-21,No Signal
2023-07-17 17:30:00+01:00,3,26,-23,No Signal
2023-07-17 18:30:00+01:00,1,28,-27,No Signal
2023-07-17 19:30:00+01:00,4,34,-30,No Signal
2023-07-17 20:30:00+01:00,5,27,-22,No Signal
2023-07-18 14:30:00+01:00,6,24,-18,No Signal
2023-07-18 15:30:00+01:00,11,23,-12,No Signal
2023-07-18 16:30:00+01:00,10,16,-6,No Signal
2023-07-18 17:30:00+01:00,12,17,-5,No Signal
2023-07-18 18:30:00+01:00,8,22,-14,No Signal
2023-07-18 19:30:00+01:00,7,33,-26,No Signal
2023-07-18 20:30:00+01:00,6,29,-23,No Signal
2023-07-19 14:30:00+01:00,4,26,-22,No Signal
2023-07-19 15:30:00+01:00,3,19,-16,No Signal
2023-07-19 16:30:00+01:00,4,14,-10,No Signal
2023-07-19 17:30:00+01:00,8,8,0,No Signal
2023-07-19 18:30:00+01:00,12,8,4,No Signal
2023-07-19 19:30:00+01:00,8,7,1,No Signal
2023-07-19 20:30:00+01:00,10,8,2,No Signal
2023-07-20 14:30:00+01:00,11,3,8,No Signal
2023-07-20 15:30:00+01:00,10,3,7,No Signal
2023-07-20 16:30:00+01:00,13,19,-6,No Signal
2023-07-20 17:30:00+01:00,13,19,-6,No Signal
2023-07-20 18:30:00+01:00,26,14,12,No Signal
2023-07-20 19:30:00+01:00,29,14,15,No Signal
2023-07-20 20:30:00+01:00,30,10,20,Short
2023-07-21 14:30:00+01:00,34,12,22,No Signal
2023-07-21 15:30:00+01:00,26,12,14,No Signal
2023-07-21 16:30:00+01:00,19,14,5,No Signal
2023-07-21 17:30:00+01:00,12,12,0,No Signal
2023-07-21 18:30:00+01:00,13,13,0,No Signal
2023-07-21 19:30:00+01:00,27,15,12,No Signal
2023-07-21 20:30:00+01:00,22,13,9,No Signal
2023-07-24 14:30:00+01:00,10,3,7,No Signal
2023-07-24 15:30:00+01:00,8,5,3,No Signal
2023-07-24 16:30:00+01:00,8,7,1,No Signal
2023-07-24 17:30:00+01:00,8,5,3,No Signal
2023-07-24 18:30:00+01:00,6,14,-8,No Signal
2023-07-24 19:30:00+01:00,4,12,-8,No Signal
2023-07-24 20:30:00+01:00,3,14,-11,No Signal
2023-07-25 14:30:00+01:00,11,18,-7,No Signal
2023-07-25 15:30:00+01:00,10,16,-6,No Signal
2023-07-25 16:30:00+01:00,8,16,-8,No Signal
2023-07-25 17:30:00+01:00,9,15,-6,No Signal
2023-07-25 18:30:00+01:00,5,18,-13,No Signal
2023-07-25 19:30:00+01:00,4,19,-15,No Signal
2023-07-25 20:30:00+01:00,4,18,-14,No Signal
2023-07-26 14:30:00+01:00,8,19,-11,No Signal
2023-07-26 15:30:00+01:00,10,12,-2,No Signal
2023-07-26 16:30:00+01:00,10,14,-4,No Signal
2023-07-26 17:30:00+01:00,8,16,-8,No Signal
2023-07-26 18:30:00+01:00,10,12,-2,No Signal
2023-07-26 19:30:00+01:00,8,16,-8,No Signal
2023-07-26 20:30:00+01:00,7,17,-10,No Signal
2023-07-27 14:30:00+01:00,10,18,-8,No Signal
2023-07-27 15:30:00+01:00,13,20,-7,No Signal
2023-07-27 16:30:00+01:00,12,21,-9,No Signal
2023-07-27 17:30:00+01:00,17,14,3,No Signal
2023-07-27 18:30:00+01:00,28,8,20,No Signal
2023-07-27 19:30:00+01:00,31,8,23,No Signal
2023-07-27 20:30:00+01:00,31,9,22,No Signal
2023-07-28 14:30:00+01:00,10,15,-5,No Signal
2023-07-28 15:30:00+01:00,11,21,-10,No Signal
2023-07-28 16:30:00+01:00,11,19,-8,No Signal
2023-07-28 17:30:00+01:00,10,17,-7,No Signal
2023-07-28 18:30:00+01:00,10,18,-8,No Signal
2023-07-28 19:30:00+01:00,10,17,-7,No Signal
2023-07-28 20:30:00+01:00,11,17,-6,No Signal
2023-07-31 14:30:00+01:00,15,14,1,No Signal
2023-07-31 15:30:00+01:00,13,10,3,No Signal
2023-07-31 16:30:00+01:00,14,8,6,No Signal
2023-07-31 17:30:00+01:00,11,13,-2,No Signal
2023-07-31 18:30:00+01:00,4,30,-26,Long
2023-07-31 19:30:00+01:00,4,37,-33,No Signal
2023-07-31 20:30:00+01:00,3,40,-37,No Signal
2023-08-01 14:30:00+01:00,15,15,0,No Signal
2023-08-01 15:30:00+01:00,18,14,4,No Signal
2023-08-01 16:30:00+01:00,16,8,8,No Signal
2023-08-01 17:30:00+01:00,15,12,3,No Signal
2023-08-01 18:30:00+01:00,17,13,4,No Signal
2023-08-01 19:30:00+01:00,15,13,2,No Signal
2023-08-01 20:30:00+01:00,17,13,4,No Signal
2023-08-02 14:30:00+01:00,40,4,36,Short
2023-08-02 15:30:00+01:00,48,7,41,No Signal
2023-08-02 16:30:00+01:00,51,8,43,No Signal
2023-08-02 17:30:00+01:00,42,8,34,No Signal
2023-08-02 18:30:00+01:00,38,3,35,No Signal
2023-08-02 19:30:00+01:00,47,3,44,No Signal
2023-08-02 20:30:00+01:00,47,3,44,No Signal
2023-08-03 14:30:00+01:00,45,5,40,No Signal
2023-08-03 15:30:00+01:00,34,4,30,No Signal
2023-08-03 16:30:00+01:00,27,7,20,No Signal
2023-08-03 17:30:00+01:00,31,5,26,No Signal
2023-08-03 18:30:00+01:00,33,4,29,No Signal
2023-08-03 19:30:00+01:00,42,3,39,No Signal
2023-08-03 20:30:00+01:00,37,3,34,No Signal
2023-08-04 14:30:00+01:00,16,10,6,No Signal
2023-08-04 15:30:00+01:00,19,13,6,No Signal
2023-08-04 16:30:00+01:00,14,25,-11,No Signal
2023-08-04 17:30:00+01:00,17,15,2,No Signal
2023-08-04 18:30:00+01:00,22,7,15,No Signal
2023-08-04 19:30:00+01:00,19,7,12,No Signal
2023-08-04 20:30:00+01:00,24,8,16,No Signal
2023-08-07 14:30:00+01:00,10,13,-3,No Signal
2023-08-07 15:30:00+01:00,19,7,12,No Signal
2023-08-07 16:30:00+01:00,17,7,10,No Signal
2023-08-07 17:30:00+01:00,17,6,11,No Signal
2023-08-07 18:30:00+01:00,18,6,12,No Signal
2023-08-07 19:30:00+01:00,13,5,8,No Signal
2023-08-07 20:30:00+01:00,9,7,2,No Signal
2023-08-08 14:30:00+01:00,20,4,16,No Signal
2023-08-08 15:30:00+01:00,28,2,26,No Signal
2023-08-08 16:30:00+01:00,35,1,34,No Signal
2023-08-08 17:30:00+01:00,29,2,27,No Signal
2023-08-08 18:30:00+01:00,17,4,13,No Signal
2023-08-08 19:30:00+01:00,10,9,1,No Signal
2023-08-08 20:30:00+01:00,11,11,0,No Signal
2023-08-09 14:30:00+01:00,16,5,11,No Signal
2023-08-09 15:30:00+01:00,17,9,8,No Signal
2023-08-09 16:30:00+01:00,21,6,15,No Signal
2023-08-09 17:30:00+01:00,14,7,7,No Signal
2023-08-09 18:30:00+01:00,10,8,2,No Signal
2023-08-09 19:30:00+01:00,13,8,5,No Signal
2023-08-09 20:30:00+01:00,34,5,29,No Signal
2023-08-10 14:30:00+01:00,2,36,-34,Long
2023-08-10 15:30:00+01:00,4,14,-10,No Signal
2023-08-10 16:30:00+01:00,4,6,-2,No Signal
2023-08-10 17:30:00+01:00,4,3,1,No Signal
2023-08-10 18:30:00+01:00,5,1,4,No Signal
2023-08-10 19:30:00+01:00,7,2,5,No Signal
2023-08-10 20:30:00+01:00,6,1,5,No Signal
2023-08-11 14:30:00+01:00,11,3,8,No Signal
2023-08-11 15:30:00+01:00,12,2,10,No Signal
2023-08-11 16:30:00+01:00,11,2,9,No Signal
2023-08-11 17:30:00+01:00,12,1,11,No Signal
2023-08-11 18:30:00+01:00,16,1,15,No Signal
2023-08-11 19:30:00+01:00,14,2,12,No Signal
2023-08-11 20:30:00+01:00,13,5,8,No Signal
2023-08-14 14:30:00+01:00,37,2,35,Short
2023-08-14 15:30:00+01:00,20,2,18,No Signal
2023-08-14 16:30:00+01:00,15,8,7,No Signal
2023-08-14 17:30:00+01:00,10,9,1,No Signal
2023-08-14 18:30:00+01:00,13,11,2,No Signal
2023-08-14 19:30:00+01:00,12,9,3,No Signal
2023-08-14 20:30:00+01:00,6,15,-9,No Signal
2023-08-15 14:30:00+01:00,11,5,6,No Signal
2023-08-15 15:30:00+01:00,6,14,-8,No Signal
2023-08-15 16:30:00+01:00,9,13,-4,No Signal
2023-08-15 17:30:00+01:00,13,10,3,No Signal
2023-08-15 18:30:00+01:00,15,12,3,No Signal
2023-08-15 19:30:00+01:00,21,6,15,No Signal
2023-08-15 20:30:00+01:00,16,6,10,No Signal
2023-08-16 14:30:00+01:00,14,6,8,No Signal
2023-08-16 15:30:00+01:00,19,4,15,No Signal
2023-08-16 16:30:00+01:00,29,2,27,No Signal
2023-08-16 17:30:00+01:00,33,1,32,No Signal
2023-08-16 18:30:00+01:00,21,1,20,No Signal
2023-08-16 19:30:00+01:00,38,1,37,No Signal
2023-08-16 20:30:00+01:00,54,0,54,No Signal
2023-08-17 14:30:00+01:00,34,3,31,No Signal
2023-08-17 15:30:00+01:00,46,1,45,No Signal
2023-08-17 16:30:00+01:00,29,4,25,No Signal
2023-08-17 17:30:00+01:00,36,2,34,No Signal
2023-08-17 18:30:00+01:00,35,1,34,No Signal
2023-08-17 19:30:00+01:00,37,3,34,No Signal
2023-08-17 20:30:00+01:00,42,3,39,No Signal
2023-08-18 14:30:00+01:00,58,1,57,No Signal
2023-08-18 15:30:00+01:00,56,1,55,No Signal
2023-08-18 16:30:00+01:00,42,1,41,No Signal
2023-08-18 17:30:00+01:00,42,2,40,No Signal
2023-08-18 18:30:00+01:00,44,1,43,No Signal
2023-08-18 19:30:00+01:00,30,4,26,No Signal
2023-08-18 20:30:00+01:00,28,4,24,No Signal
2023-08-21 14:30:00+01:00,26,8,18,No Signal
2023-08-21 15:30:00+01:00,24,11,13,No Signal
2023-08-21 16:30:00+01:00,26,11,15,No Signal
2023-08-21 17:30:00+01:00,16,12,4,No Signal
2023-08-21 18:30:00+01:00,14,17,-3,No Signal
2023-08-21 19:30:00+01:00,7,26,-19,No Signal
2023-08-21 20:30:00+01:00,6,29,-23,Long
2023-08-22 14:30:00+01:00,4,40,-36,No Signal
2023-08-22 15:30:00+01:00,4,40,-36,No Signal
2023-08-22 16:30:00+01:00,4,21,-17,No Signal
2023-08-22 17:30:00+01:00,4,22,-18,No Signal
2023-08-22 18:30:00+01:00,5,20,-15,No Signal
2023-08-22 19:30:00+01:00,4,21,-17,No Signal
2023-08-22 20:30:00+01:00,7,20,-13,No Signal
2023-08-23 14:30:00+01:00,6,38,-32,No Signal
2023-08-23 15:30:00+01:00,3,49,-46,No Signal
2023-08-23 16:30:00+01:00,3,42,-39,No Signal
2023-08-23 17:30:00+01:00,4,41,-37,No Signal
2023-08-23 18:30:00+01:00,4,39,-35,No Signal
2023-08-23 19:30:00+01:00,3,36,-33,No Signal
2023-08-23 20:30:00+01:00,4,30,-26,No Signal
2023-08-24 14:30:00+01:00,3,17,-14,No Signal
2023-08-24 15:30:00+01:00,6,7,-1,No Signal
2023-08-24 16:30:00+01:00,5,8,-3,No Signal
2023-08-24 17:30:00+01:00,7,6,1,No Signal
2023-08-24 18:30:00+01:00,9,6,3,No Signal
2023-08-24 19:30:00+01:00,13,7,6,No Signal
2023-08-24 20:30:00+01:00,13,4,9,No Signal
2023-08-25 14:30:00+01:00,29,1,28,Short
2023-08-25 15:30:00+01:00,39,1,38,No Signal
2023-08-25 16:30:00+01:00,37,2,35,No Signal
2023-08-25 17:30:00+01:00,41,3,38,No Signal
2023-08-25 18:30:00+01:00,26,3,23,No Signal
2023-08-25 19:30:00+01:00,17,2,15,No Signal
2023-08-25 20:30:00+01:00,17,3,14,No Signal
2023-08-28 14:30:00+01:00,2,8,-6,No Signal
2023-08-28 15:30:00+01:00,1,11,-10,No Signal
2023-08-28 16:30:00+01:00,3,8,-5,No Signal
2023-08-28 17:30:00+01:00,1,15,-14,No Signal
2023-08-28 18:30:00+01:00,1,9,-8,No Signal
2023-08-28 19:30:00+01:00,0,13,-13,No Signal
2023-08-28 20:30:00+01:00,0,35,-35,Long
2023-08-29 14:30:00+01:00,0,49,-49,No Signal
2023-08-29 15:30:00+01:00,0,58,-58,No Signal
2023-08-29 16:30:00+01:00,0,63,-63,No Signal
2023-08-29 17:30:00+01:00,0,66,-66,No Signal
2023-08-29 18:30:00+01:00,1,51,-50,No Signal
2023-08-29 19:30:00+01:00,0,53,-53,No Signal
2023-08-29 20:30:00+01:00,0,59,-59,No Signal
2023-08-30 14:30:00+01:00,2,29,-27,No Signal
2023-08-30 15:30:00+01:00,1,56,-55,No Signal
2023-08-30 16:30:00+01:00,1,61,-60,No Signal
2023-08-30 17:30:00+01:00,1,49,-48,No Signal
2023-08-30 18:30:00+01:00,1,54,-53,No Signal
2023-08-30 19:30:00+01:00,1,54,-53,No Signal
2023-08-30 20:30:00+01:00,2,50,-48,No Signal
2023-08-31 14:30:00+01:00,1,38,-37,No Signal
2023-08-31 15:30:00+01:00,2,32,-30,No Signal
2023-08-31 16:30:00+01:00,4,24,-20,No Signal
2023-08-31 17:30:00+01:00,3,30,-27,No Signal
2023-08-31 18:30:00+01:00,4,30,-26,No Signal
2023-08-31 19:30:00+01:00,11,23,-12,No Signal
2023-08-31 20:30:00+01:00,13,17,-4,No Signal
2023-09-01 14:30:00+01:00,9,31,-22,No Signal
2023-09-01 15:30:00+01:00,11,22,-11,No Signal
2023-09-01 16:30:00+01:00,14,17,-3,No Signal
2023-09-01 17:30:00+01:00,13,17,-4,No Signal
2023-09-01 18:30:00+01:00,12,17,-5,No Signal
2023-09-01 19:30:00+01:00,13,17,-4,No Signal
2023-09-01 20:30:00+01:00,9,19,-10,No Signal
2023-09-05 14:30:00+01:00,16,8,8,No Signal
2023-09-05 15:30:00+01:00,13,11,2,No Signal
2023-09-05 16:30:00+01:00,14,14,0,No Signal
2023-09-05 17:30:00+01:00,16,11,5,No Signal
2023-09-05 18:30:00+01:00,13,13,0,No Signal
2023-09-05 19:30:00+01:00,12,11,1,No Signal
2023-09-05 20:30:00+01:00,13,14,-1,No Signal
2023-09-06 14:30:00+01:00,29,3,26,Short
2023-09-06 15:30:00+01:00,22,4,18,No Signal
2023-09-06 16:30:00+01:00,22,4,18,No Signal
2023-09-06 17:30:00+01:00,23,4,19,No Signal
2023-09-06 18:30:00+01:00,20,5,15,No Signal
2023-09-06 19:30:00+01:00,24,3,21,No Signal
2023-09-06 20:30:00+01:00,21,5,16,No Signal
2023-09-07 14:30:00+01:00,31,2,29,No Signal
2023-09-07 15:30:00+01:00,36,6,30,No Signal
2023-09-07 16:30:00+01:00,24,10,14,No Signal
2023-09-07 17:30:00+01:00,21,10,11,No Signal
2023-09-07 18:30:00+01:00,28,8,20,No Signal
2023-09-07 19:30:00+01:00,21,8,13,No Signal
2023-09-07 20:30:00+01:00,22,6,16,No Signal
2023-09-08 14:30:00+01:00,14,15,-1,No Signal
2023-09-08 15:30:00+01:00,14,14,0,No Signal
2023-09-08 16:30:00+01:00,17,16,1,No Signal
2023-09-08 17:30:00+01:00,17,16,1,No Signal
2023-09-08 18:30:00+01:00,22,11,11,No Signal
2023-09-08 19:30:00+01:00,22,7,15,No Signal
2023-09-08 20:30:00+01:00,21,8,13,No Signal
2023-09-11 14:30:00+01:00,4,26,-22,Long
2023-09-11 15:30:00+01:00,7,21,-14,No Signal
2023-09-11 16:30:00+01:00,16,17,-1,No Signal
2023-09-11 17:30:00+01:00,14,19,-5,No Signal
2023-09-11 18:30:00+01:00,5,24,-19,No Signal
2023-09-11 19:30:00+01:00,7,25,-18,No Signal
2023-09-11 20:30:00+01:00,4,22,-18,No Signal
2023-09-12 14:30:00+01:00,14,15,-1,No Signal
2023-09-12 15:30:00+01:00,19,15,4,No Signal
2023-09-12 16:30:00+01:00,12,15,-3,No Signal
2023-09-12 17:30:00+01:00,4,18,-14,No Signal
2023-09-12 18:30:00+01:00,5,20,-15,No Signal
2023-09-12 19:30:00+01:00,8,14,-6,No Signal
2023-09-12 20:30:00+01:00,9,10,-1,No Signal
2023-09-13 14:30:00+01:00,16,6,10,No Signal
2023-09-13 15:30:00+01:00,13,9,4,No Signal
2023-09-13 16:30:00+01:00,9,6,3,No Signal
2023-09-13 17:30:00+01:00,10,4,6,No Signal
2023-09-13 18:30:00+01:00,19,6,13,No Signal
2023-09-13 19:30:00+01:00,22,4,18,No Signal
2023-09-13 20:30:00+01:00,20,4,16,No Signal
2023-09-14 14:30:00+01:00,14,8,6,No Signal
2023-09-14 15:30:00+01:00,5,18,-13,No Signal
2023-09-14 16:30:00+01:00,7,18,-11,No Signal
2023-09-14 17:30:00+01:00,9,17,-8,No Signal
2023-09-14 18:30:00+01:00,6,17,-11,No Signal
2023-09-14 19:30:00+01:00,4,31,-27,No Signal
2023-09-14 20:30:00+01:00,2,24,-22,No Signal
2023-09-15 14:30:00+01:00,14,17,-3,No Signal
2023-09-15 15:30:00+01:00,26,10,16,No Signal
2023-09-15 16:30:00+01:00,25,11,14,No Signal
2023-09-15 17:30:00+01:00,30,5,25,Short
2023-09-15 18:30:00+01:00,29,5,24,No Signal
2023-09-15 19:30:00+01:00,20,11,9,No Signal
2023-09-15 20:30:00+01:00,20,6,14,No Signal
2023-09-18 14:30:00+01:00,17,2,15,No Signal
2023-09-18 15:30:00+01:00,24,1,23,No Signal
2023-09-18 16:30:00+01:00,21,2,19,No Signal
2023-09-18 17:30:00+01:00,29,1,28,No Signal
2023-09-18 18:30:00+01:00,28,2,26,No Signal
2023-09-18 19:30:00+01:00,40,0,40,No Signal
2023-09-18 20:30:00+01:00,35,0,35,No Signal
2023-09-19 14:30:00+01:00,33,1,32,No Signal
2023-09-19 15:30:00+01:00,25,1,24,No Signal
2023-09-19 16:30:00+01:00,27,1,26,No Signal
2023-09-19 17:30:00+01:00,18,3,15,No Signal
2023-09-19 18:30:00+01:00,18,4,14,No Signal
2023-09-19 19:30:00+01:00,18,4,14,No Signal
2023-09-19 20:30:00+01:00,17,6,11,No Signal
2023-09-20 14:30:00+01:00,15,14,1,No Signal
2023-09-20 15:30:00+01:00,14,12,2,No Signal
2023-09-20 16:30:00+01:00,11,13,-2,No Signal
2023-09-20 17:30:00+01:00,10,11,-1,No Signal
2023-09-20 18:30:00+01:00,12,10,2,No Signal
2023-09-20 19:30:00+01:00,16,7,9,No Signal
2023-09-20 20:30:00+01:00,29,5,24,No Signal
2023-09-21 14:30:00+01:00,30,3,27,No Signal
2023-09-21 15:30:00+01:00,38,4,34,No Signal
2023-09-21 16:30:00+01:00,38,2,36,No Signal
2023-09-21 17:30:00+01:00,37,0,37,No Signal
2023-09-21 18:30:00+01:00,47,1,46,No Signal
2023-09-21 19:30:00+01:00,51,1,50,No Signal
2023-09-21 20:30:00+01:00,63,0,63,No Signal
2023-09-22 14:30:00+01:00,45,0,45,No Signal
2023-09-22 15:30:00+01:00,34,1,33,No Signal
2023-09-22 16:30:00+01:00,39,1,38,No Signal
2023-09-22 17:30:00+01:00,47,0,47,No Signal
2023-09-22 18:30:00+01:00,46,1,45,No Signal
2023-09-22 19:30:00+01:00,30,0,30,No Signal
2023-09-22 20:30:00+01:00,33,1,32,No Signal
2023-09-25 14:30:00+01:00,21,5,16,No Signal
2023-09-25 15:30:00+01:00,13,5,8,No Signal
2023-09-25 16:30:00+01:00,12,7,5,No Signal
2023-09-25 17:30:00+01:00,15,5,10,No Signal
2023-09-25 18:30:00+01:00,12,4,8,No Signal
2023-09-25 19:30:00+01:00,7,7,0,No Signal
2023-09-25 20:30:00+01:00,4,9,-5,No Signal
2023-09-26 14:30:00+01:00,17,4,13,No Signal
2023-09-26 15:30:00+01:00,30,3,27,No Signal
2023-09-26 16:30:00+01:00,26,1,25,No Signal
2023-09-26 17:30:00+01:00,17,2,15,No Signal
2023-09-26 18:30:00+01:00,19,2,17,No Signal
2023-09-26 19:30:00+01:00,38,2,36,No Signal
2023-09-26 20:30:00+01:00,13,4,9,No Signal
2023-09-27 14:30:00+01:00,9,10,-1,No Signal
2023-09-27 15:30:00+01:00,16,11,5,No Signal
2023-09-27 16:30:00+01:00,29,3,26,No Signal
2023-09-27 17:30:00+01:00,31,4,27,No Signal
2023-09-27 18:30:00+01:00,19,4,15,No Signal
2023-09-27 19:30:00+01:00,14,5,9,No Signal
2023-09-27 20:30:00+01:00,17,5,12,No Signal
2023-09-28 14:30:00+01:00,13,8,5,No Signal
2023-09-28 15:30:00+01:00,11,14,-3,No Signal
2023-09-28 16:30:00+01:00,9,24,-15,No Signal
2023-09-28 17:30:00+01:00,7,17,-10,No Signal
2023-09-28 18:30:00+01:00,7,18,-11,No Signal
2023-09-28 19:30:00+01:00,7,32,-25,Long
2023-09-28 20:30:00+01:00,7,15,-8,No Signal
2023-09-29 14:30:00+01:00,4,10,-6,No Signal
2023-09-29 15:30:00+01:00,3,14,-11,No Signal
2023-09-29 16:30:00+01:00,2,33,-31,No Signal
2023-09-29 17:30:00+01:00,1,24,-23,No Signal
2023-09-29 18:30:00+01:00,3,10,-7,No Signal
2023-09-29 19:30:00+01:00,4,7,-3,No Signal
2023-09-29 20:30:00+01:00,3,5,-2,No Signal
2023-10-02 14:30:00+01:00,6,13,-7,No Signal
2023-10-02 15:30:00+01:00,6,13,-7,No Signal
2023-10-02 16:30:00+01:00,23,1,22,Short
2023-10-02 17:30:00+01:00,19,4,15,No Signal
2023-10-02 18:30:00+01:00,20,3,17,No Signal
2023-10-02 19:30:00+01:00,21,1,20,No Signal
2023-10-02 20:30:00+01:00,9,5,4,No Signal
2023-10-03 14:30:00+01:00,29,1,28,No Signal
2023-10-03 15:30:00+01:00,36,0,36,No Signal
2023-10-03 16:30:00+01:00,33,1,32,No Signal
2023-10-03 17:30:00+01:00,24,0,24,No Signal
2023-10-03 18:30:00+01:00,26,0,26,No Signal
2023-10-03 19:30:00+01:00,33,1,32,No Signal
2023-10-03 20:30:00+01:00,25,0,25,No Signal
2023-10-04 14:30:00+01:00,22,2,20,No Signal
2023-10-04 15:30:00+01:00,21,0,21,No Signal
2023-10-04 16:30:00+01:00,8,3,5,No Signal
2023-10-04 17:30:00+01:00,13,0,13,No Signal
2023-10-04 18:30:00+01:00,13,3,10,No Signal
2023-10-04 19:30:00+01:00,7,4,3,No Signal
2023-10-04 20:30:00+01:00,9,3,6,No Signal
2023-10-05 14:30:00+01:00,9,12,-3,No Signal
2023-10-05 15:30:00+01:00,9,10,-1,No Signal
2023-10-05 16:30:00+01:00,7,10,-3,No Signal
2023-10-05 17:30:00+01:00,6,10,-4,No Signal
2023-10-05 18:30:00+01:00,3,24,-21,Long
2023-10-05 19:30:00+01:00,3,30,-27,No Signal
2023-10-05 20:30:00+01:00,6,20,-14,No Signal
2023-10-06 14:30:00+01:00,6,24,-18,No Signal
2023-10-06 15:30:00+01:00,5,21,-16,No Signal
2023-10-06 16:30:00+01:00,4,25,-21,No Signal
2023-10-06 17:30:00+01:00,3,41,-38,No Signal
2023-10-06 18:30:00+01:00,3,44,-41,No Signal
2023-10-06 19:30:00+01:00,5,35,-30,No Signal
2023-10-06 20:30:00+01:00,5,28,-23,No Signal
2023-10-09 14:30:00+01:00,3,37,-34,No Signal
2023-10-09 15:30:00+01:00,3,41,-38,No Signal
2023-10-09 16:30:00+01:00,2,38,-36,No Signal
2023-10-09 17:30:00+01:00,1,44,-43,No Signal
2023-10-09 18:30:00+01:00,0,42,-42,No Signal
2023-10-09 19:30:00+01:00,0,40,-40,No Signal
2023-10-09 20:30:00+01:00,0,43,-43,No Signal
2023-10-10 14:30:00+01:00,0,59,-59,No Signal
2023-10-10 15:30:00+01:00,0,51,-51,No Signal
2023-10-10 16:30:00+01:00,0,47,-47,No Signal
2023-10-10 17:30:00+01:00,0,27,-27,No Signal
2023-10-10 18:30:00+01:00,0,21,-21,No Signal
2023-10-10 19:30:00+01:00,0,17,-17,No Signal
2023-10-10 20:30:00+01:00,0,26,-26,No Signal
2023-10-11 14:30:00+01:00,1,43,-42,No Signal
2023-10-11 15:30:00+01:00,0,42,-42,No Signal
2023-10-11 16:30:00+01:00,1,32,-31,No Signal
2023-10-11 17:30:00+01:00,3,25,-22,No Signal
2023-10-11 18:30:00+01:00,4,20,-16,No Signal
2023-10-11 19:30:00+01:00,2,25,-23,No Signal
2023-10-11 20:30:00+01:00,1,31,-30,No Signal
2023-10-12 14:30:00+01:00,21,21,0,No Signal
2023-10-12 15:30:00+01:00,25,17,8,No Signal
2023-10-12 16:30:00+01:00,20,19,1,No Signal
2023-10-12 17:30:00+01:00,23,7,16,No Signal
2023-10-12 18:30:00+01:00,25,7,18,No Signal
2023-10-12 19:30:00+01:00,26,8,18,No Signal
2023-10-12 20:30:00+01:00,23,8,15,No Signal
2023-10-13 14:30:00+01:00,25,8,17,No Signal
2023-10-13 15:30:00+01:00,33,4,29,Short
2023-10-13 16:30:00+01:00,30,6,24,No Signal
2023-10-13 17:30:00+01:00,34,3,31,No Signal
2023-10-13 18:30:00+01:00,30,1,29,No Signal
2023-10-13 19:30:00+01:00,35,1,34,No Signal
2023-10-13 20:30:00+01:00,34,1,33,No Signal
2023-10-16 14:30:00+01:00,11,3,8,No Signal
2023-10-16 15:30:00+01:00,8,4,4,No Signal
2023-10-16 16:30:00+01:00,13,4,9,No Signal
2023-10-16 17:30:00+01:00,8,14,-6,No Signal
2023-10-16 18:30:00+01:00,6,19,-13,No Signal
2023-10-16 19:30:00+01:00,6,19,-13,No Signal
2023-10-16 20:30:00+01:00,6,16,-10,No Signal
2023-10-17 14:30:00+01:00,8,15,-7,No Signal
2023-10-17 15:30:00+01:00,3,25,-22,Long
2023-10-17 16:30:00+01:00,4,29,-25,No Signal
2023-10-17 17:30:00+01:00,3,39,-36,No Signal
2023-10-17 18:30:00+01:00,3,25,-22,No Signal
2023-10-17 19:30:00+01:00,3,24,-21,No Signal
2023-10-17 20:30:00+01:00,3,21,-18,No Signal
2023-10-18 14:30:00+01:00,12,7,5,No Signal
2023-10-18 15:30:00+01:00,13,5,8,No Signal
2023-10-18 16:30:00+01:00,18,5,13,No Signal
2023-10-18 17:30:00+01:00,14,5,9,No Signal
2023-10-18 18:30:00+01:00,20,6,14,No Signal
2023-10-18 19:30:00+01:00,34,3,31,Short
2023-10-18 20:30:00+01:00,29,3,26,No Signal
2023-10-19 14:30:00+01:00,33,1,32,No Signal
2023-10-19 15:30:00+01:00,37,3,34,No Signal
2023-10-19 16:30:00+01:00,44,2,42,No Signal
2023-10-19 17:30:00+01:00,31,4,27,No Signal
2023-10-19 18:30:00+01:00,38,2,36,No Signal
2023-10-19 19:30:00+01:00,48,2,46,No Signal
2023-10-19 20:30:00+01:00,50,2,48,No Signal
2023-10-20 14:30:00+01:00,56,1,55,No Signal
2023-10-20 15:30:00+01:00,57,2,55,No Signal
2023-10-20 16:30:00+01:00,49,2,47,No Signal
2023-10-20 17:30:00+01:00,43,1,42,No Signal
2023-10-20 18:30:00+01:00,48,1,47,No Signal
2023-10-20 19:30:00+01:00,42,1,41,No Signal
2023-10-20 20:30:00+01:00,43,1,42,No Signal
2023-10-23 14:30:00+01:00,42,0,42,No Signal
2023-10-23 15:30:00+01:00,31,0,31,No Signal
2023-10-23 16:30:00+01:00,26,0,26,No Signal
2023-10-23 17:30:00+01:00,43,0,43,No Signal
2023-10-23 18:30:00+01:00,31,0,31,No Signal
2023-10-23 19:30:00+01:00,23,0,23,No Signal
2023-10-23 20:30:00+01:00,29,0,29,No Signal
2023-10-24 14:30:00+01:00,4,8,-4,No Signal
2023-10-24 15:30:00+01:00,5,16,-11,No Signal
2023-10-24 16:30:00+01:00,9,10,-1,No Signal
2023-10-24 17:30:00+01:00,15,8,7,No Signal
2023-10-24 18:30:00+01:00,8,14,-6,No Signal
2023-10-24 19:30:00+01:00,6,19,-13,No Signal
2023-10-24 20:30:00+01:00,7,23,-16,No Signal
2023-10-25 14:30:00+01:00,13,7,6,No Signal
2023-10-25 15:30:00+01:00,8,6,2,No Signal
2023-10-25 16:30:00+01:00,16,5,11,No Signal
2023-10-25 17:30:00+01:00,24,3,21,No Signal
2023-10-25 18:30:00+01:00,21,2,19,No Signal
2023-10-25 19:30:00+01:00,17,6,11,No Signal
2023-10-25 20:30:00+01:00,15,8,7,No Signal
2023-10-26 14:30:00+01:00,42,4,38,No Signal
2023-10-26 15:30:00+01:00,40,2,38,No Signal
2023-10-26 16:30:00+01:00,44,2,42,No Signal
2023-10-26 17:30:00+01:00,48,2,46,No Signal
2023-10-26 18:30:00+01:00,40,1,39,No Signal
2023-10-26 19:30:00+01:00,48,1,47,No Signal
2023-10-26 20:30:00+01:00,52,1,51,No Signal
2023-10-27 14:30:00+01:00,29,3,26,No Signal
2023-10-27 15:30:00+01:00,26,3,23,No Signal
2023-10-27 16:30:00+01:00,22,4,18,No Signal
2023-10-27 17:30:00+01:00,25,3,22,No Signal
2023-10-27 18:30:00+01:00,27,4,23,No Signal
2023-10-27 19:30:00+01:00,27,3,24,No Signal
2023-10-27 20:30:00+01:00,24,3,21,No Signal
2023-10-30 13:30:00+00:00,22,5,17,No Signal
2023-10-30 14:30:00+00:00,23,5,18,No Signal
2023-10-30 15:30:00+00:00,18,9,9,No Signal
2023-10-30 16:30:00+00:00,9,8,1,No Signal
2023-10-30 17:30:00+00:00,15,9,6,No Signal
2023-10-30 18:30:00+00:00,7,7,0,No Signal
2023-10-30 19:30:00+00:00,8,11,-3,No Signal
2023-10-31 13:30:00+00:00,5,11,-6,No Signal
2023-10-31 14:30:00+00:00,7,9,-2,No Signal
2023-10-31 15:30:00+00:00,5,13,-8,No Signal
2023-10-31 16:30:00+00:00,3,31,-28,Long
2023-10-31 17:30:00+00:00,3,41,-38,No Signal
2023-10-31 18:30:00+00:00,2,40,-38,No Signal
2023-10-31 19:30:00+00:00,1,39,-38,No Signal
2023-11-01 13:30:00+00:00,2,45,-43,No Signal
2023-11-01 14:30:00+00:00,6,25,-19,No Signal
2023-11-01 15:30:00+00:00,4,27,-23,No Signal
2023-11-01 16:30:00+00:00,5,23,-18,No Signal
2023-11-01 17:30:00+00:00,5,20,-15,No Signal
2023-11-01 18:30:00+00:00,3,26,-23,No Signal
2023-11-01 19:30:00+00:00,2,35,-33,No Signal
2023-11-02 13:30:00+00:00,3,52,-49,No Signal
2023-11-02 14:30:00+00:00,4,56,-52,No Signal
2023-11-02 15:30:00+00:00,3,51,-48,No Signal
2023-11-02 16:30:00+00:00,1,53,-52,No Signal
2023-11-02 17:30:00+00:00,3,54,-51,No Signal
2023-11-02 18:30:00+00:00,2,51,-49,No Signal
2023-11-02 19:30:00+00:00,2,50,-48,No Signal
2023-11-03 13:30:00+00:00,3,64,-61,No Signal
2023-11-03 14:30:00+00:00,1,68,-67,No Signal
2023-11-03 15:30:00+00:00,1,74,-73,No Signal
2023-11-03 16:30:00+00:00,1,70,-69,No Signal
2023-11-03 17:30:00+00:00,1,70,-69,No Signal
2023-11-03 18:30:00+00:00,1,59,-58,No Signal
2023-11-03 19:30:00+00:00,1,60,-59,No Signal
2023-11-06 14:30:00+00:00,4,35,-31,No Signal
2023-11-06 15:30:00+00:00,2,33,-31,No Signal
2023-11-06 16:30:00+00:00,2,30,-28,No Signal
2023-11-06 17:30:00+00:00,4,21,-17,No Signal
2023-11-06 18:30:00+00:00,5,24,-19,No Signal
2023-11-06 19:30:00+00:00,4,28,-24,No Signal
2023-11-06 20:30:00+00:00,3,31,-28,No Signal
2023-11-07 14:30:00+00:00,5,22,-17,No Signal
2023-11-07 15:30:00+00:00,6,23,-17,No Signal
2023-11-07 16:30:00+00:00,11,11,0,No Signal
2023-11-07 17:30:00+00:00,10,16,-6,No Signal
2023-11-07 18:30:00+00:00,12,13,-1,No Signal
2023-11-07 19:30:00+00:00,12,17,-5,No Signal
2023-11-07 20:30:00+00:00,9,16,-7,No Signal
2023-11-08 14:30:00+00:00,13,25,-12,No Signal
2023-11-08 15:30:00+00:00,13,25,-12,No Signal
2023-11-08 16:30:00+00:00,17,17,0,No Signal
2023-11-08 17:30:00+00:00,12,31,-19,No Signal
2023-11-08 18:30:00+00:00,12,32,-20,No Signal
2023-11-08 19:30:00+00:00,11,25,-14,No Signal
2023-11-08 20:30:00+00:00,9,22,-13,No Signal
2023-11-09 14:30:00+00:00,18,17,1,No Signal
2023-11-09 15:30:00+00:00,18,19,-1,No Signal
2023-11-09 16:30:00+00:00,17,19,-2,No Signal
2023-11-09 17:30:00+00:00,19,13,6,No Signal
2023-11-09 18:30:00+00:00,25,4,21,Short
2023-11-09 19:30:00+00:00,31,2,29,No Signal
2023-11-09 20:30:00+00:00,32,2,30,No Signal
2023-11-10 14:30:00+00:00,22,6,16,No Signal
2023-11-10 15:30:00+00:00,11,8,3,No Signal
2023-11-10 16:30:00+00:00,8,21,-13,No Signal
2023-11-10 17:30:00+00:00,7,22,-15,No Signal
2023-11-10 18:30:00+00:00,4,24,-20,Long
2023-11-10 19:30:00+00:00,4,28,-24,No Signal
2023-11-10 20:30:00+00:00,4,24,-20,No Signal
2023-11-13 14:30:00+00:00,2,14,-12,No Signal
2023-11-13 15:30:00+00:00,5,12,-7,No Signal
2023-11-13 16:30:00+00:00,2,19,-17,No Signal
2023-11-13 17:30:00+00:00,4,19,-15,No Signal
2023-11-13 18:30:00+00:00,3,35,-32,No Signal
2023-11-13 19:30:00+00:00,3,47,-44,No Signal
2023-11-13 20:30:00+00:00,3,47,-44,No Signal
2023-11-14 14:30:00+00:00,1,73,-72,No Signal
2023-11-14 15:30:00+00:00,2,63,-61,No Signal
2023-11-14 16:30:00+00:00,1,52,-51,No Signal
2023-11-14 17:30:00+00:00,2,45,-43,No Signal
2023-11-14 18:30:00+00:00,3,37,-34,No Signal
2023-11-14 19:30:00+00:00,2,42,-40,No Signal
2023-11-14 20:30:00+00:00,2,37,-35,No Signal
2023-11-15 14:30:00+00:00,3,63,-60,No Signal
2023-11-15 15:30:00+00:00,3,59,-56,No Signal
2023-11-15 16:30:00+00:00,3,51,-48,No Signal
2023-11-15 17:30:00+00:00,3,49,-46,No Signal
2023-11-15 18:30:00+00:00,4,52,-48,No Signal
2023-11-15 19:30:00+00:00,4,49,-45,No Signal
2023-11-15 20:30:00+00:00,4,50,-46,No Signal
2023-11-16 14:30:00+00:00,8,5,3,No Signal
2023-11-16 15:30:00+00:00,9,6,3,No Signal
2023-11-16 16:30:00+00:00,6,10,-4,No Signal
2023-11-16 17:30:00+00:00,8,11,-3,No Signal
2023-11-16 18:30:00+00:00,7,11,-4,No Signal
2023-11-16 19:30:00+00:00,7,10,-3,No Signal
2023-11-16 20:30:00+00:00,5,9,-4,No Signal
2023-11-17 14:30:00+00:00,18,4,14,No Signal
2023-11-17 15:30:00+00:00,20,4,16,No Signal
2023-11-17 16:30:00+00:00,14,6,8,No Signal
2023-11-17 17:30:00+00:00,9,8,1,No Signal
2023-11-17 18:30:00+00:00,13,6,7,No Signal
2023-11-17 19:30:00+00:00,10,8,2,No Signal
2023-11-17 20:30:00+00:00,9,8,1,No Signal
2023-11-20 14:30:00+00:00,6,17,-11,No Signal
2023-11-20 15:30:00+00:00,4,39,-35,No Signal
2023-11-20 16:30:00+00:00,5,30,-25,No Signal
2023-11-20 17:30:00+00:00,3,40,-37,No Signal
2023-11-20 18:30:00+00:00,5,44,-39,No Signal
2023-11-20 19:30:00+00:00,1,47,-46,No Signal
2023-11-20 20:30:00+00:00,2,38,-36,No Signal
2023-11-21 14:30:00+00:00,7,15,-8,No Signal
2023-11-21 15:30:00+00:00,3,23,-20,No Signal
2023-11-21 16:30:00+00:00,5,23,-18,No Signal
2023-11-21 17:30:00+00:00,6,21,-15,No Signal
2023-11-21 18:30:00+00:00,3,20,-17,No Signal
2023-11-21 19:30:00+00:00,5,21,-16,No Signal
2023-11-21 20:30:00+00:00,3,19,-16,No Signal
2023-11-22 14:30:00+00:00,1,28,-27,No Signal
2023-11-22 15:30:00+00:00,3,25,-22,No Signal
2023-11-22 16:30:00+00:00,3,26,-23,No Signal
2023-11-22 17:30:00+00:00,2,20,-18,No Signal
2023-11-22 18:30:00+00:00,1,20,-19,No Signal
2023-11-22 19:30:00+00:00,10,10,0,No Signal
2023-11-22 20:30:00+00:00,7,12,-5,No Signal
2023-11-24 14:30:00+00:00,2,24,-22,No Signal
2023-11-24 15:30:00+00:00,2,23,-21,No Signal
2023-11-24 16:30:00+00:00,7,22,-15,No Signal
2023-11-27 14:30:00+00:00,2,16,-14,No Signal
2023-11-27 15:30:00+00:00,2,19,-17,No Signal
2023-11-27 16:30:00+00:00,0,19,-19,No Signal
2023-11-27 17:30:00+00:00,3,22,-19,No Signal
2023-11-27 18:30:00+00:00,10,6,4,No Signal
2023-11-27 19:30:00+00:00,9,6,3,No Signal
2023-11-27 20:30:00+00:00,13,4,9,No Signal
2023-11-28 14:30:00+00:00,20,6,14,No Signal
2023-11-28 15:30:00+00:00,10,10,0,No Signal
2023-11-28 16:30:00+00:00,9,11,-2,No Signal
2023-11-28 17:30:00+00:00,13,10,3,No Signal
2023-11-28 18:30:00+00:00,17,9,8,No Signal
2023-11-28 19:30:00+00:00,17,9,8,No Signal
2023-11-28 20:30:00+00:00,14,9,5,No Signal
2023-11-29 14:30:00+00:00,12,21,-9,No Signal
2023-11-29 15:30:00+00:00,17,14,3,No Signal
2023-11-29 16:30:00+00:00,10,15,-5,No Signal
2023-11-29 17:30:00+00:00,11,15,-4,No Signal
2023-11-29 18:30:00+00:00,13,14,-1,No Signal
2023-11-29 19:30:00+00:00,15,11,4,No Signal
2023-11-29 20:30:00+00:00,13,13,0,No Signal
2023-11-30 14:30:00+00:00,17,17,0,No Signal
2023-11-30 15:30:00+00:00,21,13,8,No Signal
2023-11-30 16:30:00+00:00,24,12,12,No Signal
2023-11-30 17:30:00+00:00,19,13,6,No Signal
2023-11-30 18:30:00+00:00,17,13,4,No Signal
2023-11-30 19:30:00+00:00,16,12,4,No Signal
2023-11-30 20:30:00+00:00,6,14,-8,No Signal
2023-12-01 14:30:00+00:00,21,6,15,No Signal
2023-12-01 15:30:00+00:00,9,12,-3,No Signal
2023-12-01 16:30:00+00:00,9,12,-3,No Signal
2023-12-01 17:30:00+00:00,10,14,-4,No Signal
2023-12-01 18:30:00+00:00,7,12,-5,No Signal
2023-12-01 19:30:00+00:00,5,25,-20,No Signal
2023-12-01 20:30:00+00:00,5,30,-25,No Signal
2023-12-04 14:30:00+00:00,13,21,-8,No Signal
2023-12-04 15:30:00+00:00,9,21,-12,No Signal
2023-12-04 16:30:00+00:00,3,29,-26,No Signal
2023-12-04 17:30:00+00:00,4,26,-22,No Signal
2023-12-04 18:30:00+00:00,5,23,-18,No Signal
2023-12-04 19:30:00+00:00,6,22,-16,No Signal
2023-12-04 20:30:00+00:00,6,20,-14,No Signal
2023-12-05 14:30:00+00:00,3,8,-5,No Signal
2023-12-05 15:30:00+00:00,15,8,7,No Signal
2023-12-05 16:30:00+00:00,22,6,16,No Signal
2023-12-05 17:30:00+00:00,24,6,18,No Signal
2023-12-05 18:30:00+00:00,19,5,14,No Signal
2023-12-05 19:30:00+00:00,20,5,15,No Signal
2023-12-05 20:30:00+00:00,18,3,15,No Signal
2023-12-06 14:30:00+00:00,8,19,-11,No Signal
2023-12-06 15:30:00+00:00,9,20,-11,No Signal
2023-12-06 16:30:00+00:00,8,13,-5,No Signal
2023-12-06 17:30:00+00:00,7,13,-6,No Signal
2023-12-06 18:30:00+00:00,9,10,-1,No Signal
2023-12-06 19:30:00+00:00,10,6,4,No Signal
2023-12-06 20:30:00+00:00,15,4,11,No Signal
2023-12-07 14:30:00+00:00,5,21,-16,No Signal
2023-12-07 15:30:00+00:00,8,17,-9,No Signal
2023-12-07 16:30:00+00:00,5,19,-14,No Signal
2023-12-07 17:30:00+00:00,5,22,-17,No Signal
2023-12-07 18:30:00+00:00,4,27,-23,No Signal
2023-12-07 19:30:00+00:00,5,24,-19,No Signal
2023-12-07 20:30:00+00:00,11,20,-9,No Signal
2023-12-08 14:30:00+00:00,6,17,-11,No Signal
2023-12-08 15:30:00+00:00,11,7,4,No Signal
2023-12-08 16:30:00+00:00,10,9,1,No Signal
2023-12-08 17:30:00+00:00,9,16,-7,No Signal
2023-12-08 18:30:00+00:00,6,23,-17,No Signal
2023-12-08 19:30:00+00:00,7,32,-25,No Signal
2023-12-08 20:30:00+00:00,7,28,-21,No Signal
2023-12-11 14:30:00+00:00,9,40,-31,No Signal
2023-12-11 15:30:00+00:00,5,42,-37,No Signal
2023-12-11 16:30:00+00:00,4,40,-36,No Signal
2023-12-11 17:30:00+00:00,3,38,-35,No Signal
2023-12-11 18:30:00+00:00,4,39,-35,No Signal
2023-12-11 19:30:00+00:00,4,37,-33,No Signal
2023-12-11 20:30:00+00:00,3,38,-35,No Signal
2023-12-12 14:30:00+00:00,8,40,-32,No Signal
2023-12-12 15:30:00+00:00,7,53,-46,No Signal
2023-12-12 16:30:00+00:00,8,52,-44,No Signal
2023-12-12 17:30:00+00:00,9,52,-43,No Signal
2023-12-12 18:30:00+00:00,5,53,-48,No Signal
2023-12-12 19:30:00+00:00,6,52,-46,No Signal
2023-12-12 20:30:00+00:00,7,58,-51,No Signal
2023-12-13 14:30:00+00:00,6,36,-30,No Signal
2023-12-13 15:30:00+00:00,9,34,-25,No Signal
2023-12-13 16:30:00+00:00,11,36,-25,No Signal
2023-12-13 17:30:00+00:00,15,29,-14,No Signal
2023-12-13 18:30:00+00:00,5,40,-35,No Signal
2023-12-13 19:30:00+00:00,1,48,-47,No Signal
2023-12-13 20:30:00+00:00,1,53,-52,No Signal
2023-12-14 14:30:00+00:00,3,45,-42,No Signal
2023-12-14 15:30:00+00:00,4,45,-41,No Signal
2023-12-14 16:30:00+00:00,4,48,-44,No Signal
2023-12-14 17:30:00+00:00,4,31,-27,No Signal
2023-12-14 18:30:00+00:00,3,26,-23,No Signal
2023-12-14 19:30:00+00:00,6,28,-22,No Signal
2023-12-14 20:30:00+00:00,6,31,-25,No Signal
2023-12-15 14:30:00+00:00,8,32,-24,No Signal
2023-12-15 15:30:00+00:00,8,34,-26,No Signal
2023-12-15 16:30:00+00:00,7,31,-24,No Signal
2023-12-15 17:30:00+00:00,7,32,-25,No Signal
2023-12-15 18:30:00+00:00,12,22,-10,No Signal
2023-12-15 19:30:00+00:00,15,20,-5,No Signal
2023-12-15 20:30:00+00:00,17,17,0,No Signal
2023-12-18 14:30:00+00:00,15,8,7,No Signal
2023-12-18 15:30:00+00:00,12,9,3,No Signal
2023-12-18 16:30:00+00:00,13,8,5,No Signal
2023-12-18 17:30:00+00:00,10,17,-7,No Signal
2023-12-18 18:30:00+00:00,10,15,-5,No Signal
2023-12-18 19:30:00+00:00,10,19,-9,No Signal
2023-12-18 20:30:00+00:00,11,14,-3,No Signal
2023-12-19 14:30:00+00:00,7,18,-11,No Signal
2023-12-19 15:30:00+00:00,11,19,-8,No Signal
2023-12-19 16:30:00+00:00,7,16,-9,No Signal
2023-12-19 17:30:00+00:00,5,17,-12,No Signal
2023-12-19 18:30:00+00:00,3,23,-20,No Signal
2023-12-19 19:30:00+00:00,3,23,-20,No Signal
2023-12-19 20:30:00+00:00,1,24,-23,No Signal
2023-12-20 14:30:00+00:00,4,28,-24,No Signal
2023-12-20 15:30:00+00:00,6,27,-21,No Signal
2023-12-20 16:30:00+00:00,7,27,-20,No Signal
2023-12-20 17:30:00+00:00,5,20,-15,No Signal
2023-12-20 18:30:00+00:00,7,18,-11,No Signal
2023-12-20 19:30:00+00:00,22,3,19,No Signal
2023-12-20 20:30:00+00:00,26,1,25,Short
2023-12-21 14:30:00+00:00,9,2,7,No Signal
2023-12-21 15:30:00+00:00,9,3,6,No Signal
2023-12-21 16:30:00+00:00,10,1,9,No Signal
2023-12-21 17:30:00+00:00,10,2,8,No Signal
2023-12-21 18:30:00+00:00,10,2,8,No Signal
2023-12-21 19:30:00+00:00,7,2,5,No Signal
2023-12-21 20:30:00+00:00,8,2,6,No Signal
2023-12-22 14:30:00+00:00,8,7,1,No Signal
2023-12-22 15:30:00+00:00,8,5,3,No Signal
2023-12-22 16:30:00+00:00,8,6,2,No Signal
2023-12-22 17:30:00+00:00,8,7,1,No Signal
2023-12-22 18:30:00+00:00,10,3,7,No Signal
2023-12-22 19:30:00+00:00,3,32,-29,Long
2023-12-22 20:30:00+00:00,3,38,-35,No Signal
2023-12-26 14:30:00+00:00,2,19,-17,No Signal
2023-12-26 15:30:00+00:00,3,17,-14,No Signal
2023-12-26 16:30:00+00:00,3,37,-34,No Signal
2023-12-26 17:30:00+00:00,3,37,-34,No Signal
2023-12-26 18:30:00+00:00,2,35,-33,No Signal
2023-12-26 19:30:00+00:00,3,35,-32,No Signal
2023-12-26 20:30:00+00:00,4,22,-18,No Signal
2023-12-27 14:30:00+00:00,5,10,-5,No Signal
2023-12-27 15:30:00+00:00,6,12,-6,No Signal
2023-12-27 16:30:00+00:00,5,14,-9,No Signal
2023-12-27 17:30:00+00:00,5,14,-9,No Signal
2023-12-27 18:30:00+00:00,3,37,-34,No Signal
2023-12-27 19:30:00+00:00,5,24,-19,No Signal
2023-12-27 20:30:00+00:00,2,31,-29,No Signal
2023-12-28 14:30:00+00:00,9,27,-18,No Signal
2023-12-28 15:30:00+00:00,9,27,-18,No Signal
2023-12-28 16:30:00+00:00,5,20,-15,No Signal
2023-12-28 17:30:00+00:00,5,19,-14,No Signal
2023-12-28 18:30:00+00:00,4,17,-13,No Signal
2023-12-28 19:30:00+00:00,15,10,5,No Signal
2023-12-28 20:30:00+00:00,12,11,1,No Signal
2023-12-29 14:30:00+00:00,14,18,-4,No Signal
2023-12-29 15:30:00+00:00,31,8,23,Short
2023-12-29 16:30:00+00:00,25,4,21,No Signal
2023-12-29 17:30:00+00:00,15,4,11,No Signal
2023-12-29 18:30:00+00:00,12,6,6,No Signal
2023-12-29 19:30:00+00:00,9,8,1,No Signal
2023-12-29 20:30:00+00:00,16,4,12,No Signal
2024-01-02 14:30:00+00:00,51,13,38,No Signal
2024-01-02 15:30:00+00:00,45,10,35,No Signal
2024-01-02 16:30:00+00:00,47,14,33,No Signal
2024-01-02 17:30:00+00:00,50,12,38,No Signal
2024-01-02 18:30:00+00:00,53,11,42,No Signal
2024-01-02 19:30:00+00:00,54,10,44,No Signal
2024-01-02 20:30:00+00:00,41,13,28,No Signal
2024-01-03 14:30:00+00:00,57,9,48,No Signal
2024-01-03 15:30:00+00:00,48,10,38,No Signal
2024-01-03 16:30:00+00:00,48,11,37,No Signal
2024-01-03 17:30:00+00:00,53,11,42,No Signal
2024-01-03 18:30:00+00:00,49,12,37,No Signal
2024-01-03 19:30:00+00:00,56,7,49,No Signal
2024-01-03 20:30:00+00:00,56,7,49,No Signal
2024-01-04 14:30:00+00:00,35,8,27,No Signal
2024-01-04 15:30:00+00:00,30,7,23,No Signal
2024-01-04 16:30:00+00:00,34,4,30,No Signal
2024-01-04 17:30:00+00:00,31,4,27,No Signal
2024-01-04 18:30:00+00:00,30,4,26,No Signal
2024-01-04 19:30:00+00:00,20,7,13,No Signal
2024-01-04 20:30:00+00:00,34,2,32,No Signal
2024-01-05 14:30:00+00:00,15,11,4,No Signal
2024-01-05 15:30:00+00:00,21,12,9,No Signal
2024-01-05 16:30:00+00:00,22,8,14,No Signal
2024-01-05 17:30:00+00:00,27,9,18,No Signal
2024-01-05 18:30:00+00:00,28,7,21,No Signal
2024-01-05 19:30:00+00:00,27,5,22,No Signal
2024-01-05 20:30:00+00:00,19,6,13,No Signal
2024-01-08 14:30:00+00:00,15,16,-1,No Signal
2024-01-08 15:30:00+00:00,17,14,3,No Signal
2024-01-08 16:30:00+00:00,10,13,-3,No Signal
2024-01-08 17:30:00+00:00,10,19,-9,No Signal
2024-01-08 18:30:00+00:00,6,27,-21,Long
2024-01-08 19:30:00+00:00,5,20,-15,No Signal
2024-01-08 20:30:00+00:00,2,44,-42,No Signal
2024-01-09 14:30:00+00:00,5,26,-21,No Signal
2024-01-09 15:30:00+00:00,3,28,-25,No Signal
2024-01-09 16:30:00+00:00,2,45,-43,No Signal
2024-01-09 17:30:00+00:00,3,40,-37,No Signal
2024-01-09 18:30:00+00:00,2,34,-32,No Signal
2024-01-09 19:30:00+00:00,2,47,-45,No Signal
2024-01-09 20:30:00+00:00,2,45,-43,No Signal
2024-01-10 14:30:00+00:00,1,25,-24,No Signal
2024-01-10 15:30:00+00:00,4,24,-20,No Signal
2024-01-10 16:30:00+00:00,9,26,-17,No Signal
2024-01-10 17:30:00+00:00,8,23,-15,No Signal
2024-01-10 18:30:00+00:00,6,23,-17,No Signal
2024-01-10 19:30:00+00:00,7,22,-15,No Signal
2024-01-10 20:30:00+00:00,10,21,-11,No Signal
2024-01-11 14:30:00+00:00,12,22,-10,No Signal
2024-01-11 15:30:00+00:00,19,9,10,No Signal
2024-01-11 16:30:00+00:00,21,6,15,No Signal
2024-01-11 17:30:00+00:00,10,11,-1,No Signal
2024-01-11 18:30:00+00:00,6,17,-11,No Signal
2024-01-11 19:30:00+00:00,7,15,-8,No Signal
2024-01-11 20:30:00+00:00,8,16,-8,No Signal
2024-01-12 14:30:00+00:00,7,16,-9,No Signal
2024-01-12 15:30:00+00:00,5,18,-13,No Signal
2024-01-12 16:30:00+00:00,8,16,-8,No Signal
2024-01-12 17:30:00+00:00,8,15,-7,No Signal
2024-01-12 18:30:00+00:00,15,13,2,No Signal
2024-01-12 19:30:00+00:00,13,13,0,No Signal
2024-01-12 20:30:00+00:00,16,15,1,No Signal
2024-01-16 14:30:00+00:00,13,18,-5,No Signal
2024-01-16 15:30:00+00:00,14,26,-12,No Signal
2024-01-16 16:30:00+00:00,16,21,-5,No Signal
2024-01-16 17:30:00+00:00,20,16,4,No Signal
2024-01-16 18:30:00+00:00,30,7,23,Short
2024-01-16 19:30:00+00:00,22,6,16,No Signal
2024-01-16 20:30:00+00:00,20,11,9,No Signal
2024-01-17 14:30:00+00:00,38,3,35,No Signal
2024-01-17 15:30:00+00:00,37,2,35,No Signal
2024-01-17 16:30:00+00:00,36,3,33,No Signal
2024-01-17 17:30:00+00:00,39,3,36,No Signal
2024-01-17 18:30:00+00:00,34,4,30,No Signal
2024-01-17 19:30:00+00:00,33,3,30,No Signal
2024-01-17 20:30:00+00:00,22,6,16,No Signal
2024-01-18 14:30:00+00:00,7,4,3,No Signal
2024-01-18 15:30:00+00:00,6,6,0,No Signal
2024-01-18 16:30:00+00:00,6,6,0,No Signal
2024-01-18 17:30:00+00:00,9,3,6,No Signal
2024-01-18 18:30:00+00:00,6,11,-5,No Signal
2024-01-18 19:30:00+00:00,3,12,-9,No Signal
2024-01-18 20:30:00+00:00,3,8,-5,No Signal
2024-01-19 14:30:00+00:00,3,48,-45,Long
2024-01-19 15:30:00+00:00,3,39,-36,No Signal
2024-01-19 16:30:00+00:00,2,49,-47,No Signal
2024-01-19 17:30:00+00:00,1,59,-58,No Signal
2024-01-19 18:30:00+00:00,1,64,-63,No Signal
2024-01-19 19:30:00+00:00,1,61,-60,No Signal
2024-01-19 20:30:00+00:00,1,54,-53,No Signal
2024-01-22 14:30:00+00:00,2,57,-55,No Signal
2024-01-22 15:30:00+00:00,2,51,-49,No Signal
2024-01-22 16:30:00+00:00,3,54,-51,No Signal
2024-01-22 17:30:00+00:00,2,49,-47,No Signal
2024-01-22 18:30:00+00:00,3,47,-44,No Signal
2024-01-22 19:30:00+00:00,2,45,-43,No Signal
2024-01-22 20:30:00+00:00,3,38,-35,No Signal
2024-01-23 14:30:00+00:00,2,36,-34,No Signal
2024-01-23 15:30:00+00:00,2,23,-21,No Signal
2024-01-23 16:30:00+00:00,3,22,-19,No Signal
2024-01-23 17:30:00+00:00,4,16,-12,No Signal
2024-01-23 18:30:00+00:00,6,13,-7,No Signal
2024-01-23 19:30:00+00:00,5,17,-12,No Signal
2024-01-23 20:30:00+00:00,6,20,-14,No Signal
2024-01-24 14:30:00+00:00,9,22,-13,No Signal
2024-01-24 15:30:00+00:00,6,23,-17,No Signal
2024-01-24 16:30:00+00:00,8,24,-16,No Signal
2024-01-24 17:30:00+00:00,5,27,-22,No Signal
2024-01-24 18:30:00+00:00,5,11,-6,No Signal
2024-01-24 19:30:00+00:00,6,11,-5,No Signal
2024-01-24 20:30:00+00:00,9,10,-1,No Signal
2024-01-25 14:30:00+00:00,14,22,-8,No Signal
2024-01-25 15:30:00+00:00,9,24,-15,No Signal
2024-01-25 16:30:00+00:00,10,21,-11,No Signal
2024-01-25 17:30:00+00:00,11,15,-4,No Signal
2024-01-25 18:30:00+00:00,13,11,2,No Signal
2024-01-25 19:30:00+00:00,14,11,3,No Signal
2024-01-25 20:30:00+00:00,14,13,1,No Signal
2024-01-26 14:30:00+00:00,23,3,20,Short
2024-01-26 15:30:00+00:00,21,8,13,No Signal
2024-01-26 16:30:00+00:00,22,7,15,No Signal
2024-01-26 17:30:00+00:00,24,7,17,No Signal
2024-01-26 18:30:00+00:00,20,7,13,No Signal
2024-01-26 19:30:00+00:00,16,16,0,No Signal
2024-01-26 20:30:00+00:00,20,14,6,No Signal
2024-01-29 14:30:00+00:00,23,9,14,No Signal
2024-01-29 15:30:00+00:00,22,13,9,No Signal
2024-01-29 16:30:00+00:00,16,16,0,No Signal
2024-01-29 17:30:00+00:00,16,17,-1,No Signal
2024-01-29 18:30:00+00:00,14,22,-8,No Signal
2024-01-29 19:30:00+00:00,10,31,-21,Long
2024-01-29 20:30:00+00:00,10,23,-13,No Signal
2024-01-30 14:30:00+00:00,8,16,-8,No Signal
2024-01-30 15:30:00+00:00,6,13,-7,No Signal
2024-01-30 16:30:00+00:00,7,10,-3,No Signal
2024-01-30 17:30:00+00:00,7,13,-6,No Signal
2024-01-30 18:30:00+00:00,8,18,-10,No Signal
2024-01-30 19:30:00+00:00,8,17,-9,No Signal
2024-01-30 20:30:00+00:00,7,19,-12,No Signal
2024-01-31 14:30:00+00:00,17,11,6,No Signal
2024-01-31 15:30:00+00:00,14,6,8,No Signal
2024-01-31 16:30:00+00:00,14,4,10,No Signal
2024-01-31 17:30:00+00:00,11,5,6,No Signal
2024-01-31 18:30:00+00:00,19,1,18,No Signal
2024-01-31 19:30:00+00:00,34,0,34,Short
2024-01-31 20:30:00+00:00,41,1,40,No Signal
2024-02-01 14:30:00+00:00,23,3,20,No Signal
2024-02-01 15:30:00+00:00,28,1,27,No Signal
2024-02-01 16:30:00+00:00,12,3,9,No Signal
2024-02-01 17:30:00+00:00,12,4,8,No Signal
2024-02-01 18:30:00+00:00,8,4,4,No Signal
2024-02-01 19:30:00+00:00,11,4,7,No Signal
2024-02-01 20:30:00+00:00,9,4,5,No Signal
2024-02-02 14:30:00+00:00,17,18,-1,No Signal
2024-02-02 15:30:00+00:00,13,20,-7,No Signal
2024-02-02 16:30:00+00:00,15,19,-4,No Signal
2024-02-02 17:30:00+00:00,14,16,-2,No Signal
2024-02-02 18:30:00+00:00,12,25,-13,No Signal
2024-02-02 19:30:00+00:00,6,31,-25,Long
2024-02-02 20:30:00+00:00,7,31,-24,No Signal
2024-02-05 14:30:00+00:00,7,12,-5,No Signal
2024-02-05 15:30:00+00:00,6,19,-13,No Signal
2024-02-05 16:30:00+00:00,8,17,-9,No Signal
2024-02-05 17:30:00+00:00,11,16,-5,No Signal
2024-02-05 18:30:00+00:00,11,19,-8,No Signal
2024-02-05 19:30:00+00:00,9,17,-8,No Signal
2024-02-05 20:30:00+00:00,13,16,-3,No Signal
2024-02-06 14:30:00+00:00,8,15,-7,No Signal
2024-02-06 15:30:00+00:00,10,14,-4,No Signal
2024-02-06 16:30:00+00:00,14,13,1,No Signal
2024-02-06 17:30:00+00:00,10,12,-2,No Signal
2024-02-06 18:30:00+00:00,19,11,8,No Signal
2024-02-06 19:30:00+00:00,17,10,7,No Signal
2024-02-06 20:30:00+00:00,9,15,-6,No Signal
2024-02-07 14:30:00+00:00,2,38,-36,No Signal
2024-02-07 15:30:00+00:00,4,33,-29,No Signal
2024-02-07 16:30:00+00:00,4,30,-26,No Signal
2024-02-07 17:30:00+00:00,5,29,-24,No Signal
2024-02-07 18:30:00+00:00,5,27,-22,No Signal
2024-02-07 19:30:00+00:00,5,23,-18,No Signal
2024-02-07 20:30:00+00:00,4,25,-21,No Signal
2024-02-08 14:30:00+00:00,8,23,-15,No Signal
2024-02-08 15:30:00+00:00,11,23,-12,No Signal
2024-02-08 16:30:00+00:00,13,32,-19,No Signal
2024-02-08 17:30:00+00:00,13,33,-20,No Signal
2024-02-08 18:30:00+00:00,10,33,-23,No Signal
2024-02-08 19:30:00+00:00,11,31,-20,No Signal
2024-02-08 20:30:00+00:00,9,24,-15,No Signal
2024-02-09 14:30:00+00:00,13,20,-7,No Signal
2024-02-09 15:30:00+00:00,14,23,-9,No Signal
2024-02-09 16:30:00+00:00,12,28,-16,No Signal
2024-02-09 17:30:00+00:00,11,27,-16,No Signal
2024-02-09 18:30:00+00:00,9,26,-17,No Signal
2024-02-09 19:30:00+00:00,6,27,-21,No Signal
2024-02-09 20:30:00+00:00,4,26,-22,No Signal
2024-02-12 14:30:00+00:00,6,17,-11,No Signal
2024-02-12 15:30:00+00:00,3,26,-23,No Signal
2024-02-12 16:30:00+00:00,3,26,-23,No Signal
2024-02-12 17:30:00+00:00,8,28,-20,No Signal
2024-02-12 18:30:00+00:00,8,24,-16,No Signal
2024-02-12 19:30:00+00:00,6,19,-13,No Signal
2024-02-12 20:30:00+00:00,4,20,-16,No Signal
2024-02-13 14:30:00+00:00,29,4,25,Short
2024-02-13 15:30:00+00:00,24,2,22,No Signal
2024-02-13 16:30:00+00:00,33,3,30,No Signal
2024-02-13 17:30:00+00:00,40,2,38,No Signal
2024-02-13 18:30:00+00:00,49,1,48,No Signal
2024-02-13 19:30:00+00:00,48,3,45,No Signal
2024-02-13 20:30:00+00:00,35,2,33,No Signal
2024-02-14 14:30:00+00:00,17,1,16,No Signal
2024-02-14 15:30:00+00:00,22,2,20,No Signal
2024-02-14 16:30:00+00:00,22,1,21,No Signal
2024-02-14 17:30:00+00:00,19,4,15,No Signal
2024-02-14 18:30:00+00:00,18,2,16,No Signal
2024-02-14 19:30:00+00:00,12,5,7,No Signal
2024-02-14 20:30:00+00:00,10,5,5,No Signal
2024-02-15 14:30:00+00:00,2,23,-21,Long
2024-02-15 15:30:00+00:00,3,22,-19,No Signal
2024-02-15 16:30:00+00:00,1,29,-28,No Signal
2024-02-15 17:30:00+00:00,0,35,-35,No Signal
2024-02-15 18:30:00+00:00,0,50,-50,No Signal
2024-02-15 19:30:00+00:00,0,49,-49,No Signal
2024-02-15 20:30:00+00:00,1,41,-40,No Signal
2024-02-16 14:30:00+00:00,12,24,-12,No Signal
2024-02-16 15:30:00+00:00,3,36,-33,No Signal
2024-02-16 16:30:00+00:00,3,37,-34,No Signal
2024-02-16 17:30:00+00:00,6,32,-26,No Signal
2024-02-16 18:30:00+00:00,4,31,-27,No Signal
2024-02-16 19:30:00+00:00,9,13,-4,No Signal
2024-02-16 20:30:00+00:00,11,14,-3,No Signal
2024-02-20 14:30:00+00:00,20,6,14,No Signal
2024-02-20 15:30:00+00:00,12,6,6,No Signal
2024-02-20 16:30:00+00:00,24,4,20,Short
2024-02-20 17:30:00+00:00,26,5,21,No Signal
2024-02-20 18:30:00+00:00,20,4,16,No Signal
2024-02-20 19:30:00+00:00,17,5,12,No Signal
2024-02-20 20:30:00+00:00,17,4,13,No Signal
2024-02-21 14:30:00+00:00,20,5,15,No Signal
2024-02-21 15:30:00+00:00,32,4,28,No Signal
2024-02-21 16:30:00+00:00,33,3,30,No Signal
2024-02-21 17:30:00+00:00,29,2,27,No Signal
2024-02-21 18:30:00+00:00,40,1,39,No Signal
2024-02-21 19:30:00+00:00,22,3,19,No Signal
2024-02-21 20:30:00+00:00,12,6,6,No Signal
2024-02-22 14:30:00+00:00,6,27,-21,Long
2024-02-22 15:30:00+00:00,5,25,-20,No Signal
2024-02-22 16:30:00+00:00,3,42,-39,No Signal
2024-02-22 17:30:00+00:00,2,45,-43,No Signal
2024-02-22 18:30:00+00:00,1,46,-45,No Signal
2024-02-22 19:30:00+00:00,3,40,-37,No Signal
2024-02-22 20:30:00+00:00,4,33,-29,No Signal
2024-02-23 14:30:00+00:00,3,47,-44,No Signal
2024-02-23 15:30:00+00:00,2,40,-38,No Signal
2024-02-23 16:30:00+00:00,1,44,-43,No Signal
2024-02-23 17:30:00+00:00,3,49,-46,No Signal
2024-02-23 18:30:00+00:00,2,47,-45,No Signal
2024-02-23 19:30:00+00:00,2,45,-43,No Signal
2024-02-23 20:30:00+00:00,4,38,-34,No Signal
2024-02-26 14:30:00+00:00,5,22,-17,No Signal
2024-02-26 15:30:00+00:00,6,21,-15,No Signal
2024-02-26 16:30:00+00:00,11,21,-10,No Signal
2024-02-26 17:30:00+00:00,11,12,-1,No Signal
2024-02-26 18:30:00+00:00,17,12,5,No Signal
2024-02-26 19:30:00+00:00,12,14,-2,No Signal
2024-02-26 20:30:00+00:00,10,11,-1,No Signal
2024-02-27 14:30:00+00:00,16,18,-2,No Signal
2024-02-27 15:30:00+00:00,17,15,2,No Signal
2024-02-27 16:30:00+00:00,14,10,4,No Signal
2024-02-27 17:30:00+00:00,22,7,15,No Signal
2024-02-27 18:30:00+00:00,16,17,-1,No Signal
2024-02-27 19:30:00+00:00,15,17,-2,No Signal
2024-02-27 20:30:00+00:00,12,14,-2,No Signal
2024-02-28 14:30:00+00:00,17,8,9,No Signal
2024-02-28 15:30:00+00:00,11,10,1,No Signal
2024-02-28 16:30:00+00:00,15,11,4,No Signal
2024-02-28 17:30:00+00:00,7,11,-4,No Signal
2024-02-28 18:30:00+00:00,17,9,8,No Signal
2024-02-28 19:30:00+00:00,12,7,5,No Signal
2024-02-28 20:30:00+00:00,10,11,-1,No Signal
2024-02-29 14:30:00+00:00,11,8,3,No Signal
2024-02-29 15:30:00+00:00,11,8,3,No Signal
2024-02-29 16:30:00+00:00,11,7,4,No Signal
2024-02-29 17:30:00+00:00,9,12,-3,No Signal
2024-02-29 18:30:00+00:00,13,8,5,No Signal
2024-02-29 19:30:00+00:00,14,9,5,No Signal
2024-02-29 20:30:00+00:00,15,9,6,No Signal
2024-03-01 14:30:00+00:00,7,30,-23,No Signal
2024-03-01 15:30:00+00:00,9,30,-21,No Signal
2024-03-01 16:30:00+00:00,4,33,-29,No Signal
2024-03-01 17:30:00+00:00,6,33,-27,No Signal
2024-03-01 18:30:00+00:00,3,36,-33,No Signal
2024-03-01 19:30:00+00:00,3,34,-31,No Signal
2024-03-01 20:30:00+00:00,4,33,-29,No Signal
2024-03-04 14:30:00+00:00,17,33,-16,No Signal
2024-03-04 15:30:00+00:00,13,31,-18,No Signal
2024-03-04 16:30:00+00:00,14,34,-20,No Signal
2024-03-04 17:30:00+00:00,16,29,-13,No Signal
2024-03-04 18:30:00+00:00,17,27,-10,No Signal
2024-03-04 19:30:00+00:00,14,30,-16,No Signal
2024-03-04 20:30:00+00:00,15,25,-10,No Signal
2024-03-05 14:30:00+00:00,28,11,17,No Signal
2024-03-05 15:30:00+00:00,30,10,20,Short
2024-03-05 16:30:00+00:00,31,7,24,No Signal
2024-03-05 17:30:00+00:00,36,8,28,No Signal
2024-03-05 18:30:00+00:00,48,4,44,No Signal
2024-03-05 19:30:00+00:00,49,3,46,No Signal
2024-03-05 20:30:00+00:00,37,3,34,No Signal
2024-03-06 14:30:00+00:00,23,5,18,No Signal
2024-03-06 15:30:00+00:00,18,7,11,No Signal
2024-03-06 16:30:00+00:00,15,6,9,No Signal
2024-03-06 17:30:00+00:00,11,7,4,No Signal
2024-03-06 18:30:00+00:00,15,7,8,No Signal
2024-03-06 19:30:00+00:00,19,5,14,No Signal
2024-03-06 20:30:00+00:00,16,6,10,No Signal
2024-03-07 14:30:00+00:00,4,20,-16,No Signal
2024-03-07 15:30:00+00:00,3,23,-20,Long
2024-03-07 16:30:00+00:00,3,30,-27,No Signal
2024-03-07 17:30:00+00:00,2,33,-31,No Signal
2024-03-07 18:30:00+00:00,1,36,-35,No Signal
2024-03-07 19:30:00+00:00,1,43,-42,No Signal
2024-03-07 20:30:00+00:00,3,31,-28,No Signal
2024-03-08 14:30:00+00:00,5,33,-28,No Signal
2024-03-08 15:30:00+00:00,3,14,-11,No Signal
2024-03-08 16:30:00+00:00,3,13,-10,No Signal
2024-03-08 17:30:00+00:00,4,8,-4,No Signal
2024-03-08 18:30:00+00:00,3,14,-11,No Signal
2024-03-08 19:30:00+00:00,4,8,-4,No Signal
2024-03-08 20:30:00+00:00,5,8,-3,No Signal
2024-03-11 13:30:00+00:00,20,12,8,No Signal
2024-03-11 14:30:00+00:00,25,16,9,No Signal
2024-03-11 15:30:00+00:00,24,17,7,No Signal
2024-03-11 16:30:00+00:00,24,18,6,No Signal
2024-03-11 17:30:00+00:00,21,13,8,No Signal
2024-03-11 18:30:00+00:00,19,13,6,No Signal
2024-03-11 19:30:00+00:00,17,16,1,No Signal
2024-03-12 13:30:00+00:00,15,13,2,No Signal
2024-03-12 14:30:00+00:00,8,13,-5,No Signal
2024-03-12 15:30:00+00:00,13,10,3,No Signal
2024-03-12 16:30:00+00:00,7,15,-8,No Signal
2024-03-12 17:30:00+00:00,5,16,-11,No Signal
2024-03-12 18:30:00+00:00,4,23,-19,No Signal
2024-03-12 19:30:00+00:00,5,22,-17,No Signal
2024-03-13 13:30:00+00:00,2,24,-22,No Signal
2024-03-13 14:30:00+00:00,2,21,-19,No Signal
2024-03-13 15:30:00+00:00,5,20,-15,No Signal
2024-03-13 16:30:00+00:00,4,22,-18,No Signal
2024-03-13 17:30:00+00:00,7,19,-12,No Signal
2024-03-13 18:30:00+00:00,9,13,-4,No Signal
2024-03-13 19:30:00+00:00,11,12,-1,No Signal
2024-03-14 13:30:00+00:00,22,7,15,No Signal
2024-03-14 14:30:00+00:00,25,7,18,No Signal
2024-03-14 15:30:00+00:00,17,8,9,No Signal
2024-03-14 16:30:00+00:00,22,8,14,No Signal
2024-03-14 17:30:00+00:00,24,7,17,No Signal
2024-03-14 18:30:00+00:00,33,6,27,Short
2024-03-14 19:30:00+00:00,19,7,12,No Signal
2024-03-15 13:30:00+00:00,27,1,26,No Signal
2024-03-15 14:30:00+00:00,22,3,19,No Signal
2024-03-15 15:30:00+00:00,28,2,26,No Signal
2024-03-15 16:30:00+00:00,32,1,31,No Signal
2024-03-15 17:30:00+00:00,34,2,32,No Signal
2024-03-15 18:30:00+00:00,22,5,17,No Signal
2024-03-15 19:30:00+00:00,28,5,23,No Signal
2024-03-18 13:30:00+00:00,7,12,-5,No Signal
2024-03-18 14:30:00+00:00,4,15,-11,No Signal
2024-03-18 15:30:00+00:00,6,9,-3,No Signal
2024-03-18 16:30:00+00:00,4,14,-10,No Signal
2024-03-18 17:30:00+00:00,6,11,-5,No Signal
2024-03-18 18:30:00+00:00,5,14,-9,No Signal
2024-03-18 19:30:00+00:00,13,10,3,No Signal
2024-03-19 13:30:00+00:00,16,11,5,No Signal
2024-03-19 14:30:00+00:00,5,8,-3,No Signal
2024-03-19 15:30:00+00:00,1,13,-12,No Signal
2024-03-19 16:30:00+00:00,2,16,-14,No Signal
2024-03-19 17:30:00+00:00,0,14,-14,No Signal
2024-03-19 18:30:00+00:00,3,10,-7,No Signal
2024-03-19 19:30:00+00:00,1,14,-13,No Signal
2024-03-20 13:30:00+00:00,11,11,0,No Signal
2024-03-20 14:30:00+00:00,8,7,1,No Signal
2024-03-20 15:30:00+00:00,6,6,0,No Signal
2024-03-20 16:30:00+00:00,9,3,6,No Signal
2024-03-20 17:30:00+00:00,2,10,-8,No Signal
2024-03-20 18:30:00+00:00,1,17,-16,No Signal
2024-03-20 19:30:00+00:00,1,20,-19,No Signal
2024-03-21 13:30:00+00:00,2,56,-54,Long
2024-03-21 14:30:00+00:00,0,48,-48,No Signal
2024-03-21 15:30:00+00:00,0,45,-45,No Signal
2024-03-21 16:30:00+00:00,1,39,-38,No Signal
2024-03-21 17:30:00+00:00,1,36,-35,No Signal
2024-03-21 18:30:00+00:00,1,39,-38,No Signal
2024-03-21 19:30:00+00:00,2,30,-28,No Signal
2024-03-22 13:30:00+00:00,3,24,-21,No Signal
2024-03-22 14:30:00+00:00,4,22,-18,No Signal
2024-03-22 15:30:00+00:00,3,18,-15,No Signal
2024-03-22 16:30:00+00:00,4,25,-21,No Signal
2024-03-22 17:30:00+00:00,8,15,-7,No Signal
2024-03-22 18:30:00+00:00,13,7,6,No Signal
2024-03-22 19:30:00+00:00,11,6,5,No Signal
2024-03-25 13:30:00+00:00,28,4,24,Short
2024-03-25 14:30:00+00:00,26,4,22,No Signal
2024-03-25 15:30:00+00:00,33,2,31,No Signal
2024-03-25 16:30:00+00:00,25,3,22,No Signal
2024-03-25 17:30:00+00:00,23,7,16,No Signal
2024-03-25 18:30:00+00:00,21,7,14,No Signal
2024-03-25 19:30:00+00:00,23,6,17,No Signal
2024-03-26 13:30:00+00:00,8,8,0,No Signal
2024-03-26 14:30:00+00:00,10,11,-1,No Signal
2024-03-26 15:30:00+00:00,7,11,-4,No Signal
2024-03-26 16:30:00+00:00,19,11,8,No Signal
2024-03-26 17:30:00+00:00,17,7,10,No Signal
2024-03-26 18:30:00+00:00,17,9,8,No Signal
2024-03-26 19:30:00+00:00,19,5,14,No Signal
2024-03-27 13:30:00+00:00,11,15,-4,No Signal
2024-03-27 14:30:00+00:00,10,11,-1,No Signal
2024-03-27 15:30:00+00:00,10,12,-2,No Signal
2024-03-27 16:30:00+00:00,10,13,-3,No Signal
2024-03-27 17:30:00+00:00,7,13,-6,No Signal
2024-03-27 18:30:00+00:00,8,12,-4,No Signal
2024-03-27 19:30:00+00:00,2,16,-14,No Signal
2024-03-28 13:30:00+00:00,11,24,-13,No Signal
2024-03-28 14:30:00+00:00,7,26,-19,No Signal
2024-03-28 15:30:00+00:00,8,24,-16,No Signal
2024-03-28 16:30:00+00:00,8,22,-14,No Signal
2024-03-28 17:30:00+00:00,10,22,-12,No Signal
2024-03-28 18:30:00+00:00,7,24,-17,No Signal
2024-03-28 19:30:00+00:00,5,21,-16,No Signal
2024-04-01 14:30:00+01:00,7,17,-10,No Signal
2024-04-01 15:30:00+01:00,8,13,-5,No Signal
2024-04-01 16:30:00+01:00,14,14,0,No Signal
2024-04-01 17:30:00+01:00,14,11,3,No Signal
2024-04-01 18:30:00+01:00,13,8,5,No Signal
2024-04-01 19:30:00+01:00,12,8,4,No Signal
2024-04-01 20:30:00+01:00,15,7,8,No Signal
2024-04-02 14:30:00+01:00,43,1,42,No Signal
2024-04-02 15:30:00+01:00,41,0,41,No Signal
2024-04-02 16:30:00+01:00,43,1,42,No Signal
2024-04-02 17:30:00+01:00,39,3,36,No Signal
2024-04-02 18:30:00+01:00,41,1,40,No Signal
2024-04-02 19:30:00+01:00,39,1,38,No Signal
2024-04-02 20:30:00+01:00,37,4,33,No Signal
2024-04-03 14:30:00+01:00,21,2,19,No Signal
2024-04-03 15:30:00+01:00,17,3,14,No Signal
2024-04-03 16:30:00+01:00,17,4,13,No Signal
2024-04-03 17:30:00+01:00,19,5,14,No Signal
2024-04-03 18:30:00+01:00,18,6,12,No Signal
2024-04-03 19:30:00+01:00,24,4,20,No Signal
2024-04-03 20:30:00+01:00,24,4,20,No Signal
2024-04-04 14:30:00+01:00,8,27,-19,No Signal
2024-04-04 15:30:00+01:00,11,21,-10,No Signal
2024-04-04 16:30:00+01:00,9,27,-18,No Signal
2024-04-04 17:30:00+01:00,8,29,-21,Long
2024-04-04 18:30:00+01:00,14,5,9,No Signal
2024-04-04 19:30:00+01:00,25,0,25,Short
2024-04-04 20:30:00+01:00,29,0,29,No Signal
2024-04-05 14:30:00+01:00,23,0,23,No Signal
2024-04-05 15:30:00+01:00,13,0,13,No Signal
2024-04-05 16:30:00+01:00,8,1,7,No Signal
2024-04-05 17:30:00+01:00,9,1,8,No Signal
2024-04-05 18:30:00+01:00,8,0,8,No Signal
2024-04-05 19:30:00+01:00,5,0,5,No Signal
2024-04-05 20:30:00+01:00,8,0,8,No Signal
2024-04-08 14:30:00+01:00,17,0,17,No Signal
2024-04-08 15:30:00+01:00,9,0,9,No Signal
2024-04-08 16:30:00+01:00,16,0,16,No Signal
2024-04-08 17:30:00+01:00,12,0,12,No Signal
2024-04-08 18:30:00+01:00,3,6,-3,No Signal
2024-04-08 19:30:00+01:00,2,24,-22,Long
2024-04-08 20:30:00+01:00,3,28,-25,No Signal
2024-04-09 14:30:00+01:00,5,31,-26,No Signal
2024-04-09 15:30:00+01:00,15,21,-6,No Signal
2024-04-09 16:30:00+01:00,13,18,-5,No Signal
2024-04-09 17:30:00+01:00,13,16,-3,No Signal
2024-04-09 18:30:00+01:00,8,24,-16,No Signal
2024-04-09 19:30:00+01:00,7,28,-21,No Signal
2024-04-09 20:30:00+01:00,6,32,-26,No Signal
2024-04-10 14:30:00+01:00,10,4,6,No Signal
2024-04-10 15:30:00+01:00,15,1,14,No Signal
2024-04-10 16:30:00+01:00,17,1,16,No Signal
2024-04-10 17:30:00+01:00,16,1,15,No Signal
2024-04-10 18:30:00+01:00,22,2,20,Short
2024-04-10 19:30:00+01:00,9,4,5,No Signal
2024-04-10 20:30:00+01:00,11,5,6,No Signal
2024-04-11 14:30:00+01:00,26,2,24,No Signal
2024-04-11 15:30:00+01:00,19,5,14,No Signal
2024-04-11 16:30:00+01:00,18,3,15,No Signal
2024-04-11 17:30:00+01:00,7,8,-1,No Signal
2024-04-11 18:30:00+01:00,4,19,-15,No Signal
2024-04-11 19:30:00+01:00,8,17,-9,No Signal
2024-04-11 20:30:00+01:00,12,13,-1,No Signal
2024-04-12 14:30:00+01:00,14,10,4,No Signal
2024-04-12 15:30:00+01:00,10,7,3,No Signal
2024-04-12 16:30:00+01:00,12,6,6,No Signal
2024-04-12 17:30:00+01:00,20,2,18,No Signal
2024-04-12 18:30:00+01:00,12,3,9,No Signal
2024-04-12 19:30:00+01:00,17,2,15,No Signal
2024-04-12 20:30:00+01:00,11,4,7,No Signal
2024-04-15 14:30:00+01:00,13,3,10,No Signal
2024-04-15 15:30:00+01:00,13,3,10,No Signal
2024-04-15 16:30:00+01:00,19,2,17,No Signal
2024-04-15 17:30:00+01:00,51,0,51,No Signal
2024-04-15 18:30:00+01:00,75,0,75,No Signal
2024-04-15 19:30:00+01:00,74,3,71,No Signal
2024-04-15 20:30:00+01:00,66,1,65,No Signal
2024-04-16 14:30:00+01:00,47,2,45,No Signal
2024-04-16 15:30:00+01:00,33,1,32,No Signal
2024-04-16 16:30:00+01:00,26,0,26,No Signal
2024-04-16 17:30:00+01:00,21,1,20,No Signal
2024-04-16 18:30:00+01:00,32,2,30,No Signal
2024-04-16 19:30:00+01:00,17,1,16,No Signal
2024-04-16 20:30:00+01:00,27,1,26,No Signal
2024-04-17 14:30:00+01:00,29,0,29,No Signal
2024-04-17 15:30:00+01:00,39,0,39,No Signal
2024-04-17 16:30:00+01:00,44,1,43,No Signal
2024-04-17 17:30:00+01:00,13,3,10,No Signal
2024-04-17 18:30:00+01:00,8,8,0,No Signal
2024-04-17 19:30:00+01:00,11,6,5,No Signal
2024-04-17 20:30:00+01:00,16,8,8,No Signal
2024-04-18 14:30:00+01:00,18,12,6,No Signal
2024-04-18 15:30:00+01:00,20,10,10,No Signal
2024-04-18 16:30:00+01:00,25,9,16,No Signal
2024-04-18 17:30:00+01:00,30,9,21,No Signal
2024-04-18 18:30:00+01:00,25,9,16,No Signal
2024-04-18 19:30:00+01:00,34,8,26,No Signal
2024-04-18 20:30:00+01:00,30,10,20,No Signal
2024-04-19 14:30:00+01:00,34,9,25,No Signal
2024-04-19 15:30:00+01:00,34,10,24,No Signal
2024-04-19 16:30:00+01:00,38,8,30,No Signal
2024-04-19 17:30:00+01:00,33,10,23,No Signal
2024-04-19 18:30:00+01:00,36,10,26,No Signal
2024-04-19 19:30:00+01:00,33,11,22,No Signal
2024-04-19 20:30:00+01:00,33,11,22,No Signal
2024-04-22 14:30:00+01:00,30,13,17,No Signal
2024-04-22 15:30:00+01:00,43,11,32,No Signal
2024-04-22 16:30:00+01:00,31,13,18,No Signal
2024-04-22 17:30:00+01:00,13,23,-10,No Signal
2024-04-22 18:30:00+01:00,2,27,-25,Long
2024-04-22 19:30:00+01:00,5,20,-15,No Signal
2024-04-22 20:30:00+01:00,6,18,-12,No Signal
2024-04-23 14:30:00+01:00,0,22,-22,No Signal
2024-04-23 15:30:00+01:00,0,37,-37,No Signal
2024-04-23 16:30:00+01:00,0,51,-51,No Signal
2024-04-23 17:30:00+01:00,0,44,-44,No Signal
2024-04-23 18:30:00+01:00,0,58,-58,No Signal
2024-04-23 19:30:00+01:00,0,56,-56,No Signal
2024-04-23 20:30:00+01:00,0,54,-54,No Signal
2024-04-24 14:30:00+01:00,3,54,-51,No Signal
2024-04-24 15:30:00+01:00,1,48,-47,No Signal
2024-04-24 16:30:00+01:00,0,37,-37,No Signal
2024-04-24 17:30:00+01:00,1,31,-30,No Signal
2024-04-24 18:30:00+01:00,1,25,-24,No Signal
2024-04-24 19:30:00+01:00,0,33,-33,No Signal
2024-04-24 20:30:00+01:00,1,34,-33,No Signal
2024-04-25 14:30:00+01:00,19,10,9,No Signal
2024-04-25 15:30:00+01:00,19,8,11,No Signal
2024-04-25 16:30:00+01:00,15,8,7,No Signal
2024-04-25 17:30:00+01:00,13,10,3,No Signal
2024-04-25 18:30:00+01:00,11,8,3,No Signal
2024-04-25 19:30:00+01:00,9,14,-5,No Signal
2024-04-25 20:30:00+01:00,6,13,-7,No Signal
2024-04-26 14:30:00+01:00,9,14,-5,No Signal
2024-04-26 15:30:00+01:00,10,19,-9,No Signal
2024-04-26 16:30:00+01:00,10,22,-12,No Signal
2024-04-26 17:30:00+01:00,10,24,-14,No Signal
2024-04-26 18:30:00+01:00,9,22,-13,No Signal
2024-04-26 19:30:00+01:00,9,21,-12,No Signal
2024-04-26 20:30:00+01:00,10,21,-11,No Signal
2024-04-29 14:30:00+01:00,5,39,-34,No Signal
2024-04-29 15:30:00+01:00,6,38,-32,No Signal
2024-04-29 16:30:00+01:00,9,38,-29,No Signal
2024-04-29 17:30:00+01:00,6,34,-28,No Signal
2024-04-29 18:30:00+01:00,8,32,-24,No Signal
2024-04-29 19:30:00+01:00,8,21,-13,No Signal
2024-04-29 20:30:00+01:00,8,30,-22,No Signal
2024-04-30 14:30:00+01:00,13,10,3,No Signal
2024-04-30 15:30:00+01:00,19,11,8,No Signal
2024-04-30 16:30:00+01:00,20,7,13,No Signal
2024-04-30 17:30:00+01:00,31,6,25,Short
2024-04-30 18:30:00+01:00,29,6,23,No Signal
2024-04-30 19:30:00+01:00,31,4,27,No Signal
2024-04-30 20:30:00+01:00,33,4,29,No Signal
2024-05-01 14:30:00+01:00,44,2,42,No Signal
2024-05-01 15:30:00+01:00,44,3,41,No Signal
2024-05-01 16:30:00+01:00,40,4,36,No Signal
2024-05-01 17:30:00+01:00,43,4,39,No Signal
2024-05-01 18:30:00+01:00,28,4,24,No Signal
2024-05-01 19:30:00+01:00,12,11,1,No Signal
2024-05-01 20:30:00+01:00,32,2,30,No Signal
2024-05-02 14:30:00+01:00,21,7,14,No Signal
2024-05-02 15:30:00+01:00,18,8,10,No Signal
2024-05-02 16:30:00+01:00,14,8,6,No Signal
2024-05-02 17:30:00+01:00,8,10,-2,No Signal
2024-05-02 18:30:00+01:00,8,10,-2,No Signal
2024-05-02 19:30:00+01:00,7,11,-4,No Signal
2024-05-02 20:30:00+01:00,9,16,-7,No Signal
2024-05-03 14:30:00+01:00,2,29,-27,Long
2024-05-03 15:30:00+01:00,3,25,-22,No Signal
2024-05-03 16:30:00+01:00,3,28,-25,No Signal
2024-05-03 17:30:00+01:00,3,24,-21,No Signal
2024-05-03 18:30:00+01:00,4,16,-12,No Signal
2024-05-03 19:30:00+01:00,8,13,-5,No Signal
2024-05-03 20:30:00+01:00,5,49,-44,No Signal
2024-05-06 14:30:00+01:00,3,49,-46,No Signal
2024-05-06 15:30:00+01:00,3,44,-41,No Signal
2024-05-06 16:30:00+01:00,4,41,-37,No Signal
2024-05-06 17:30:00+01:00,4,41,-37,No Signal
2024-05-06 18:30:00+01:00,5,42,-37,No Signal
2024-05-06 19:30:00+01:00,9,38,-29,No Signal
2024-05-06 20:30:00+01:00,6,40,-34,No Signal
2024-05-07 14:30:00+01:00,6,32,-26,No Signal
2024-05-07 15:30:00+01:00,4,38,-34,No Signal
2024-05-07 16:30:00+01:00,8,33,-25,No Signal
2024-05-07 17:30:00+01:00,5,35,-30,No Signal
2024-05-07 18:30:00+01:00,8,19,-11,No Signal
2024-05-07 19:30:00+01:00,8,22,-14,No Signal
2024-05-07 20:30:00+01:00,9,20,-11,No Signal
2024-05-08 14:30:00+01:00,13,15,-2,No Signal
2024-05-08 15:30:00+01:00,10,18,-8,No Signal
2024-05-08 16:30:00+01:00,11,15,-4,No Signal
2024-05-08 17:30:00+01:00,14,10,4,No Signal
2024-05-08 18:30:00+01:00,12,11,1,No Signal
2024-05-08 19:30:00+01:00,12,11,1,No Signal
2024-05-08 20:30:00+01:00,15,8,7,No Signal
2024-05-09 14:30:00+01:00,12,9,3,No Signal
2024-05-09 15:30:00+01:00,11,14,-3,No Signal
2024-05-09 16:30:00+01:00,13,14,-1,No Signal
2024-05-09 17:30:00+01:00,12,15,-3,No Signal
2024-05-09 18:30:00+01:00,11,16,-5,No Signal
2024-05-09 19:30:00+01:00,11,14,-3,No Signal
2024-05-09 20:30:00+01:00,10,14,-4,No Signal
2024-05-10 14:30:00+01:00,3,19,-16,No Signal
2024-05-10 15:30:00+01:00,5,24,-19,No Signal
2024-05-10 16:30:00+01:00,6,23,-17,No Signal
2024-05-10 17:30:00+01:00,3,26,-23,No Signal
2024-05-10 18:30:00+01:00,5,25,-20,No Signal
2024-05-10 19:30:00+01:00,4,27,-23,No Signal
2024-05-10 20:30:00+01:00,6,27,-21,No Signal
2024-05-13 14:30:00+01:00,3,31,-28,No Signal
2024-05-13 15:30:00+01:00,9,22,-13,No Signal
2024-05-13 16:30:00+01:00,7,20,-13,No Signal
2024-05-13 17:30:00+01:00,9,17,-8,No Signal
2024-05-13 18:30:00+01:00,11,18,-7,No Signal
2024-05-13 19:30:00+01:00,10,21,-11,No Signal
2024-05-13 20:30:00+01:00,9,22,-13,No Signal
2024-05-14 14:30:00+01:00,8,21,-13,No Signal
2024-05-14 15:30:00+01:00,10,22,-12,No Signal
2024-05-14 16:30:00+01:00,13,20,-7,No Signal
2024-05-14 17:30:00+01:00,15,15,0,No Signal
2024-05-14 18:30:00+01:00,12,22,-10,No Signal
2024-05-14 19:30:00+01:00,8,22,-14,No Signal
2024-05-14 20:30:00+01:00,8,26,-18,No Signal
2024-05-15 14:30:00+01:00,9,22,-13,No Signal
2024-05-15 15:30:00+01:00,3,27,-24,No Signal
2024-05-15 16:30:00+01:00,2,31,-29,No Signal
2024-05-15 17:30:00+01:00,1,37,-36,No Signal
2024-05-15 18:30:00+01:00,0,37,-37,No Signal
2024-05-15 19:30:00+01:00,3,39,-36,No Signal
2024-05-15 20:30:00+01:00,2,36,-34,No Signal
2024-05-16 14:30:00+01:00,5,30,-25,No Signal
2024-05-16 15:30:00+01:00,5,42,-37,No Signal
2024-05-16 16:30:00+01:00,5,42,-37,No Signal
2024-05-16 17:30:00+01:00,4,41,-37,No Signal
2024-05-16 18:30:00+01:00,4,39,-35,No Signal
2024-05-16 19:30:00+01:00,4,36,-32,No Signal
2024-05-16 20:30:00+01:00,5,31,-26,No Signal
2024-05-17 14:30:00+01:00,5,21,-16,No Signal
2024-05-17 15:30:00+01:00,8,18,-10,No Signal
2024-05-17 16:30:00+01:00,10,17,-7,No Signal
2024-05-17 17:30:00+01:00,15,14,1,No Signal
2024-05-17 18:30:00+01:00,24,8,16,No Signal
2024-05-17 19:30:00+01:00,14,13,1,No Signal
2024-05-17 20:30:00+01:00,15,13,2,No Signal
2024-05-20 14:30:00+01:00,10,12,-2,No Signal
2024-05-20 15:30:00+01:00,12,10,2,No Signal
2024-05-20 16:30:00+01:00,16,8,8,No Signal
2024-05-20 17:30:00+01:00,14,14,0,No Signal
2024-05-20 18:30:00+01:00,14,14,0,No Signal
2024-05-20 19:30:00+01:00,15,14,1,No Signal
2024-05-20 20:30:00+01:00,14,18,-4,No Signal
2024-05-21 14:30:00+01:00,17,13,4,No Signal
2024-05-21 15:30:00+01:00,17,14,3,No Signal
2024-05-21 16:30:00+01:00,17,15,2,No Signal
2024-05-21 17:30:00+01:00,17,21,-4,No Signal
2024-05-21 18:30:00+01:00,13,23,-10,No Signal
2024-05-21 19:30:00+01:00,15,20,-5,No Signal
2024-05-21 20:30:00+01:00,14,17,-3,No Signal
2024-05-22 14:30:00+01:00,18,18,0,No Signal
2024-05-22 15:30:00+01:00,16,19,-3,No Signal
2024-05-22 16:30:00+01:00,10,21,-11,No Signal
2024-05-22 17:30:00+01:00,13,21,-8,No Signal
2024-05-22 18:30:00+01:00,19,12,7,No Signal
2024-05-22 19:30:00+01:00,21,12,9,No Signal
2024-05-22 20:30:00+01:00,17,13,4,No Signal
2024-05-23 14:30:00+01:00,21,16,5,No Signal
2024-05-23 15:30:00+01:00,16,14,2,No Signal
2024-05-23 16:30:00+01:00,16,15,1,No Signal
2024-05-23 17:30:00+01:00,20,13,7,No Signal
2024-05-23 18:30:00+01:00,29,8,21,Short
2024-05-23 19:30:00+01:00,31,6,25,No Signal
2024-05-23 20:30:00+01:00,33,7,26,No Signal
2024-05-24 14:30:00+01:00,24,8,16,No Signal
2024-05-24 15:30:00+01:00,18,9,9,No Signal
2024-05-24 16:30:00+01:00,16,8,8,No Signal
2024-05-24 17:30:00+01:00,21,6,15,No Signal
2024-05-24 18:30:00+01:00,18,10,8,No Signal
2024-05-24 19:30:00+01:00,21,7,14,No Signal
2024-05-24 20:30:00+01:00,22,5,17,No Signal
2024-05-28 14:30:00+01:00,23,4,19,No Signal
2024-05-28 15:30:00+01:00,22,5,17,No Signal
2024-05-28 16:30:00+01:00,27,5,22,No Signal
2024-05-28 17:30:00+01:00,26,8,18,No Signal
2024-05-28 18:30:00+01:00,22,14,8,No Signal
2024-05-28 19:30:00+01:00,22,14,8,No Signal
2024-05-28 20:30:00+01:00,21,16,5,No Signal
2024-05-29 14:30:00+01:00,37,3,34,No Signal
2024-05-29 15:30:00+01:00,45,2,43,No Signal
2024-05-29 16:30:00+01:00,44,2,42,No Signal
2024-05-29 17:30:00+01:00,41,1,40,No Signal
2024-05-29 18:30:00+01:00,38,2,36,No Signal
2024-05-29 19:30:00+01:00,34,3,31,No Signal
2024-05-29 20:30:00+01:00,38,2,36,No Signal
2024-05-30 14:30:00+01:00,29,2,27,No Signal
2024-05-30 15:30:00+01:00,33,2,31,No Signal
2024-05-30 16:30:00+01:00,26,2,24,No Signal
2024-05-30 17:30:00+01:00,27,4,23,No Signal
2024-05-30 18:30:00+01:00,26,4,22,No Signal
2024-05-30 19:30:00+01:00,26,4,22,No Signal
2024-05-30 20:30:00+01:00,34,4,30,No Signal
2024-05-31 14:30:00+01:00,29,16,13,No Signal
2024-05-31 15:30:00+01:00,32,15,17,No Signal
2024-05-31 16:30:00+01:00,38,12,26,No Signal
2024-05-31 17:30:00+01:00,33,14,19,No Signal
2024-05-31 18:30:00+01:00,28,14,14,No Signal
2024-05-31 19:30:00+01:00,22,15,7,No Signal
2024-05-31 20:30:00+01:00,10,26,-16,No Signal
2024-06-03 14:30:00+01:00,9,24,-15,No Signal
2024-06-03 15:30:00+01:00,7,20,-13,No Signal
2024-06-03 16:30:00+01:00,10,13,-3,No Signal
2024-06-03 17:30:00+01:00,10,9,1,No Signal
2024-06-03 18:30:00+01:00,8,11,-3,No Signal
2024-06-03 19:30:00+01:00,5,12,-7,No Signal
2024-06-03 20:30:00+01:00,5,15,-10,No Signal
2024-06-04 14:30:00+01:00,0,17,-17,No Signal
2024-06-04 15:30:00+01:00,2,19,-17,No Signal
2024-06-04 16:30:00+01:00,2,21,-19,No Signal
2024-06-04 17:30:00+01:00,3,22,-19,No Signal
2024-06-04 18:30:00+01:00,1,30,-29,Long
2024-06-04 19:30:00+01:00,2,17,-15,No Signal
2024-06-04 20:30:00+01:00,10,13,-3,No Signal
2024-06-05 14:30:00+01:00,5,13,-8,No Signal
2024-06-05 15:30:00+01:00,2,21,-19,No Signal
2024-06-05 16:30:00+01:00,1,42,-41,No Signal
2024-06-05 17:30:00+01:00,1,41,-40,No Signal
2024-06-05 18:30:00+01:00,2,40,-38,No Signal
2024-06-05 19:30:00+01:00,2,35,-33,No Signal
2024-06-05 20:30:00+01:00,3,31,-28,No Signal
2024-06-06 14:30:00+01:00,4,36,-32,No Signal
2024-06-06 15:30:00+01:00,1,40,-39,No Signal
2024-06-06 16:30:00+01:00,2,47,-45,No Signal
2024-06-06 17:30:00+01:00,3,46,-43,No Signal
2024-06-06 18:30:00+01:00,4,31,-27,No Signal
2024-06-06 19:30:00+01:00,4,36,-32,No Signal
2024-06-06 20:30:00+01:00,4,30,-26,No Signal
2024-06-07 14:30:00+01:00,5,20,-15,No Signal
2024-06-07 15:30:00+01:00,11,14,-3,No Signal
2024-06-07 16:30:00+01:00,11,18,-7,No Signal
2024-06-07 17:30:00+01:00,7,13,-6,No Signal
2024-06-07 18:30:00+01:00,11,10,1,No Signal
2024-06-07 19:30:00+01:00,12,11,1,No Signal
2024-06-07 20:30:00+01:00,16,5,11,No Signal
2024-06-10 14:30:00+01:00,19,9,10,No Signal
2024-06-10 15:30:00+01:00,16,10,6,No Signal
2024-06-10 16:30:00+01:00,15,10,5,No Signal
2024-06-10 17:30:00+01:00,20,8,12,No Signal
2024-06-10 18:30:00+01:00,10,10,0,No Signal
2024-06-10 19:30:00+01:00,9,10,-1,No Signal
2024-06-10 20:30:00+01:00,7,10,-3,No Signal
2024-06-11 14:30:00+01:00,18,8,10,No Signal
2024-06-11 15:30:00+01:00,16,11,5,No Signal
2024-06-11 16:30:00+01:00,20,7,13,No Signal
2024-06-11 17:30:00+01:00,16,8,8,No Signal
2024-06-11 18:30:00+01:00,9,17,-8,No Signal
2024-06-11 19:30:00+01:00,9,15,-6,No Signal
2024-06-11 20:30:00+01:00,8,20,-12,No Signal
2024-06-12 14:30:00+01:00,6,41,-35,No Signal
2024-06-12 15:30:00+01:00,5,32,-27,No Signal
2024-06-12 16:30:00+01:00,8,26,-18,No Signal
2024-06-12 17:30:00+01:00,7,30,-23,No Signal
2024-06-12 18:30:00+01:00,10,24,-14,No Signal
2024-06-12 19:30:00+01:00,12,17,-5,No Signal
2024-06-12 20:30:00+01:00,8,22,-14,No Signal
2024-06-13 14:30:00+01:00,7,23,-16,No Signal
2024-06-13 15:30:00+01:00,7,21,-14,No Signal
2024-06-13 16:30:00+01:00,7,13,-6,No Signal
2024-06-13 17:30:00+01:00,8,16,-8,No Signal
2024-06-13 18:30:00+01:00,10,12,-2,No Signal
2024-06-13 19:30:00+01:00,10,16,-6,No Signal
2024-06-13 20:30:00+01:00,11,16,-5,No Signal
2024-06-14 14:30:00+01:00,24,4,20,Short
2024-06-14 15:30:00+01:00,21,6,15,No Signal
2024-06-14 16:30:00+01:00,17,4,13,No Signal
2024-06-14 17:30:00+01:00,17,6,11,No Signal
2024-06-14 18:30:00+01:00,18,4,14,No Signal
2024-06-14 19:30:00+01:00,12,7,5,No Signal
2024-06-14 20:30:00+01:00,15,5,10,No Signal
2024-06-17 14:30:00+01:00,16,12,4,No Signal
2024-06-17 15:30:00+01:00,14,11,3,No Signal
2024-06-17 16:30:00+01:00,12,22,-10,No Signal
2024-06-17 17:30:00+01:00,15,21,-6,No Signal
2024-06-17 18:30:00+01:00,9,27,-18,No Signal
2024-06-17 19:30:00+01:00,10,27,-17,No Signal
2024-06-17 20:30:00+01:00,8,25,-17,No Signal
2024-06-18 14:30:00+01:00,10,32,-22,Long
2024-06-18 15:30:00+01:00,7,30,-23,No Signal
2024-06-18 16:30:00+01:00,8,31,-23,No Signal
2024-06-18 17:30:00+01:00,12,29,-17,No Signal
2024-06-18 18:30:00+01:00,11,29,-18,No Signal
2024-06-18 19:30:00+01:00,13,28,-15,No Signal
2024-06-18 20:30:00+01:00,13,29,-16,No Signal
2024-06-20 14:30:00+01:00,8,26,-18,No Signal
2024-06-20 15:30:00+01:00,6,23,-17,No Signal
2024-06-20 16:30:00+01:00,7,12,-5,No Signal
2024-06-20 17:30:00+01:00,8,11,-3,No Signal
2024-06-20 18:30:00+01:00,9,7,2,No Signal
2024-06-20 19:30:00+01:00,11,7,4,No Signal
2024-06-20 20:30:00+01:00,10,10,0,No Signal
2024-06-21 14:30:00+01:00,16,14,2,No Signal
2024-06-21 15:30:00+01:00,15,16,-1,No Signal
2024-06-21 16:30:00+01:00,17,14,3,No Signal
2024-06-21 17:30:00+01:00,19,16,3,No Signal
2024-06-21 18:30:00+01:00,15,18,-3,No Signal
2024-06-21 19:30:00+01:00,21,19,2,No Signal
2024-06-21 20:30:00+01:00,14,17,-3,No Signal
2024-06-24 14:30:00+01:00,15,20,-5,No Signal
2024-06-24 15:30:00+01:00,15,20,-5,No Signal
2024-06-24 16:30:00+01:00,14,21,-7,No Signal
2024-06-24 17:30:00+01:00,11,13,-2,No Signal
2024-06-24 18:30:00+01:00,16,13,3,No Signal
2024-06-24 19:30:00+01:00,11,12,-1,No Signal
2024-06-24 20:30:00+01:00,15,9,6,No Signal
2024-06-25 14:30:00+01:00,10,13,-3,No Signal
2024-06-25 15:30:00+01:00,10,15,-5,No Signal
2024-06-25 16:30:00+01:00,12,13,-1,No Signal
2024-06-25 17:30:00+01:00,13,10,3,No Signal
2024-06-25 18:30:00+01:00,10,10,0,No Signal
2024-06-25 19:30:00+01:00,12,11,1,No Signal
2024-06-25 20:30:00+01:00,13,10,3,No Signal
2024-06-26 14:30:00+01:00,17,9,8,No Signal
2024-06-26 15:30:00+01:00,19,9,10,No Signal
2024-06-26 16:30:00+01:00,18,8,10,No Signal
2024-06-26 17:30:00+01:00,16,14,2,No Signal
2024-06-26 18:30:00+01:00,17,17,0,No Signal
2024-06-26 19:30:00+01:00,18,14,4,No Signal
2024-06-26 20:30:00+01:00,13,22,-9,No Signal
2024-06-27 14:30:00+01:00,16,17,-1,No Signal
2024-06-27 15:30:00+01:00,16,14,2,No Signal
2024-06-27 16:30:00+01:00,17,13,4,No Signal
2024-06-27 17:30:00+01:00,14,16,-2,No Signal
2024-06-27 18:30:00+01:00,17,12,5,No Signal
2024-06-27 19:30:00+01:00,15,11,4,No Signal
2024-06-27 20:30:00+01:00,18,14,4,No Signal
2024-06-28 14:30:00+01:00,6,24,-18,No Signal
2024-06-28 15:30:00+01:00,7,17,-10,No Signal
2024-06-28 16:30:00+01:00,10,13,-3,No Signal
2024-06-28 17:30:00+01:00,9,12,-3,No Signal
2024-06-28 18:30:00+01:00,11,9,2,No Signal
2024-06-28 19:30:00+01:00,9,12,-3,No Signal
2024-06-28 20:30:00+01:00,8,12,-4,No Signal
2024-07-01 14:30:00+01:00,18,6,12,No Signal
2024-07-01 15:30:00+01:00,22,6,16,No Signal
2024-07-01 16:30:00+01:00,22,9,13,No Signal
2024-07-01 17:30:00+01:00,23,8,15,No Signal
2024-07-01 18:30:00+01:00,18,7,11,No Signal
2024-07-01 19:30:00+01:00,28,7,21,Short
2024-07-01 20:30:00+01:00,22,6,16,No Signal
2024-07-02 14:30:00+01:00,30,3,27,No Signal
2024-07-02 15:30:00+01:00,15,6,9,No Signal
2024-07-02 16:30:00+01:00,15,5,10,No Signal
2024-07-02 17:30:00+01:00,14,6,8,No Signal
2024-07-02 18:30:00+01:00,12,9,3,No Signal
2024-07-02 19:30:00+01:00,9,14,-5,No Signal
2024-07-02 20:30:00+01:00,6,18,-12,No Signal
2024-07-03 14:30:00+01:00,8,30,-22,Long
2024-07-03 15:30:00+01:00,8,34,-26,No Signal
2024-07-03 16:30:00+01:00,5,31,-26,No Signal
2024-07-05 14:30:00+01:00,6,23,-17,No Signal
2024-07-05 15:30:00+01:00,5,30,-25,No Signal
2024-07-05 16:30:00+01:00,3,37,-34,No Signal
2024-07-05 17:30:00+01:00,6,35,-29,No Signal
2024-07-05 18:30:00+01:00,3,35,-32,No Signal
2024-07-05 19:30:00+01:00,4,34,-30,No Signal
2024-07-05 20:30:00+01:00,1,36,-35,No Signal
2024-07-08 14:30:00+01:00,4,29,-25,No Signal
2024-07-08 15:30:00+01:00,8,27,-19,No Signal
2024-07-08 16:30:00+01:00,9,18,-9,No Signal
2024-07-08 17:30:00+01:00,9,22,-13,No Signal
2024-07-08 18:30:00+01:00,10,25,-15,No Signal
2024-07-08 19:30:00+01:00,6,17,-11,No Signal
2024-07-08 20:30:00+01:00,11,20,-9,No Signal
2024-07-09 14:30:00+01:00,10,19,-9,No Signal
2024-07-09 15:30:00+01:00,15,17,-2,No Signal
2024-07-09 16:30:00+01:00,18,14,4,No Signal
2024-07-09 17:30:00+01:00,18,12,6,No Signal
2024-07-09 18:30:00+01:00,17,14,3,No Signal
2024-07-09 19:30:00+01:00,21,13,8,No Signal
2024-07-09 20:30:00+01:00,25,9,16,No Signal
2024-07-10 14:30:00+01:00,13,11,2,No Signal
2024-07-10 15:30:00+01:00,15,13,2,No Signal
2024-07-10 16:30:00+01:00,11,16,-5,No Signal
2024-07-10 17:30:00+01:00,8,16,-8,No Signal
2024-07-10 18:30:00+01:00,10,17,-7,No Signal
2024-07-10 19:30:00+01:00,8,20,-12,No Signal
2024-07-10 20:30:00+01:00,8,22,-14,No Signal
2024-07-11 14:30:00+01:00,6,29,-23,No Signal
2024-07-11 15:30:00+01:00,9,28,-19,No Signal
2024-07-11 16:30:00+01:00,11,23,-12,No Signal
2024-07-11 17:30:00+01:00,10,23,-13,No Signal
2024-07-11 18:30:00+01:00,16,22,-6,No Signal
2024-07-11 19:30:00+01:00,15,23,-8,No Signal
2024-07-11 20:30:00+01:00,13,25,-12,No Signal
2024-07-12 14:30:00+01:00,8,34,-26,No Signal
2024-07-12 15:30:00+01:00,4,42,-38,No Signal
2024-07-12 16:30:00+01:00,7,31,-24,No Signal
2024-07-12 17:30:00+01:00,5,34,-29,No Signal
2024-07-12 18:30:00+01:00,5,41,-36,No Signal
2024-07-12 19:30:00+01:00,6,34,-28,No Signal
2024-07-12 20:30:00+01:00,9,26,-17,No Signal
2024-07-15 14:30:00+01:00,7,10,-3,No Signal
2024-07-15 15:30:00+01:00,6,16,-10,No Signal
2024-07-15 16:30:00+01:00,6,17,-11,No Signal
2024-07-15 17:30:00+01:00,6,18,-12,No Signal
2024-07-15 18:30:00+01:00,7,23,-16,No Signal
2024-07-15 19:30:00+01:00,6,21,-15,No Signal
2024-07-15 20:30:00+01:00,6,18,-12,No Signal
2024-07-16 14:30:00+01:00,11,17,-6,No Signal
2024-07-16 15:30:00+01:00,15,18,-3,No Signal
2024-07-16 16:30:00+01:00,13,18,-5,No Signal
2024-07-16 17:30:00+01:00,17,19,-2,No Signal
2024-07-16 18:30:00+01:00,15,19,-4,No Signal
2024-07-16 19:30:00+01:00,15,19,-4,No Signal
2024-07-16 20:30:00+01:00,9,28,-19,No Signal
2024-07-17 14:30:00+01:00,28,33,-5,No Signal
2024-07-17 15:30:00+01:00,29,20,9,No Signal
2024-07-17 16:30:00+01:00,30,19,11,No Signal
2024-07-17 17:30:00+01:00,28,20,8,No Signal
2024-07-17 18:30:00+01:00,24,18,6,No Signal
2024-07-17 19:30:00+01:00,27,17,10,No Signal
2024-07-17 20:30:00+01:00,27,19,8,No Signal
2024-07-18 14:30:00+01:00,26,16,10,No Signal
2024-07-18 15:30:00+01:00,34,16,18,No Signal
2024-07-18 16:30:00+01:00,36,14,22,Short
2024-07-18 17:30:00+01:00,32,13,19,No Signal
2024-07-18 18:30:00+01:00,42,6,36,No Signal
2024-07-18 19:30:00+01:00,45,5,40,No Signal
2024-07-18 20:30:00+01:00,43,3,40,No Signal
2024-07-19 14:30:00+01:00,39,1,38,No Signal
2024-07-19 15:30:00+01:00,46,2,44,No Signal
2024-07-19 16:30:00+01:00,30,1,29,No Signal
2024-07-19 17:30:00+01:00,35,2,33,No Signal
2024-07-19 18:30:00+01:00,44,1,43,No Signal
2024-07-19 19:30:00+01:00,28,3,25,No Signal
2024-07-19 20:30:00+01:00,30,3,27,No Signal
2024-07-22 14:30:00+01:00,26,2,24,No Signal
2024-07-22 15:30:00+01:00,23,3,20,No Signal
2024-07-22 16:30:00+01:00,19,6,13,No Signal
2024-07-22 17:30:00+01:00,14,6,8,No Signal
2024-07-22 18:30:00+01:00,10,9,1,No Signal
2024-07-22 19:30:00+01:00,5,16,-11,No Signal
2024-07-22 20:30:00+01:00,7,14,-7,No Signal
2024-07-23 14:30:00+01:00,6,16,-10,No Signal
2024-07-23 15:30:00+01:00,7,24,-17,No Signal
2024-07-23 16:30:00+01:00,6,7,-1,No Signal
2024-07-23 17:30:00+01:00,7,12,-5,No Signal
2024-07-23 18:30:00+01:00,6,12,-6,No Signal
2024-07-23 19:30:00+01:00,6,9,-3,No Signal
2024-07-23 20:30:00+01:00,7,9,-2,No Signal
2024-07-24 14:30:00+01:00,23,6,17,No Signal
2024-07-24 15:30:00+01:00,20,3,17,No Signal
2024-07-24 16:30:00+01:00,30,4,26,No Signal
2024-07-24 17:30:00+01:00,41,3,38,No Signal
2024-07-24 18:30:00+01:00,41,2,39,No Signal
2024-07-24 19:30:00+01:00,46,2,44,No Signal
2024-07-24 20:30:00+01:00,47,4,43,No Signal
2024-07-25 14:30:00+01:00,46,17,29,No Signal
2024-07-25 15:30:00+01:00,42,11,31,No Signal
2024-07-25 16:30:00+01:00,24,13,11,No Signal
2024-07-25 17:30:00+01:00,27,12,15,No Signal
2024-07-25 18:30:00+01:00,31,7,24,No Signal
2024-07-25 19:30:00+01:00,34,8,26,No Signal
2024-07-25 20:30:00+01:00,42,6,36,No Signal
2024-07-26 14:30:00+01:00,15,11,4,No Signal
2024-07-26 15:30:00+01:00,12,7,5,No Signal
2024-07-26 16:30:00+01:00,9,7,2,No Signal
2024-07-26 17:30:00+01:00,8,10,-2,No Signal
2024-07-26 18:30:00+01:00,8,6,2,No Signal
2024-07-26 19:30:00+01:00,7,8,-1,No Signal
2024-07-26 20:30:00+01:00,5,12,-7,No Signal
2024-07-29 14:30:00+01:00,9,7,2,No Signal
2024-07-29 15:30:00+01:00,7,8,-1,No Signal
2024-07-29 16:30:00+01:00,7,6,1,No Signal
2024-07-29 17:30:00+01:00,6,7,-1,No Signal
2024-07-29 18:30:00+01:00,7,9,-2,No Signal
2024-07-29 19:30:00+01:00,6,12,-6,No Signal
2024-07-29 20:30:00+01:00,4,21,-17,No Signal
2024-07-30 14:30:00+01:00,3,14,-11,No Signal
2024-07-30 15:30:00+01:00,5,15,-10,No Signal
2024-07-30 16:30:00+01:00,18,13,5,No Signal
2024-07-30 17:30:00+01:00,24,10,14,No Signal
2024-07-30 18:30:00+01:00,16,15,1,No Signal
2024-07-30 19:30:00+01:00,17,15,2,No Signal
2024-07-30 20:30:00+01:00,16,19,-3,No Signal
2024-07-31 14:30:00+01:00,4,24,-20,Long
2024-07-31 15:30:00+01:00,4,24,-20,No Signal
2024-07-31 16:30:00+01:00,6,13,-7,No Signal
2024-07-31 17:30:00+01:00,5,17,-12,No Signal
2024-07-31 18:30:00+01:00,3,18,-15,No Signal
2024-07-31 19:30:00+01:00,5,13,-8,No Signal
2024-07-31 20:30:00+01:00,4,10,-6,No Signal
2024-08-01 14:30:00+01:00,6,7,-1,No Signal
2024-08-01 15:30:00+01:00,8,9,-1,No Signal
2024-08-01 16:30:00+01:00,9,7,2,No Signal
2024-08-01 17:30:00+01:00,10,9,1,No Signal
2024-08-01 18:30:00+01:00,13,7,6,No Signal
2024-08-01 19:30:00+01:00,12,6,6,No Signal
2024-08-01 20:30:00+01:00,13,9,4,No Signal
2024-08-02 14:30:00+01:00,57,5,52,Short
2024-08-02 15:30:00+01:00,64,3,61,No Signal
2024-08-02 16:30:00+01:00,49,5,44,No Signal
2024-08-02 17:30:00+01:00,54,4,50,No Signal
2024-08-02 18:30:00+01:00,50,5,45,No Signal
2024-08-02 19:30:00+01:00,47,6,41,No Signal
2024-08-02 20:30:00+01:00,47,6,41,No Signal
2024-08-05 14:30:00+01:00,65,0,65,No Signal
2024-08-05 15:30:00+01:00,47,2,45,No Signal
2024-08-05 16:30:00+01:00,24,2,22,No Signal
2024-08-05 17:30:00+01:00,25,2,23,No Signal
2024-08-05 18:30:00+01:00,24,1,23,No Signal
2024-08-05 19:30:00+01:00,34,1,33,No Signal
2024-08-05 20:30:00+01:00,36,1,35,No Signal
2024-08-06 14:30:00+01:00,11,4,7,No Signal
2024-08-06 15:30:00+01:00,7,3,4,No Signal
2024-08-06 16:30:00+01:00,4,3,1,No Signal
2024-08-06 17:30:00+01:00,7,4,3,No Signal
2024-08-06 18:30:00+01:00,4,3,1,No Signal
2024-08-06 19:30:00+01:00,12,3,9,No Signal
2024-08-06 20:30:00+01:00,14,1,13,No Signal
2024-08-07 14:30:00+01:00,1,30,-29,Long
2024-08-07 15:30:00+01:00,0,19,-19,No Signal
2024-08-07 16:30:00+01:00,1,8,-7,No Signal
2024-08-07 17:30:00+01:00,1,9,-8,No Signal
2024-08-07 18:30:00+01:00,1,7,-6,No Signal
2024-08-07 19:30:00+01:00,2,10,-8,No Signal
2024-08-07 20:30:00+01:00,2,3,-1,No Signal
2024-08-08 14:30:00+01:00,2,10,-8,No Signal
2024-08-08 15:30:00+01:00,4,8,-4,No Signal
2024-08-08 16:30:00+01:00,4,5,-1,No Signal
2024-08-08 17:30:00+01:00,3,6,-3,No Signal
2024-08-08 18:30:00+01:00,2,5,-3,No Signal
2024-08-08 19:30:00+01:00,3,7,-4,No Signal
2024-08-08 20:30:00+01:00,2,12,-10,No Signal
2024-08-09 14:30:00+01:00,6,4,2,No Signal
2024-08-09 15:30:00+01:00,10,4,6,No Signal
2024-08-09 16:30:00+01:00,8,4,4,No Signal
2024-08-09 17:30:00+01:00,3,21,-18,No Signal
2024-08-09 18:30:00+01:00,3,31,-28,No Signal
2024-08-09 19:30:00+01:00,2,30,-28,No Signal
2024-08-09 20:30:00+01:00,2,43,-41,No Signal
2024-08-12 14:30:00+01:00,4,18,-14,No Signal
2024-08-12 15:30:00+01:00,7,12,-5,No Signal
2024-08-12 16:30:00+01:00,4,15,-11,No Signal
2024-08-12 17:30:00+01:00,7,11,-4,No Signal
2024-08-12 18:30:00+01:00,8,5,3,No Signal
2024-08-12 19:30:00+01:00,4,9,-5,No Signal
2024-08-12 20:30:00+01:00,8,7,1,No Signal
2024-08-13 14:30:00+01:00,4,23,-19,No Signal
2024-08-13 15:30:00+01:00,5,29,-24,No Signal
2024-08-13 16:30:00+01:00,3,37,-34,No Signal
2024-08-13 17:30:00+01:00,2,26,-24,No Signal
2024-08-13 18:30:00+01:00,0,32,-32,No Signal
2024-08-13 19:30:00+01:00,1,35,-34,No Signal
2024-08-13 20:30:00+01:00,0,31,-31,No Signal
2024-08-14 14:30:00+01:00,3,25,-22,No Signal
2024-08-14 15:30:00+01:00,2,37,-35,No Signal
2024-08-14 16:30:00+01:00,3,30,-27,No Signal
2024-08-14 17:30:00+01:00,3,38,-35,No Signal
2024-08-14 18:30:00+01:00,2,44,-42,No Signal
2024-08-14 19:30:00+01:00,2,42,-40,No Signal
2024-08-14 20:30:00+01:00,1,38,-37,No Signal
2024-08-15 14:30:00+01:00,0,54,-54,No Signal
2024-08-15 15:30:00+01:00,0,51,-51,No Signal
2024-08-15 16:30:00+01:00,0,48,-48,No Signal
2024-08-15 17:30:00+01:00,1,40,-39,No Signal
2024-08-15 18:30:00+01:00,0,40,-40,No Signal
2024-08-15 19:30:00+01:00,1,41,-40,No Signal
2024-08-15 20:30:00+01:00,2,39,-37,No Signal
2024-08-16 14:30:00+01:00,4,45,-41,No Signal
2024-08-16 15:30:00+01:00,1,39,-38,No Signal
2024-08-16 16:30:00+01:00,1,45,-44,No Signal
2024-08-16 17:30:00+01:00,1,49,-48,No Signal
2024-08-16 18:30:00+01:00,1,48,-47,No Signal
2024-08-16 19:30:00+01:00,1,49,-48,No Signal
2024-08-16 20:30:00+01:00,0,46,-46,No Signal
2024-08-19 14:30:00+01:00,2,27,-25,No Signal
2024-08-19 15:30:00+01:00,3,27,-24,No Signal
2024-08-19 16:30:00+01:00,8,26,-18,No Signal
2024-08-19 17:30:00+01:00,5,26,-21,No Signal
2024-08-19 18:30:00+01:00,4,22,-18,No Signal
2024-08-19 19:30:00+01:00,5,24,-19,No Signal
2024-08-19 20:30:00+01:00,2,32,-30,No Signal
2024-08-20 14:30:00+01:00,0,36,-36,No Signal
2024-08-20 15:30:00+01:00,1,28,-27,No Signal
2024-08-20 16:30:00+01:00,0,29,-29,No Signal
2024-08-20 17:30:00+01:00,1,23,-22,No Signal
2024-08-20 18:30:00+01:00,1,29,-28,No Signal
2024-08-20 19:30:00+01:00,2,26,-24,No Signal
2024-08-20 20:30:00+01:00,4,24,-20,No Signal
2024-08-21 14:30:00+01:00,4,27,-23,No Signal
2024-08-21 15:30:00+01:00,6,24,-18,No Signal
2024-08-21 16:30:00+01:00,5,24,-19,No Signal
2024-08-21 17:30:00+01:00,7,23,-16,No Signal
2024-08-21 18:30:00+01:00,4,25,-21,No Signal
2024-08-21 19:30:00+01:00,5,14,-9,No Signal
2024-08-21 20:30:00+01:00,5,14,-9,No Signal
2024-08-22 14:30:00+01:00,9,22,-13,No Signal
2024-08-22 15:30:00+01:00,11,11,0,No Signal
2024-08-22 16:30:00+01:00,8,16,-8,No Signal
2024-08-22 17:30:00+01:00,12,10,2,No Signal
2024-08-22 18:30:00+01:00,16,9,7,No Signal
2024-08-22 19:30:00+01:00,21,9,12,No Signal
2024-08-22 20:30:00+01:00,19,9,10,No Signal
2024-08-23 14:30:00+01:00,9,13,-4,No Signal
2024-08-23 15:30:00+01:00,10,12,-2,No Signal
2024-08-23 16:30:00+01:00,16,10,6,No Signal
2024-08-23 17:30:00+01:00,15,10,5,No Signal
2024-08-23 18:30:00+01:00,15,8,7,No Signal
2024-08-23 19:30:00+01:00,10,9,1,No Signal
2024-08-23 20:30:00+01:00,11,9,2,No Signal
2024-08-26 14:30:00+01:00,10,17,-7,No Signal
2024-08-26 15:30:00+01:00,8,16,-8,No Signal
2024-08-26 16:30:00+01:00,7,14,-7,No Signal
2024-08-26 17:30:00+01:00,8,25,-17,No Signal
2024-08-26 18:30:00+01:00,6,16,-10,No Signal
2024-08-26 19:30:00+01:00,4,16,-12,No Signal
2024-08-26 20:30:00+01:00,5,16,-11,No Signal
2024-08-27 14:30:00+01:00,24,10,14,No Signal
2024-08-27 15:30:00+01:00,22,11,11,No Signal
2024-08-27 16:30:00+01:00,15,18,-3,No Signal
2024-08-27 17:30:00+01:00,15,17,-2,No Signal
2024-08-27 18:30:00+01:00,13,16,-3,No Signal
2024-08-27 19:30:00+01:00,19,13,6,No Signal
2024-08-27 20:30:00+01:00,16,15,1,No Signal
2024-08-28 14:30:00+01:00,17,10,7,No Signal
2024-08-28 15:30:00+01:00,27,5,22,Short
2024-08-28 16:30:00+01:00,29,3,26,No Signal
2024-08-28 17:30:00+01:00,25,2,23,No Signal
2024-08-28 18:30:00+01:00,26,2,24,No Signal
2024-08-28 19:30:00+01:00,17,4,13,No Signal
2024-08-28 20:30:00+01:00,20,3,17,No Signal
2024-08-29 14:30:00+01:00,7,6,1,No Signal
2024-08-29 15:30:00+01:00,6,7,-1,No Signal
2024-08-29 16:30:00+01:00,8,10,-2,No Signal
2024-08-29 17:30:00+01:00,9,8,1,No Signal
2024-08-29 18:30:00+01:00,9,5,4,No Signal
2024-08-29 19:30:00+01:00,11,3,8,No Signal
2024-08-29 20:30:00+01:00,12,2,10,No Signal
2024-08-30 14:30:00+01:00,7,5,2,No Signal
2024-08-30 15:30:00+01:00,6,7,-1,No Signal
2024-08-30 16:30:00+01:00,10,6,4,No Signal
2024-08-30 17:30:00+01:00,9,6,3,No Signal
2024-08-30 18:30:00+01:00,6,11,-5,No Signal
2024-08-30 19:30:00+01:00,7,11,-4,No Signal
2024-08-30 20:30:00+01:00,5,14,-9,No Signal
2024-09-03 14:30:00+01:00,13,4,9,No Signal
2024-09-03 15:30:00+01:00,19,9,10,No Signal
2024-09-03 16:30:00+01:00,29,8,21,No Signal
2024-09-03 17:30:00+01:00,30,9,21,No Signal
2024-09-03 18:30:00+01:00,32,8,24,No Signal
2024-09-03 19:30:00+01:00,31,7,24,No Signal
2024-09-03 20:30:00+01:00,32,6,26,No Signal
2024-09-04 14:30:00+01:00,42,7,35,No Signal
2024-09-04 15:30:00+01:00,33,10,23,No Signal
2024-09-04 16:30:00+01:00,31,8,23,No Signal
2024-09-04 17:30:00+01:00,35,7,28,No Signal
2024-09-04 18:30:00+01:00,35,7,28,No Signal
2024-09-04 19:30:00+01:00,46,7,39,No Signal
2024-09-04 20:30:00+01:00,49,8,41,No Signal
2024-09-05 14:30:00+01:00,41,4,37,No Signal
2024-09-05 15:30:00+01:00,56,1,55,No Signal
2024-09-05 16:30:00+01:00,38,1,37,No Signal
2024-09-05 17:30:00+01:00,39,1,38,No Signal
2024-09-05 18:30:00+01:00,15,2,13,No Signal
2024-09-05 19:30:00+01:00,19,2,17,No Signal
2024-09-05 20:30:00+01:00,16,4,12,No Signal
2024-09-06 14:30:00+01:00,31,0,31,No Signal
2024-09-06 15:30:00+01:00,43,0,43,No Signal
2024-09-06 16:30:00+01:00,49,0,49,No Signal
2024-09-06 17:30:00+01:00,39,0,39,No Signal
2024-09-06 18:30:00+01:00,39,0,39,No Signal
2024-09-06 19:30:00+01:00,28,0,28,No Signal
2024-09-06 20:30:00+01:00,34,1,33,No Signal
2024-09-09 14:30:00+01:00,18,5,13,No Signal
2024-09-09 15:30:00+01:00,10,7,3,No Signal
2024-09-09 16:30:00+01:00,9,10,-1,No Signal
2024-09-09 17:30:00+01:00,7,10,-3,No Signal
2024-09-09 18:30:00+01:00,16,5,11,No Signal
2024-09-09 19:30:00+01:00,11,6,5,No Signal
2024-09-09 20:30:00+01:00,12,5,7,No Signal
2024-09-10 14:30:00+01:00,9,11,-2,No Signal
2024-09-10 15:30:00+01:00,3,22,-19,No Signal
2024-09-10 16:30:00+01:00,4,12,-8,No Signal
2024-09-10 17:30:00+01:00,6,15,-9,No Signal
2024-09-10 18:30:00+01:00,3,17,-14,No Signal
2024-09-10 19:30:00+01:00,4,19,-15,No Signal
2024-09-10 20:30:00+01:00,1,21,-20,Long
2024-09-11 14:30:00+01:00,13,10,3,No Signal
2024-09-11 15:30:00+01:00,9,11,-2,No Signal
2024-09-11 16:30:00+01:00,8,12,-4,No Signal
2024-09-11 17:30:00+01:00,4,12,-8,No Signal
2024-09-11 18:30:00+01:00,3,18,-15,No Signal
2024-09-11 19:30:00+01:00,2,20,-18,No Signal
2024-09-11 20:30:00+01:00,2,22,-20,No Signal
2024-09-12 14:30:00+01:00,3,25,-22,No Signal
2024-09-12 15:30:00+01:00,5,24,-19,No Signal
2024-09-12 16:30:00+01:00,4,34,-30,No Signal
2024-09-12 17:30:00+01:00,4,33,-29,No Signal
2024-09-12 18:30:00+01:00,1,33,-32,No Signal
2024-09-12 19:30:00+01:00,2,27,-25,No Signal
2024-09-12 20:30:00+01:00,2,28,-26,No Signal
2024-09-13 14:30:00+01:00,2,69,-67,No Signal
2024-09-13 15:30:00+01:00,2,66,-64,No Signal
2024-09-13 16:30:00+01:00,3,54,-51,No Signal
2024-09-13 17:30:00+01:00,3,53,-50,No Signal
2024-09-13 18:30:00+01:00,3,37,-34,No Signal
2024-09-13 19:30:00+01:00,3,33,-30,No Signal
2024-09-13 20:30:00+01:00,5,31,-26,No Signal
2024-09-16 14:30:00+01:00,4,31,-27,No Signal
2024-09-16 15:30:00+01:00,3,26,-23,No Signal
2024-09-16 16:30:00+01:00,7,25,-18,No Signal
2024-09-16 17:30:00+01:00,7,19,-12,No Signal
2024-09-16 18:30:00+01:00,6,20,-14,No Signal
2024-09-16 19:30:00+01:00,7,18,-11,No Signal
2024-09-16 20:30:00+01:00,5,17,-12,No Signal
2024-09-17 14:30:00+01:00,7,32,-25,No Signal
2024-09-17 15:30:00+01:00,10,26,-16,No Signal
2024-09-17 16:30:00+01:00,13,18,-5,No Signal
2024-09-17 17:30:00+01:00,13,12,1,No Signal
2024-09-17 18:30:00+01:00,15,20,-5,No Signal
2024-09-17 19:30:00+01:00,15,15,0,No Signal
2024-09-17 20:30:00+01:00,14,17,-3,No Signal
2024-09-18 14:30:00+01:00,11,16,-5,No Signal
2024-09-18 15:30:00+01:00,15,16,-1,No Signal
2024-09-18 16:30:00+01:00,12,16,-4,No Signal
2024-09-18 17:30:00+01:00,12,17,-5,No Signal
2024-09-18 18:30:00+01:00,14,21,-7,No Signal
2024-09-18 19:30:00+01:00,11,19,-8,No Signal
2024-09-18 20:30:00+01:00,15,5,10,No Signal
2024-09-19 14:30:00+01:00,4,10,-6,No Signal
2024-09-19 15:30:00+01:00,6,14,-8,No Signal
2024-09-19 16:30:00+01:00,5,21,-16,No Signal
2024-09-19 17:30:00+01:00,4,26,-22,No Signal
2024-09-19 18:30:00+01:00,4,27,-23,No Signal
2024-09-19 19:30:00+01:00,5,16,-11,No Signal
2024-09-19 20:30:00+01:00,4,16,-12,No Signal
2024-09-20 14:30:00+01:00,4,12,-8,No Signal
2024-09-20 15:30:00+01:00,4,9,-5,No Signal
2024-09-20 16:30:00+01:00,5,11,-6,No Signal
2024-09-20 17:30:00+01:00,4,11,-7,No Signal
2024-09-20 18:30:00+01:00,8,8,0,No Signal
2024-09-20 19:30:00+01:00,7,9,-2,No Signal
2024-09-20 20:30:00+01:00,4,20,-16,No Signal
2024-09-23 14:30:00+01:00,18,9,9,No Signal
2024-09-23 15:30:00+01:00,17,13,4,No Signal
2024-09-23 16:30:00+01:00,22,10,12,No Signal
2024-09-23 17:30:00+01:00,22,8,14,No Signal
2024-09-23 18:30:00+01:00,18,8,10,No Signal
2024-09-23 19:30:00+01:00,17,12,5,No Signal
2024-09-23 20:30:00+01:00,17,13,4,No Signal
2024-09-24 14:30:00+01:00,8,15,-7,No Signal
2024-09-24 15:30:00+01:00,4,31,-27,No Signal
2024-09-24 16:30:00+01:00,6,29,-23,No Signal
2024-09-24 17:30:00+01:00,6,32,-26,No Signal
2024-09-24 18:30:00+01:00,5,31,-26,No Signal
2024-09-24 19:30:00+01:00,8,29,-21,No Signal
2024-09-24 20:30:00+01:00,7,25,-18,No Signal
2024-09-25 14:30:00+01:00,9,22,-13,No Signal
2024-09-25 15:30:00+01:00,14,20,-6,No Signal
2024-09-25 16:30:00+01:00,15,23,-8,No Signal
2024-09-25 17:30:00+01:00,15,19,-4,No Signal
2024-09-25 18:30:00+01:00,14,20,-6,No Signal
2024-09-25 19:30:00+01:00,16,22,-6,No Signal
2024-09-25 20:30:00+01:00,15,19,-4,No Signal
2024-09-26 14:30:00+01:00,9,25,-16,No Signal
2024-09-26 15:30:00+01:00,14,15,-1,No Signal
2024-09-26 16:30:00+01:00,13,16,-3,No Signal
2024-09-26 17:30:00+01:00,14,16,-2,No Signal
2024-09-26 18:30:00+01:00,11,24,-13,No Signal
2024-09-26 19:30:00+01:00,11,24,-13,No Signal
2024-09-26 20:30:00+01:00,9,25,-16,No Signal
2024-09-27 14:30:00+01:00,4,28,-24,No Signal
2024-09-27 15:30:00+01:00,7,29,-22,No Signal
2024-09-27 16:30:00+01:00,10,26,-16,No Signal
2024-09-27 17:30:00+01:00,7,29,-22,No Signal
2024-09-27 18:30:00+01:00,6,23,-17,No Signal
2024-09-27 19:30:00+01:00,6,25,-19,No Signal
2024-09-27 20:30:00+01:00,8,23,-15,No Signal
